Age,CreditScore,Balance,EstimatedSalary,Gender_Female,Gender_Male,Geography_France,Geography_Germany,Geography_Spain,Tenure,HasCrCard,IsActiveMember,NumOfProducts
-0.07660191732980101,-0.1772951344003911,1.168979414309462,-0.7619711697584073,0.0,1.0,0.0,1.0,0.0,2.0,1.0,1.0,1.0
-0.8509803066577912,-1.0050315629729754,-1.2170740485175422,-1.03569544048356,1.0,0.0,1.0,0.0,0.0,9.0,1.0,1.0,2.0
-1.4317640986537838,0.16414614238579986,-1.2170740485175422,1.3998294132427096,0.0,1.0,1.0,0.0,0.0,4.0,0.0,0.0,2.0
-0.27019651466179856,0.25726649060021556,0.2572097623345396,-0.07767510509997717,1.0,0.0,1.0,0.0,0.0,3.0,1.0,1.0,1.0
-0.6573857093257937,1.395404079887519,0.7192245512371813,-0.3523587333466002,0.0,1.0,1.0,0.0,0.0,2.0,0.0,0.0,2.0
-0.5605884106597949,0.5883610620292492,-1.2170740485175422,-1.4718590313059852,1.0,0.0,1.0,0.0,0.0,8.0,0.0,1.0,2.0
-1.0445749039897887,0.784948463815238,0.5672391512519174,0.027398984068870154,1.0,0.0,1.0,0.0,0.0,2.0,1.0,0.0,1.0
-0.94777760532379,-0.787750750472672,0.7412636752418813,-0.8608963251704227,0.0,1.0,1.0,0.0,0.0,4.0,1.0,1.0,2.0
0.8913710693301867,-0.33249571475775064,-1.2170740485175422,-1.4223146081396234,1.0,0.0,1.0,0.0,0.0,4.0,0.0,0.0,1.0
-0.36699381332779735,1.302283731673103,0.7588546256482295,-0.4120803481346505,0.0,1.0,0.0,1.0,0.0,7.0,1.0,1.0,1.0
-0.8509803066577912,-0.18764183975754842,-1.2170740485175422,-1.0126988665976426,1.0,0.0,1.0,0.0,0.0,6.0,0.0,0.0,2.0
-0.1733992159957998,-2.091435625474492,-1.2170740485175422,-0.30758952746435064,1.0,0.0,1.0,0.0,0.0,6.0,1.0,0.0,2.0
-1.6253586959857813,2.057593222745586,-1.2170740485175422,-1.5686177608662526,0.0,1.0,0.0,0.0,1.0,2.0,1.0,1.0,2.0
2.6337224453181647,-0.44630947368648094,0.7752137320921558,-0.5931926099879865,0.0,1.0,0.0,0.0,1.0,8.0,1.0,1.0,1.0
-0.36699381332779735,-1.781034464759773,1.0128628440266292,-0.9151192470747608,0.0,1.0,0.0,1.0,0.0,4.0,1.0,1.0,1.0
-0.27019651466179856,0.9298023388154402,-1.2170740485175422,-0.17489116030375232,1.0,0.0,1.0,0.0,0.0,3.0,1.0,1.0,2.0
-0.1733992159957998,0.7332149370294515,-1.2170740485175422,-1.1817882825586106,0.0,1.0,0.0,0.0,1.0,9.0,1.0,0.0,2.0
-0.4637911119937961,1.395404079887519,0.9910494160839463,1.4581433904852048,0.0,1.0,1.0,0.0,0.0,3.0,0.0,0.0,1.0
-0.7541830079917924,-1.1188453219017056,1.0064170030759327,-0.6612862934602282,1.0,0.0,1.0,0.0,0.0,4.0,0.0,0.0,1.0
1.2785602639941818,-1.2119656701161212,-1.2170740485175422,0.0726557836288499,0.0,1.0,1.0,0.0,0.0,1.0,1.0,1.0,3.0
-0.27019651466179856,-0.1462550183289192,1.125896222299983,-0.05562936497876601,1.0,0.0,0.0,1.0,0.0,10.0,1.0,1.0,2.0
-0.5605884106597949,0.6504412941721931,0.7443788917560104,1.0899358853472643,0.0,1.0,0.0,0.0,1.0,8.0,0.0,0.0,1.0
-1.2381695013217864,0.4124670709575751,0.9791735272138136,0.9283816443196641,0.0,1.0,1.0,0.0,0.0,9.0,1.0,0.0,1.0
-0.6573857093257937,-0.24972207190049223,-1.2170740485175422,0.05964766103628076,0.0,1.0,1.0,0.0,0.0,10.0,1.0,0.0,2.0
1.2785602639941818,1.9644728745311704,-1.2170740485175422,1.4504480037155225,1.0,0.0,1.0,0.0,0.0,5.0,0.0,0.0,1.0
-0.27019651466179856,-1.7913811701169302,0.26768614271754704,-0.955808704643132,1.0,0.0,0.0,0.0,1.0,3.0,1.0,0.0,2.0
0.2137899786681953,-0.0014011433287169732,0.9278839363681564,0.8949038068360781,1.0,0.0,0.0,1.0,0.0,4.0,0.0,1.0,1.0
-0.4637911119937961,-1.4913267147593685,-1.2170740485175422,-0.6813840942295948,1.0,0.0,0.0,0.0,1.0,4.0,1.0,1.0,2.0
0.40738457600019284,-0.787750750472672,-1.2170740485175422,-0.2829222972527396,0.0,1.0,0.0,0.0,1.0,3.0,1.0,0.0,1.0
0.31058727733419406,-0.48769629511511015,1.4519177204322373,-0.027233426068566827,1.0,0.0,0.0,1.0,0.0,10.0,1.0,0.0,1.0
-0.27019651466179856,-0.787750750472672,-1.2170740485175422,-0.7652197648107111,0.0,1.0,1.0,0.0,0.0,7.0,1.0,1.0,1.0
3.6016954319781522,1.333323847744575,0.7330730301194345,-0.6086025184915145,0.0,1.0,1.0,0.0,0.0,10.0,0.0,1.0,1.0
-0.1733992159957998,-0.7463639290440427,1.2297811939569439,0.35417859597594825,0.0,1.0,0.0,0.0,1.0,5.0,0.0,0.0,2.0
1.0849656666621843,-0.6946304022582562,-1.2170740485175422,0.9168963169660705,1.0,0.0,0.0,0.0,1.0,1.0,0.0,1.0,1.0
0.2137899786681953,-0.2186819558290203,0.5111970829294191,-0.9341658424946724,0.0,1.0,0.0,0.0,1.0,7.0,0.0,1.0,1.0
-0.5605884106597949,-1.925888339759975,-1.2170740485175422,1.3535353246708484,0.0,1.0,1.0,0.0,0.0,8.0,1.0,0.0,2.0
0.31058727733419406,0.8263352852438672,0.40722434058167367,1.6058901892808604,0.0,1.0,0.0,0.0,1.0,9.0,1.0,1.0,1.0
0.6009791733321904,0.3917736602432605,-0.28818010971749425,1.7037999739126726,1.0,0.0,0.0,0.0,1.0,0.0,1.0,0.0,1.0
-1.0445749039897887,1.8920459370310694,-1.2170740485175422,-0.44482114158950237,1.0,0.0,1.0,0.0,0.0,6.0,1.0,0.0,1.0
0.8913710693301867,-0.2807621879719641,0.7503458519597337,-1.2148719397804286,1.0,0.0,0.0,1.0,0.0,3.0,0.0,0.0,2.0
0.9881683679961855,-0.37388253618637984,-1.2170740485175422,-0.8695338479938279,0.0,1.0,1.0,0.0,0.0,3.0,1.0,1.0,2.0
-0.27019651466179856,-0.6739369915439416,0.4499371595663039,1.6388900005687983,1.0,0.0,0.0,1.0,0.0,5.0,1.0,0.0,1.0
-0.36699381332779735,-0.0014011433287169732,1.7057536124726858,-1.0947812525987233,0.0,1.0,1.0,0.0,0.0,0.0,0.0,1.0,2.0
-0.07660191732980101,-0.6946304022582562,0.46413913249440925,1.3363168141454302,0.0,1.0,1.0,0.0,0.0,9.0,1.0,0.0,1.0
0.020195381336197752,1.6230315977449794,0.7797401920026177,1.2452281223752477,0.0,1.0,0.0,1.0,0.0,3.0,0.0,1.0,1.0
0.7945737706641879,2.057593222745586,0.9900834562287731,-0.9655663186869808,1.0,0.0,1.0,0.0,0.0,9.0,1.0,0.0,1.0
-1.1413722026557875,0.9091089281011256,0.37318940657987115,0.12370386707002338,1.0,0.0,0.0,0.0,1.0,8.0,1.0,1.0,1.0
0.2137899786681953,0.050332383457069536,-1.2170740485175422,1.0283317379939645,0.0,1.0,1.0,0.0,0.0,2.0,1.0,0.0,2.0
0.8913710693301867,-0.5187364111865821,1.4133261051099593,-1.0096685840910224,0.0,1.0,0.0,1.0,0.0,9.0,0.0,1.0,1.0
1.181762965328183,1.405750785244676,-0.2825078082614049,0.7424299760751583,0.0,1.0,1.0,0.0,0.0,0.0,0.0,1.0,1.0
0.020195381336197752,-1.1395387326160202,0.5487052285522684,-1.297167245746383,1.0,0.0,1.0,0.0,0.0,6.0,1.0,0.0,1.0
-0.94777760532379,0.3193467227431594,0.40672825935134177,-1.1701691844100923,1.0,0.0,0.0,1.0,0.0,6.0,0.0,0.0,1.0
0.9881683679961855,-0.45665617904363826,0.7113137756617233,0.05583110545676036,1.0,0.0,1.0,0.0,0.0,9.0,1.0,0.0,2.0
-1.5285613973197827,0.4538538923862043,-1.2170740485175422,0.7288269300513242,1.0,0.0,1.0,0.0,0.0,1.0,1.0,1.0,2.0
-0.07660191732980101,1.9023926423882267,0.1786421339078648,1.3228745018205694,0.0,1.0,0.0,0.0,1.0,7.0,0.0,0.0,1.0
0.2137899786681953,-1.925888339759975,0.6672815027760676,1.190234061415121,0.0,1.0,1.0,0.0,0.0,9.0,1.0,0.0,1.0
0.020195381336197752,-2.319063143331953,-1.2170740485175422,-1.243604306151466,1.0,0.0,0.0,0.0,1.0,9.0,1.0,0.0,2.0
1.0849656666621843,-0.7256705183297281,-1.2170740485175422,-0.3332435999641393,1.0,0.0,0.0,0.0,1.0,4.0,1.0,1.0,2.0
-0.07660191732980101,-1.2223123754732785,0.9577314368090656,0.9236558300339376,0.0,1.0,0.0,0.0,1.0,1.0,0.0,1.0,2.0
-0.6573857093257937,-1.7913811701169302,-0.07272364012050354,0.18673861392587426,1.0,0.0,1.0,0.0,0.0,6.0,1.0,1.0,1.0
1.0849656666621843,0.7746017584580807,0.30210398841431074,-1.6487344641850825,0.0,1.0,0.0,1.0,0.0,9.0,0.0,1.0,1.0
-1.1413722026557875,1.3436705531017323,-1.2170740485175422,-0.46774187143564466,1.0,0.0,1.0,0.0,0.0,5.0,0.0,0.0,2.0
1.2785602639941818,0.6194011781007212,-1.2170740485175422,1.0428600465122142,0.0,1.0,1.0,0.0,0.0,5.0,1.0,1.0,1.0
-0.5605884106597949,0.8677221066724964,-1.2170740485175422,0.8630912330973756,1.0,0.0,1.0,0.0,0.0,4.0,1.0,0.0,2.0
-0.27019651466179856,0.5987077673864065,-1.2170740485175422,-0.5250310843700741,1.0,0.0,1.0,0.0,0.0,8.0,1.0,1.0,2.0
1.7625467573241755,0.5780143566720919,0.26269800254347087,1.1168860907378009,1.0,0.0,1.0,0.0,0.0,1.0,1.0,1.0,1.0
-0.07660191732980101,-1.7913811701169302,1.5464789048434167,-0.8356381724745987,1.0,0.0,1.0,0.0,0.0,4.0,1.0,0.0,1.0
0.5041818746661916,0.42281377631473244,-1.2170740485175422,1.0299947403339926,1.0,0.0,0.0,0.0,1.0,8.0,0.0,1.0,1.0
-0.27019651466179856,0.029638972742754933,-1.2170740485175422,0.9981381561777141,1.0,0.0,0.0,0.0,1.0,5.0,0.0,0.0,2.0
-0.07660191732980101,0.3503868388146313,-1.2170740485175422,-1.112850921120978,0.0,1.0,0.0,0.0,1.0,4.0,1.0,1.0,2.0
0.7945737706641879,-1.098151911187391,0.4835633007720162,-0.5571491217185139,0.0,1.0,1.0,0.0,0.0,8.0,0.0,1.0,1.0
-0.94777760532379,-0.16694842904323381,0.47734990747493616,0.8696875771071942,0.0,1.0,1.0,0.0,0.0,7.0,1.0,1.0,1.0
0.11699268000219652,-0.2186819558290203,0.6899785854572902,-0.692794099406072,1.0,0.0,1.0,0.0,0.0,0.0,0.0,1.0,1.0
-0.1733992159957998,1.333323847744575,0.3132265925646329,0.46013846003134606,1.0,0.0,0.0,1.0,0.0,10.0,1.0,0.0,1.0
0.5041818746661916,-1.067111795115919,-1.2170740485175422,-1.4415398545431342,0.0,1.0,0.0,0.0,1.0,8.0,1.0,0.0,1.0
0.31058727733419406,0.5780143566720919,-1.2170740485175422,0.9234481286956542,1.0,0.0,1.0,0.0,0.0,10.0,1.0,1.0,2.0
0.6977764719981892,-1.2636991969019078,-1.2170740485175422,0.4636445073287589,0.0,1.0,1.0,0.0,0.0,8.0,0.0,0.0,1.0
0.020195381336197752,-0.6946304022582562,0.5944051445628312,0.48517429923443406,1.0,0.0,1.0,0.0,0.0,2.0,1.0,1.0,1.0
-0.07660191732980101,0.7435616423866088,-1.2170740485175422,-0.09468487056179344,0.0,1.0,0.0,0.0,1.0,6.0,1.0,1.0,2.0
1.568952159992178,-1.5741003576166268,0.8215473331999213,0.40724454836527324,1.0,0.0,0.0,1.0,0.0,4.0,1.0,0.0,2.0
-0.1733992159957998,1.923086053102541,0.2940223332705303,0.7108527623956669,0.0,1.0,0.0,1.0,0.0,6.0,1.0,0.0,2.0
-0.1733992159957998,-0.22902866118617762,0.3831536305144543,-1.2998162206034904,1.0,0.0,1.0,0.0,0.0,10.0,0.0,1.0,3.0
0.6009791733321904,0.8056418745295526,0.24723460725165383,-0.4996934345958619,1.0,0.0,0.0,0.0,1.0,7.0,1.0,0.0,2.0
0.40738457600019284,0.029638972742754933,0.14406562580852905,-0.30924435395605415,0.0,1.0,0.0,1.0,0.0,9.0,0.0,1.0,2.0
-1.5285613973197827,1.095349624529957,0.07977745286116501,-0.10205965970462735,0.0,1.0,1.0,0.0,0.0,2.0,1.0,0.0,2.0
-0.7541830079917924,0.6090544727435638,-1.2170740485175422,-1.5707537447295588,1.0,0.0,0.0,0.0,1.0,5.0,1.0,0.0,2.0
-0.7541830079917924,0.6297478834578785,-1.2170740485175422,1.225936947322483,1.0,0.0,1.0,0.0,0.0,7.0,1.0,0.0,2.0
-1.334966799987785,-1.0774585004730763,0.3605730931644019,-0.8271330288123611,0.0,1.0,0.0,1.0,0.0,4.0,1.0,1.0,2.0
-0.27019651466179856,-0.0014011433287169732,-1.2170740485175422,-0.14275137867785417,1.0,0.0,0.0,0.0,1.0,8.0,1.0,0.0,2.0
-0.8509803066577912,0.10206591024285605,-1.2170740485175422,-0.48119427310524604,1.0,0.0,1.0,0.0,0.0,7.0,1.0,0.0,2.0
-0.7541830079917924,1.1574298566729009,1.0972156219404017,0.7028493027029522,0.0,1.0,0.0,1.0,0.0,7.0,1.0,1.0,2.0
-0.4637911119937961,-0.6428968754724697,-1.2170740485175422,1.3575079171854119,0.0,1.0,1.0,0.0,0.0,6.0,1.0,1.0,2.0
-0.7541830079917924,-1.274045902259065,0.7274259667557501,-1.6428128885933568,0.0,1.0,1.0,0.0,0.0,9.0,1.0,0.0,1.0
-0.6573857093257937,-1.5947937683309414,-1.2170740485175422,-0.5652515613622198,0.0,1.0,1.0,0.0,0.0,8.0,1.0,0.0,2.0
0.020195381336197752,-1.5741003576166268,-1.2170740485175422,-0.3209401659154463,0.0,1.0,0.0,0.0,1.0,6.0,1.0,1.0,2.0
0.020195381336197752,0.9298023388154402,1.0919313762490632,1.2936795911794343,0.0,1.0,0.0,0.0,1.0,7.0,0.0,1.0,2.0
-0.5605884106597949,-0.07382808082881809,1.053309057260229,-0.07281099720961454,0.0,1.0,1.0,0.0,0.0,9.0,1.0,0.0,1.0
-0.1733992159957998,1.5609513656020357,0.6407262070004849,0.3465898431429226,0.0,1.0,0.0,1.0,0.0,9.0,0.0,1.0,1.0
0.2137899786681953,-0.5808166433295259,-1.2170740485175422,-1.6332840243483717,0.0,1.0,1.0,0.0,0.0,9.0,1.0,0.0,2.0
-0.07660191732980101,0.6814814102436649,-1.2170740485175422,1.0214828124571877,0.0,1.0,1.0,0.0,0.0,7.0,1.0,1.0,2.0
-0.36699381332779735,1.4471376066733053,0.8699486896109144,1.4274608233574673,0.0,1.0,0.0,1.0,0.0,5.0,1.0,1.0,1.0
-1.0445749039897887,-1.40855307190211,-1.2170740485175422,-0.09944860686740743,1.0,0.0,1.0,0.0,0.0,9.0,0.0,0.0,2.0
-2.0125478906497762,-0.8394842772584584,0.11343027892891051,-0.48788577007322326,1.0,0.0,1.0,0.0,0.0,4.0,1.0,0.0,1.0
-0.5605884106597949,-1.305086018330537,0.5967466608301724,1.3102208979276841,0.0,1.0,1.0,0.0,0.0,1.0,0.0,1.0,1.0
-1.0445749039897887,0.4124670709575751,-1.2170740485175422,-0.12165107974053957,0.0,1.0,1.0,0.0,0.0,1.0,0.0,0.0,2.0
-1.2381695013217864,-2.2155960897603797,0.7267979079848796,-0.36537555365015245,1.0,0.0,1.0,0.0,0.0,1.0,0.0,1.0,1.0
0.6009791733321904,0.5987077673864065,0.7588549471525914,-1.7368826338259933,0.0,1.0,0.0,1.0,0.0,4.0,1.0,1.0,1.0
-1.6253586959857813,0.6814814102436649,0.4074915107063695,-0.26369948620830413,1.0,0.0,0.0,0.0,1.0,6.0,0.0,1.0,1.0
-0.1733992159957998,2.057593222745586,2.203381921793805,-0.5303135521587385,1.0,0.0,1.0,0.0,0.0,3.0,0.0,1.0,1.0
-0.8509803066577912,-0.8394842772584584,0.8953150622563822,-0.9029309707194881,0.0,1.0,1.0,0.0,0.0,2.0,1.0,1.0,1.0
-0.7541830079917924,-0.6015100540438405,0.5948174739069015,1.339624901540861,0.0,1.0,0.0,0.0,1.0,8.0,1.0,1.0,1.0
2.5369251466521656,0.19518625845727178,-1.2170740485175422,1.3533114455901356,1.0,0.0,0.0,0.0,1.0,1.0,1.0,1.0,1.0
0.7945737706641879,0.29865331202884476,-1.2170740485175422,1.3913665404558513,1.0,0.0,1.0,0.0,0.0,5.0,1.0,1.0,2.0
-0.07660191732980101,0.888415517386811,1.1344537038992988,1.7161889934374426,0.0,1.0,0.0,0.0,1.0,6.0,1.0,0.0,2.0
0.9881683679961855,-0.9429513308300315,-1.2170740485175422,0.003764520059429459,0.0,1.0,1.0,0.0,0.0,4.0,1.0,1.0,1.0
-0.07660191732980101,-0.6739369915439416,-1.2170740485175422,-0.22075192891441986,1.0,0.0,1.0,0.0,0.0,2.0,1.0,0.0,2.0
-1.2381695013217864,-1.1084986165445483,-1.2170740485175422,0.005944166431871916,1.0,0.0,1.0,0.0,0.0,6.0,1.0,0.0,1.0
-0.5605884106597949,-0.30145559868627875,0.34103446933397674,-0.8924707555823994,0.0,1.0,0.0,1.0,0.0,3.0,1.0,0.0,2.0
-1.6253586959857813,-1.2636991969019078,-1.2170740485175422,0.8925789086902121,0.0,1.0,1.0,0.0,0.0,5.0,1.0,0.0,1.0
-0.5605884106597949,0.24691978524305827,-1.2170740485175422,-0.9482350858272174,0.0,1.0,0.0,0.0,1.0,3.0,1.0,0.0,2.0
-1.5285613973197827,-0.0014011433287169732,0.6418006745777818,-0.512431406285286,0.0,1.0,0.0,0.0,1.0,4.0,1.0,0.0,2.0
0.11699268000219652,-1.8120745808312448,-1.2170740485175422,-1.341591326456811,0.0,1.0,1.0,0.0,0.0,6.0,1.0,1.0,1.0
0.5041818746661916,1.6540717138164513,-1.2170740485175422,-0.37259187049886866,0.0,1.0,0.0,0.0,1.0,3.0,0.0,1.0,2.0
-0.07660191732980101,0.8159885798867099,0.6937286123338886,1.1038927542539037,0.0,1.0,0.0,0.0,1.0,5.0,1.0,1.0,1.0
-1.9157505919837776,-0.37388253618637984,-1.2170740485175422,1.0448078119098392,0.0,1.0,0.0,0.0,1.0,5.0,1.0,0.0,2.0
-1.4317640986537838,-1.8017278754740875,0.3209324091094127,1.0931458625628019,1.0,0.0,0.0,1.0,0.0,2.0,0.0,0.0,2.0
-0.94777760532379,1.5092178388162492,-1.2170740485175422,0.5760789474402076,1.0,0.0,1.0,0.0,0.0,1.0,1.0,1.0,2.0
0.40738457600019284,-0.9429513308300315,0.31232927389071447,0.4057090544682619,1.0,0.0,0.0,0.0,1.0,4.0,1.0,0.0,2.0
2.2465332506541693,2.057593222745586,0.7871576191348196,-0.503470328613298,1.0,0.0,1.0,0.0,0.0,1.0,1.0,0.0,1.0
-0.27019651466179856,2.057593222745586,0.9849130230815293,-0.014595478055451864,1.0,0.0,0.0,1.0,0.0,0.0,1.0,1.0,2.0
-0.94777760532379,-0.33249571475775064,-1.2170740485175422,1.6430221091027972,0.0,1.0,1.0,0.0,0.0,5.0,1.0,0.0,2.0
-0.7541830079917924,2.057593222745586,0.8741440000286727,-1.6593924652699337,1.0,0.0,0.0,1.0,0.0,1.0,1.0,1.0,2.0
1.8593440559901744,1.7161519459593952,0.6207668947125813,-0.9920188410550467,0.0,1.0,0.0,1.0,0.0,3.0,1.0,1.0,2.0
-0.27019651466179856,2.057593222745586,1.2774872971854396,1.2099707332244563,1.0,0.0,0.0,0.0,1.0,2.0,0.0,0.0,2.0
0.020195381336197752,1.6954585352450806,-1.2170740485175422,-0.25555286219280243,1.0,0.0,0.0,0.0,1.0,6.0,1.0,1.0,1.0
-0.1733992159957998,0.2883066066716875,-0.023327870718313923,1.648377811617942,0.0,1.0,1.0,0.0,0.0,7.0,1.0,0.0,1.0
-1.4317640986537838,0.5676676513149347,1.0507947323983944,-1.3125858519608944,0.0,1.0,0.0,0.0,1.0,2.0,1.0,1.0,1.0
-0.4637911119937961,-1.9672751611886043,-0.193662489147345,1.1815942771868597,1.0,0.0,0.0,1.0,0.0,5.0,0.0,1.0,1.0
-1.6253586959857813,0.3607335441717886,-1.2170740485175422,1.0283435668809022,0.0,1.0,0.0,0.0,1.0,5.0,1.0,0.0,2.0
-0.36699381332779735,-0.9946848576158179,-1.2170740485175422,0.03145629228841155,1.0,0.0,0.0,0.0,1.0,1.0,1.0,0.0,2.0
-0.27019651466179856,-1.2223123754732785,0.15433013481707833,0.9893336373034276,0.0,1.0,1.0,0.0,0.0,7.0,0.0,1.0,1.0
-0.27019651466179856,2.057593222745586,-1.2170740485175422,-1.0271264556227042,0.0,1.0,1.0,0.0,0.0,7.0,1.0,1.0,1.0
-1.1413722026557875,0.34004013345747397,0.9467126785676205,-0.48938473358410417,0.0,1.0,1.0,0.0,0.0,2.0,1.0,1.0,1.0
1.0849656666621843,-1.3154327236876944,-1.2170740485175422,-1.1832035740898312,0.0,1.0,1.0,0.0,0.0,4.0,1.0,1.0,2.0
-1.1413722026557875,-0.26006877725764954,0.6329348702954535,-1.2690179739196732,0.0,1.0,0.0,1.0,0.0,4.0,0.0,1.0,2.0
0.31058727733419406,0.20553296381442906,-1.2170740485175422,1.6933362796911906,1.0,0.0,1.0,0.0,0.0,6.0,1.0,0.0,2.0
-0.5605884106597949,1.8920459370310694,-1.2170740485175422,-0.5840253965656916,0.0,1.0,0.0,0.0,1.0,5.0,1.0,0.0,2.0
0.40738457600019284,0.6297478834578785,1.0615839365254798,-0.1557487161088037,0.0,1.0,0.0,1.0,0.0,1.0,0.0,1.0,2.0
-0.1733992159957998,-0.24972207190049223,1.1517953276730335,0.5770630064608703,1.0,0.0,0.0,1.0,0.0,7.0,1.0,1.0,1.0
0.020195381336197752,-0.09452149154313269,0.8447982071444277,-0.662172938117877,1.0,0.0,0.0,1.0,0.0,8.0,1.0,0.0,1.0
-0.6573857093257937,1.126389740601429,-1.2170740485175422,0.10629226736077346,1.0,0.0,1.0,0.0,0.0,7.0,1.0,1.0,2.0
-0.07660191732980101,2.057593222745586,-1.2170740485175422,-1.580263126101941,1.0,0.0,1.0,0.0,0.0,2.0,1.0,0.0,2.0
-0.8509803066577912,0.039985678099912235,0.11996581959656243,1.4681894206252637,1.0,0.0,0.0,1.0,0.0,1.0,1.0,1.0,2.0
-1.2381695013217864,-0.26006877725764954,1.171870703035564,0.08077266147278822,1.0,0.0,0.0,0.0,1.0,8.0,0.0,1.0,3.0
-0.8509803066577912,-0.35318912547206527,-1.2170740485175422,-0.12588703894368028,1.0,0.0,1.0,0.0,0.0,8.0,1.0,1.0,1.0
-1.1413722026557875,-0.5497765272580539,0.24129417115778315,0.16416909764924212,0.0,1.0,0.0,0.0,1.0,8.0,1.0,0.0,2.0
-0.5605884106597949,-0.33249571475775064,1.479278706138612,-0.6025115114898321,1.0,0.0,1.0,0.0,0.0,2.0,1.0,1.0,2.0
0.6009791733321904,-0.1772951344003911,-1.2170740485175422,0.7584337642846335,1.0,0.0,1.0,0.0,0.0,2.0,1.0,1.0,1.0
1.7625467573241755,0.919455633458283,0.6056364171874583,-0.6042658397951861,1.0,0.0,0.0,1.0,0.0,3.0,1.0,1.0,2.0
0.020195381336197752,-0.5187364111865821,-0.049247391618341796,-1.010339873424722,0.0,1.0,1.0,0.0,0.0,3.0,1.0,0.0,1.0
-0.7541830079917924,-0.9636447415443461,-1.2170740485175422,1.1630855482141624,1.0,0.0,0.0,0.0,1.0,7.0,1.0,0.0,2.0
-0.6573857093257937,0.7021748209579796,-1.2170740485175422,-0.4104349151708087,1.0,0.0,0.0,0.0,1.0,7.0,0.0,0.0,1.0
0.2137899786681953,-0.38422924154353716,0.7370047069604773,-1.7266676941386367,1.0,0.0,1.0,0.0,0.0,8.0,1.0,1.0,1.0
-1.4317640986537838,1.1677765620300582,0.3606862626997724,-1.270125540436301,0.0,1.0,1.0,0.0,0.0,7.0,1.0,0.0,1.0
-0.8509803066577912,0.09171920488569875,1.1347514169383701,-0.052373811757675325,0.0,1.0,1.0,0.0,0.0,7.0,0.0,0.0,1.0
-0.27019651466179856,1.1367364459585863,0.5228932508612788,-0.007213382835391906,0.0,1.0,0.0,1.0,0.0,8.0,0.0,0.0,2.0
-0.6573857093257937,-1.5327135361879978,0.3946736140560212,1.0100227084654463,0.0,1.0,0.0,0.0,1.0,9.0,1.0,1.0,2.0
-1.1413722026557875,1.0125759816726987,-1.2170740485175422,0.5718950005487475,1.0,0.0,1.0,0.0,0.0,9.0,1.0,0.0,2.0
-0.5605884106597949,1.1677765620300582,1.4990714791670776,0.33266689530911847,1.0,0.0,0.0,0.0,1.0,9.0,0.0,1.0,1.0
0.5041818746661916,0.8987622227439683,-1.2170740485175422,-0.9887535463976547,0.0,1.0,0.0,0.0,1.0,2.0,1.0,0.0,2.0
0.9881683679961855,-1.2947393129733797,-1.2170740485175422,0.25538181877804794,0.0,1.0,0.0,0.0,1.0,2.0,1.0,0.0,1.0
-1.1413722026557875,-0.1462550183289192,0.8556684303706992,-0.9232058568844769,0.0,1.0,1.0,0.0,0.0,9.0,1.0,0.0,1.0
0.6977764719981892,-0.653243580829627,-1.2170740485175422,-0.6597645419465707,0.0,1.0,0.0,0.0,1.0,8.0,1.0,0.0,1.0
0.2137899786681953,0.8159885798867099,1.4762535108458004,0.49382330303633737,1.0,0.0,1.0,0.0,0.0,4.0,1.0,0.0,1.0
-0.7541830079917924,-0.5911633486866832,-1.2170740485175422,-1.637597741087704,1.0,0.0,1.0,0.0,0.0,9.0,0.0,1.0,1.0
1.9561413546561732,1.7161519459593952,0.6952753698187407,0.3646235031417063,0.0,1.0,1.0,0.0,0.0,1.0,1.0,1.0,1.0
-0.6573857093257937,-0.5083897058294248,1.7522736861103234,0.2422016554622272,0.0,1.0,0.0,1.0,0.0,7.0,1.0,0.0,2.0
2.2465332506541693,0.4745473031005189,-1.2170740485175422,0.5101988314132435,0.0,1.0,0.0,0.0,1.0,7.0,1.0,0.0,1.0
0.2137899786681953,-0.1359083129717619,-1.2170740485175422,-0.97360926598756,0.0,1.0,0.0,0.0,1.0,7.0,1.0,0.0,2.0
-0.5605884106597949,1.612684892387822,0.4218421794018296,1.3619738438669533,0.0,1.0,1.0,0.0,0.0,10.0,1.0,0.0,2.0
-1.4317640986537838,0.2883066066716875,0.6307523379350463,0.6246619256344629,1.0,0.0,1.0,0.0,0.0,6.0,0.0,1.0,2.0
0.5041818746661916,-0.653243580829627,1.265096197575445,-0.8790717578582359,0.0,1.0,1.0,0.0,0.0,8.0,1.0,0.0,1.0
1.9561413546561732,1.5092178388162492,0.8617963035075275,-0.10844551910864716,0.0,1.0,0.0,0.0,1.0,4.0,1.0,1.0,1.0
-1.2381695013217864,0.3710802495289459,1.0772055119633261,0.9349527649676307,0.0,1.0,0.0,1.0,0.0,2.0,1.0,1.0,1.0
1.4721548613261792,0.54697424060062,0.9314899292906469,0.7864929278255548,1.0,0.0,0.0,1.0,0.0,6.0,1.0,0.0,3.0
-0.8509803066577912,-0.8394842772584584,1.6149537075907692,-0.048939781507205155,1.0,0.0,1.0,0.0,0.0,10.0,1.0,0.0,1.0
-0.8509803066577912,0.2883066066716875,0.5920859728486385,1.3842671208427524,1.0,0.0,1.0,0.0,0.0,1.0,1.0,1.0,1.0
0.2137899786681953,-0.10486819690028999,0.461267777038742,-1.4346784043025413,0.0,1.0,0.0,1.0,0.0,7.0,1.0,0.0,3.0
-0.94777760532379,-0.5601232326152112,0.9071751974127847,1.0128943447237289,1.0,0.0,1.0,0.0,0.0,1.0,1.0,0.0,1.0
-0.07660191732980101,-0.06348137547166079,-0.25949629431429483,1.1805326345842246,1.0,0.0,1.0,0.0,0.0,7.0,1.0,1.0,1.0
-0.6573857093257937,-1.129192027258863,0.5169873764863068,0.4426082235442823,0.0,1.0,1.0,0.0,0.0,7.0,1.0,0.0,1.0
-0.4637911119937961,-0.48769629511511015,-1.2170740485175422,-1.0658347485832742,1.0,0.0,0.0,0.0,1.0,3.0,1.0,0.0,2.0
0.8913710693301867,0.08137249952854145,0.769713917726198,-0.3024999749052982,0.0,1.0,0.0,1.0,0.0,4.0,1.0,0.0,2.0
0.40738457600019284,1.333323847744575,-1.2170740485175422,-1.4638842740595157,1.0,0.0,1.0,0.0,0.0,0.0,0.0,1.0,1.0
0.020195381336197752,-1.367166250473481,0.5987385411040033,-0.03940987353690205,0.0,1.0,1.0,0.0,0.0,2.0,1.0,0.0,2.0
0.2137899786681953,-0.5601232326152112,1.2456209101043043,-0.13513340153592415,0.0,1.0,1.0,0.0,0.0,4.0,1.0,1.0,1.0
0.9881683679961855,-0.26006877725764954,1.5444529451072297,1.5192037569478216,0.0,1.0,0.0,1.0,0.0,9.0,1.0,0.0,2.0
3.0209116399821596,2.057593222745586,-1.2170740485175422,-1.7248171691498064,1.0,0.0,0.0,0.0,1.0,5.0,1.0,1.0,1.0
-0.07660191732980101,0.9608424548869121,-1.2170740485175422,-1.3728107163064447,1.0,0.0,1.0,0.0,0.0,9.0,0.0,0.0,2.0
0.31058727733419406,-0.8498309826156157,-1.2170740485175422,-0.2823118918959237,1.0,0.0,0.0,0.0,1.0,1.0,1.0,1.0,1.0
0.31058727733419406,-0.44630947368648094,0.8950609130583412,-0.498911162470014,0.0,1.0,0.0,1.0,0.0,8.0,1.0,0.0,2.0
-0.27019651466179856,-1.2843926076162224,-1.2170740485175422,0.04212473062644303,1.0,0.0,0.0,0.0,1.0,6.0,1.0,1.0,2.0
-0.27019651466179856,0.029638972742754933,0.5875755881562689,-1.5131460216189165,0.0,1.0,1.0,0.0,0.0,2.0,1.0,0.0,1.0
-1.2381695013217864,-0.7049771076154135,-0.04622653663441533,-0.05334378048654542,1.0,0.0,0.0,1.0,0.0,10.0,1.0,0.0,2.0
-0.07660191732980101,0.5262808298863054,-1.2170740485175422,1.0790369576681722,1.0,0.0,0.0,0.0,1.0,2.0,1.0,1.0,1.0
1.568952159992178,-0.6635902861867843,-1.2170740485175422,-0.6134603640299688,0.0,1.0,1.0,0.0,0.0,9.0,1.0,0.0,1.0
0.6977764719981892,-1.9776218665457617,0.8334802890942824,0.47130823443046144,0.0,1.0,0.0,1.0,0.0,4.0,1.0,1.0,2.0
-0.8509803066577912,-0.08417478618597539,0.30113015170227225,1.1438482989694945,0.0,1.0,1.0,0.0,0.0,5.0,1.0,1.0,1.0
0.7945737706641879,0.019292267385597632,-1.2170740485175422,-0.8552069784619543,0.0,1.0,1.0,0.0,0.0,6.0,1.0,0.0,1.0
0.8913710693301867,0.2779599013145302,-1.2170740485175422,-1.1751792398907561,1.0,0.0,1.0,0.0,0.0,2.0,1.0,1.0,2.0
0.2137899786681953,0.15379943702864254,1.0521371738612917,-0.8515095815229065,1.0,0.0,1.0,0.0,0.0,10.0,1.0,0.0,1.0
0.6977764719981892,-1.2843926076162224,0.8954468790447403,-0.7812489503362579,1.0,0.0,0.0,0.0,1.0,10.0,1.0,0.0,1.0
1.9561413546561732,0.7125215263151369,-1.2170740485175422,1.0609596351602517,1.0,0.0,0.0,0.0,1.0,6.0,1.0,1.0,2.0
0.2137899786681953,-0.5394298219008967,-1.2170740485175422,-0.06590901563583894,1.0,0.0,1.0,0.0,0.0,1.0,1.0,0.0,2.0
-0.1733992159957998,-0.653243580829627,-0.08764722958877728,0.6914492129169961,1.0,0.0,0.0,1.0,0.0,7.0,1.0,0.0,2.0
-0.36699381332779735,-0.2807621879719641,1.6813398572513742,1.108596476353732,1.0,0.0,0.0,1.0,0.0,0.0,1.0,0.0,2.0
3.6984927306441513,-0.1772951344003911,-1.2170740485175422,1.0736655992732573,0.0,1.0,1.0,0.0,0.0,5.0,1.0,1.0,2.0
0.6009791733321904,-0.03244125940018888,0.6940531709871745,-0.8388418873382283,1.0,0.0,0.0,1.0,0.0,5.0,0.0,0.0,1.0
0.8913710693301867,-1.749994348688301,-0.10258769803604811,0.048391083481551106,1.0,0.0,0.0,1.0,0.0,2.0,0.0,0.0,1.0
0.40738457600019284,1.405750785244676,0.9083502958553403,-1.3725624836349781,0.0,1.0,0.0,1.0,0.0,0.0,1.0,0.0,1.0
2.1497359519881707,0.6400945888150358,1.1865784023248565,0.4140969529864433,1.0,0.0,0.0,1.0,0.0,4.0,1.0,0.0,2.0
1.568952159992178,-0.7774040451155146,-0.5004075502562616,-0.5621998824865803,1.0,0.0,1.0,0.0,0.0,6.0,0.0,1.0,3.0
0.40738457600019284,0.4745473031005189,0.8441928144310672,1.5417257837224843,0.0,1.0,0.0,0.0,1.0,10.0,0.0,0.0,1.0
-0.6573857093257937,0.09171920488569875,0.6262533666475224,-0.26534439730948667,1.0,0.0,1.0,0.0,0.0,0.0,1.0,0.0,1.0
-1.5285613973197827,-0.7567106344012,-1.2170740485175422,0.21337726730898512,0.0,1.0,0.0,0.0,1.0,8.0,1.0,0.0,2.0
1.2785602639941818,-0.053134670114503485,0.5791611759979756,-0.5478081280307706,1.0,0.0,0.0,1.0,0.0,6.0,0.0,1.0,2.0
-0.07660191732980101,0.6297478834578785,0.9171950416019675,-0.7087403087688371,0.0,1.0,0.0,1.0,0.0,7.0,1.0,1.0,2.0
-0.5605884106597949,0.7125215263151369,0.7727793010642405,0.7487815664979037,0.0,1.0,0.0,0.0,1.0,3.0,1.0,1.0,2.0
3.6984927306441513,0.22622637452874367,0.012849246846483607,-0.7003924197211793,1.0,0.0,0.0,1.0,0.0,10.0,0.0,1.0,2.0
1.0849656666621843,1.0332693923870133,0.34042795135535003,-0.3940487755865028,0.0,1.0,0.0,1.0,0.0,2.0,1.0,0.0,1.0
3.0209116399821596,1.5299112495305638,-0.08510943490852792,-1.1024378475774195,0.0,1.0,1.0,0.0,0.0,8.0,1.0,1.0,1.0
-0.27019651466179856,-0.9843381522586606,1.2725284139082915,-1.1796540382375014,0.0,1.0,1.0,0.0,0.0,7.0,1.0,1.0,2.0
0.2137899786681953,0.3193467227431594,-1.2170740485175422,0.5966525130003664,0.0,1.0,1.0,0.0,0.0,6.0,0.0,1.0,2.0
0.11699268000219652,-0.1152149022574473,0.5566764469477538,1.009419957094296,0.0,1.0,1.0,0.0,0.0,8.0,1.0,1.0,1.0
-1.0445749039897887,1.6540717138164513,1.4793640655466826,-1.5648099029977156,1.0,0.0,0.0,1.0,0.0,4.0,1.0,1.0,2.0
0.31058727733419406,-0.3221490094005933,0.5017028983718583,0.34596691308229083,0.0,1.0,0.0,0.0,1.0,4.0,0.0,1.0,1.0
-0.6573857093257937,0.039985678099912235,0.8877436345348552,-1.5763185402167446,1.0,0.0,0.0,1.0,0.0,6.0,1.0,0.0,1.0
0.2137899786681953,-0.1979885451147057,0.48906054310307917,0.09935740843948059,0.0,1.0,1.0,0.0,0.0,0.0,0.0,1.0,1.0
-1.2381695013217864,-0.41526935761500905,0.5111554481145596,0.364311603225841,1.0,0.0,1.0,0.0,0.0,2.0,1.0,1.0,2.0
-0.4637911119937961,1.881699231673912,1.1098428665041742,1.1587807031400332,1.0,0.0,1.0,0.0,0.0,3.0,0.0,0.0,1.0
-1.2381695013217864,-1.5120201254736831,0.5989846526929983,0.7854542471799161,0.0,1.0,1.0,0.0,0.0,8.0,1.0,0.0,1.0
-1.5285613973197827,-0.2807621879719641,-1.2170740485175422,0.5663931764890815,1.0,0.0,1.0,0.0,0.0,5.0,0.0,0.0,2.0
-1.2381695013217864,-0.20833525047186302,1.1804580845405315,0.41469396386834445,0.0,1.0,1.0,0.0,0.0,1.0,0.0,1.0,1.0
-0.7541830079917924,0.5573209459577774,0.7086513980412577,1.438075161933182,1.0,0.0,1.0,0.0,0.0,3.0,0.0,0.0,1.0
0.31058727733419406,-2.2776763219033236,0.7251797765316972,0.4574047694692603,0.0,1.0,0.0,1.0,0.0,8.0,1.0,0.0,2.0
-0.36699381332779735,-0.40492265225785173,-1.2170740485175422,-0.900212588128733,1.0,0.0,1.0,0.0,0.0,3.0,1.0,1.0,1.0
0.11699268000219652,-0.7463639290440427,-0.48711688144181536,-1.4112171986958901,0.0,1.0,0.0,1.0,0.0,10.0,1.0,0.0,2.0
-0.1733992159957998,-0.03244125940018888,1.009400081297342,-0.7417902188720394,1.0,0.0,0.0,1.0,0.0,7.0,1.0,0.0,2.0
1.181762965328183,2.057593222745586,0.7831008770970179,0.32506474800117857,0.0,1.0,0.0,1.0,0.0,4.0,0.0,0.0,1.0
-0.94777760532379,0.443507187029047,0.38584815857110466,0.2167330181606046,1.0,0.0,1.0,0.0,0.0,5.0,0.0,0.0,1.0
-1.1413722026557875,0.34004013345747397,0.7529447324687343,0.6606281782304029,1.0,0.0,1.0,0.0,0.0,9.0,0.0,1.0,2.0
-1.4317640986537838,1.5816447763163501,-1.2170740485175422,1.2757217752204257,0.0,1.0,1.0,0.0,0.0,3.0,1.0,0.0,2.0
-1.7221559946517802,-0.8394842772584584,0.6492558784725009,0.8389625651498571,0.0,1.0,0.0,0.0,1.0,7.0,1.0,1.0,1.0
-0.1733992159957998,-0.2704154826148068,0.6459701038944112,-0.8936452944735991,1.0,0.0,1.0,0.0,0.0,7.0,1.0,0.0,1.0
-0.5605884106597949,-0.1462550183289192,0.6141107899092363,-0.6008759939165116,1.0,0.0,1.0,0.0,0.0,9.0,0.0,1.0,1.0
0.40738457600019284,-1.036071679044447,-1.2170740485175422,1.3661492670016493,0.0,1.0,1.0,0.0,0.0,7.0,1.0,0.0,2.0
0.11699268000219652,1.540257954887721,0.002924246444046042,0.5688918549003958,1.0,0.0,1.0,0.0,0.0,3.0,1.0,0.0,2.0
0.31058727733419406,-0.2186819558290203,-1.2170740485175422,1.0931150726659202,0.0,1.0,1.0,0.0,0.0,6.0,1.0,0.0,2.0
2.440127847986167,0.49524071381483353,0.6011861538107544,-1.2503462498431468,0.0,1.0,1.0,0.0,0.0,9.0,1.0,0.0,1.0
-0.94777760532379,0.19518625845727178,-1.2170740485175422,-1.2611594180919423,1.0,0.0,0.0,0.0,1.0,9.0,1.0,0.0,2.0
-1.1413722026557875,-0.6222034647581551,0.5160381348579496,1.0897038304182265,1.0,0.0,0.0,0.0,1.0,5.0,0.0,1.0,1.0
-0.5605884106597949,1.2608969102444738,-1.2170740485175422,-0.018066908463150604,1.0,0.0,0.0,0.0,1.0,10.0,1.0,1.0,1.0
-0.5605884106597949,-0.6015100540438405,0.32497404044220746,1.732920780056229,1.0,0.0,1.0,0.0,0.0,0.0,1.0,0.0,1.0
1.8593440559901744,0.3193467227431594,-1.2170740485175422,-1.7247942071928102,1.0,0.0,1.0,0.0,0.0,1.0,1.0,1.0,1.0
0.020195381336197752,0.4331604816718897,-1.2170740485175422,0.738830515361784,1.0,0.0,1.0,0.0,0.0,4.0,0.0,1.0,2.0
-0.27019651466179856,0.16414614238579986,1.0294915318779652,-0.34769154163290206,0.0,1.0,1.0,0.0,0.0,8.0,1.0,0.0,1.0
0.6977764719981892,-0.6015100540438405,0.014252131129408435,-0.7898386357492544,1.0,0.0,0.0,0.0,1.0,2.0,1.0,1.0,1.0
-0.36699381332779735,-1.1912722594018068,-1.2170740485175422,-0.6092818097193189,0.0,1.0,1.0,0.0,0.0,8.0,1.0,0.0,2.0
-0.4637911119937961,-2.4121834915463682,1.2902400892025139,0.9454458574522365,0.0,1.0,1.0,0.0,0.0,8.0,1.0,0.0,1.0
0.5041818746661916,-0.29110889332912143,-1.2170740485175422,1.1707769340367922,1.0,0.0,1.0,0.0,0.0,6.0,0.0,0.0,2.0
-0.7541830079917924,-0.2704154826148068,0.03266179239320315,-0.42658813005497914,0.0,1.0,0.0,1.0,0.0,4.0,1.0,0.0,2.0
-1.334966799987785,0.8366819906010244,0.5663572647873676,1.2649580099700162,0.0,1.0,1.0,0.0,0.0,0.0,0.0,0.0,1.0
1.9561413546561732,-0.7049771076154135,0.8317147478911926,-0.561976177360087,0.0,1.0,1.0,0.0,0.0,7.0,0.0,1.0,1.0
-0.1733992159957998,1.5919914816735075,-1.2170740485175422,-1.3556231696321273,0.0,1.0,0.0,0.0,1.0,5.0,1.0,0.0,2.0
2.6337224453181647,-0.38422924154353716,-1.2170740485175422,1.3955304826120496,0.0,1.0,0.0,0.0,1.0,2.0,0.0,1.0,2.0
-0.1733992159957998,-0.6118567594009978,0.33661233758893455,-1.680847804769591,0.0,1.0,1.0,0.0,0.0,3.0,1.0,1.0,1.0
-0.1733992159957998,1.1367364459585863,0.916592381675683,1.7297019311754886,0.0,1.0,0.0,0.0,1.0,7.0,1.0,0.0,1.0
0.31058727733419406,0.5159341245291481,0.1680924505303562,0.9303713326842291,1.0,0.0,1.0,0.0,0.0,6.0,1.0,0.0,1.0
-0.94777760532379,-0.42561606297216636,-1.2170740485175422,-0.27739524983122144,0.0,1.0,0.0,0.0,1.0,9.0,0.0,1.0,3.0
-0.27019651466179856,0.9401490441725975,0.8686620291547975,-0.9147744698113784,1.0,0.0,0.0,1.0,0.0,2.0,0.0,0.0,2.0
-1.334966799987785,-0.3221490094005933,0.9966765461771961,-0.4116042354354184,1.0,0.0,0.0,1.0,0.0,1.0,1.0,1.0,1.0
0.8913710693301867,-1.036071679044447,0.3209914051598118,-0.08489994570545668,1.0,0.0,0.0,0.0,1.0,5.0,0.0,0.0,1.0
-0.5605884106597949,-0.08417478618597539,0.9982798884297335,1.4785795322118263,1.0,0.0,1.0,0.0,0.0,0.0,1.0,1.0,1.0
0.5041818746661916,0.8056418745295526,-1.2170740485175422,-1.5770367971897548,0.0,1.0,1.0,0.0,0.0,5.0,0.0,1.0,2.0
-0.4637911119937961,-0.22902866118617762,-1.2170740485175422,1.5740948370099053,0.0,1.0,0.0,0.0,1.0,6.0,1.0,0.0,2.0
-1.0445749039897887,0.6504412941721931,0.03319838317312802,1.3547272589840154,0.0,1.0,0.0,1.0,0.0,7.0,1.0,0.0,1.0
1.181762965328183,-1.9051949290456605,0.6237748895220341,1.3555554550238555,0.0,1.0,0.0,1.0,0.0,10.0,1.0,0.0,2.0
-0.1733992159957998,0.22622637452874367,-1.2170740485175422,-1.5000884960279617,0.0,1.0,1.0,0.0,0.0,2.0,1.0,1.0,1.0
-0.6573857093257937,1.436790901316148,-1.2170740485175422,-0.15332709941680245,0.0,1.0,0.0,0.0,1.0,3.0,1.0,0.0,1.0
0.020195381336197752,0.08137249952854145,-0.3794534297722324,0.14100152676539082,0.0,1.0,0.0,1.0,0.0,8.0,1.0,1.0,2.0
-1.5285613973197827,-0.0014011433287169732,-1.2170740485175422,1.221863809268952,0.0,1.0,1.0,0.0,0.0,10.0,1.0,1.0,2.0
-0.4637911119937961,-0.44630947368648094,0.175942140277063,-0.6952672065470948,0.0,1.0,0.0,0.0,1.0,7.0,0.0,1.0,1.0
0.11699268000219652,0.5262808298863054,0.44750256778620784,-1.5681306890511817,1.0,0.0,1.0,0.0,0.0,1.0,0.0,0.0,1.0
-0.07660191732980101,0.10206591024285605,1.0817898426589212,-1.4648302371060715,0.0,1.0,0.0,0.0,1.0,7.0,1.0,1.0,1.0
3.6984927306441513,1.2815903209587884,0.9550184222516089,-1.0788997542056746,1.0,0.0,0.0,1.0,0.0,6.0,1.0,0.0,1.0
-0.6573857093257937,0.029638972742754933,-1.2170740485175422,-0.8329931985645437,1.0,0.0,0.0,0.0,1.0,2.0,1.0,1.0,1.0
-0.6573857093257937,-0.9636447415443461,0.4708275484861199,1.5683872251083715,0.0,1.0,1.0,0.0,0.0,10.0,1.0,0.0,1.0
0.5041818746661916,-1.5844470629737841,0.7232476960691698,-0.029275648607471498,1.0,0.0,0.0,1.0,0.0,2.0,1.0,1.0,2.0
-0.6573857093257937,-0.653243580829627,-1.2170740485175422,-1.5846328561000065,0.0,1.0,1.0,0.0,0.0,1.0,1.0,1.0,2.0
-0.7541830079917924,0.20553296381442906,-0.5531831342623815,0.04910081669779745,1.0,0.0,1.0,0.0,0.0,7.0,0.0,1.0,1.0
0.6977764719981892,-0.5187364111865821,0.3870087893173772,-1.1685341886994307,0.0,1.0,1.0,0.0,0.0,2.0,1.0,1.0,1.0
-0.8509803066577912,-0.7256705183297281,-0.3603957764671325,1.6825476389873681,0.0,1.0,0.0,0.0,1.0,0.0,0.0,0.0,1.0
-0.36699381332779735,0.3193467227431594,1.6952159855087465,-0.6283487577829315,1.0,0.0,1.0,0.0,0.0,2.0,1.0,1.0,1.0
-1.334966799987785,-1.718954232616829,0.9445164822718349,0.23322735726954413,1.0,0.0,1.0,0.0,0.0,3.0,1.0,1.0,1.0
0.2137899786681953,1.2402034995301592,0.5240167478537576,0.6549675339681796,1.0,0.0,1.0,0.0,0.0,10.0,1.0,1.0,4.0
0.7945737706641879,1.6230315977449794,1.0205320090741579,-0.4493295131006433,0.0,1.0,0.0,0.0,1.0,8.0,0.0,1.0,1.0
-0.8509803066577912,1.8299657048881255,-0.042454968965573166,1.0752538012988277,0.0,1.0,1.0,0.0,0.0,4.0,0.0,0.0,2.0
0.7945737706641879,-0.8084441611869866,1.2672541348521709,-1.2224104198439703,1.0,0.0,1.0,0.0,0.0,8.0,1.0,0.0,1.0
1.665749458658177,0.34004013345747397,0.048160713917004536,-0.00800765780239701,0.0,1.0,0.0,0.0,1.0,8.0,1.0,1.0,1.0
0.11699268000219652,1.540257954887721,0.35451016390866685,-0.021197040691860396,1.0,0.0,1.0,0.0,0.0,5.0,1.0,0.0,1.0
-0.8509803066577912,0.8263352852438672,-1.2170740485175422,1.5598479864190788,1.0,0.0,1.0,0.0,0.0,5.0,1.0,0.0,2.0
0.40738457600019284,-0.5808166433295259,-1.2170740485175422,0.09204106791445543,1.0,0.0,0.0,0.0,1.0,5.0,0.0,0.0,2.0
0.2137899786681953,-0.7670573397583573,0.21387129586175263,0.6152506544419736,0.0,1.0,0.0,0.0,1.0,4.0,0.0,1.0,1.0
0.9881683679961855,1.747192062030867,-1.2170740485175422,0.33448889180592334,1.0,0.0,1.0,0.0,0.0,1.0,1.0,1.0,2.0
0.2137899786681953,1.2712436156016311,0.8191797750792706,0.044660461286546584,1.0,0.0,1.0,0.0,0.0,5.0,1.0,0.0,1.0
-0.07660191732980101,-0.18764183975754842,0.260279646733648,0.13593928501882638,0.0,1.0,1.0,0.0,0.0,2.0,1.0,1.0,2.0
0.6009791733321904,-0.6428968754724697,-1.2170740485175422,0.4536818012599212,1.0,0.0,0.0,0.0,1.0,1.0,0.0,0.0,1.0
-0.07660191732980101,-1.2947393129733797,-1.2170740485175422,-0.727958597003561,0.0,1.0,0.0,0.0,1.0,2.0,0.0,0.0,2.0
1.181762965328183,-0.08417478618597539,0.47451359599471055,-1.1288053063320675,1.0,0.0,1.0,0.0,0.0,2.0,1.0,0.0,1.0
1.181762965328183,0.008945562028440329,-1.2170740485175422,1.2895361756211572,1.0,0.0,1.0,0.0,0.0,3.0,1.0,0.0,1.0
0.8913710693301867,1.2815903209587884,1.646644231785974,-0.8643834114578917,0.0,1.0,0.0,0.0,1.0,4.0,0.0,0.0,2.0
-1.0445749039897887,-0.2807621879719641,-1.2170740485175422,0.07818491850100377,1.0,0.0,0.0,0.0,1.0,2.0,0.0,1.0,2.0
3.6016954319781522,-0.5704699379723686,0.9403528400337186,-1.503021190217348,1.0,0.0,0.0,0.0,1.0,9.0,1.0,1.0,1.0
1.4721548613261792,0.49524071381483353,0.5674249807730659,0.9749629313081976,1.0,0.0,0.0,1.0,0.0,3.0,1.0,1.0,1.0
0.2137899786681953,-0.3221490094005933,-1.2170740485175422,0.6514649657551601,0.0,1.0,1.0,0.0,0.0,3.0,1.0,1.0,2.0
-0.7541830079917924,2.057593222745586,1.4300748748404455,-0.659679478333153,1.0,0.0,0.0,1.0,0.0,4.0,0.0,1.0,1.0
-0.07660191732980101,0.7746017584580807,-1.2170740485175422,-1.6190129941210116,1.0,0.0,1.0,0.0,0.0,4.0,0.0,0.0,2.0
0.8913710693301867,0.8366819906010244,0.4380725233488356,0.3652022488305425,1.0,0.0,0.0,1.0,0.0,4.0,1.0,0.0,1.0
-0.6573857093257937,1.0850029191727997,-1.2170740485175422,0.820743122044468,1.0,0.0,1.0,0.0,0.0,4.0,1.0,0.0,2.0
-0.8509803066577912,0.29865331202884476,0.5238764111998109,-0.9649957488464691,0.0,1.0,0.0,1.0,0.0,4.0,0.0,1.0,2.0
-0.36699381332779735,0.9504957495297548,1.1424663963574624,1.5560032502559724,1.0,0.0,0.0,1.0,0.0,1.0,1.0,0.0,1.0
-0.07660191732980101,0.3710802495289459,1.105000528558196,0.6509043113051692,0.0,1.0,1.0,0.0,0.0,0.0,0.0,1.0,1.0
-0.1733992159957998,-0.18764183975754842,1.2921384117070471,-0.4844639166181298,1.0,0.0,1.0,0.0,0.0,9.0,1.0,0.0,1.0
0.31058727733419406,0.8056418745295526,0.3501921995768634,-1.7022497403238102,1.0,0.0,0.0,1.0,0.0,4.0,0.0,0.0,2.0
-0.07660191732980101,-1.2326590808304358,-1.2170740485175422,-1.205063357150217,0.0,1.0,1.0,0.0,0.0,9.0,0.0,0.0,2.0
0.6977764719981892,-1.1188453219017056,1.0391728319741216,-0.25696363091431174,1.0,0.0,0.0,0.0,1.0,5.0,1.0,1.0,1.0
0.020195381336197752,2.057593222745586,1.062868828707607,-0.12369069296614932,0.0,1.0,0.0,0.0,1.0,0.0,1.0,1.0,1.0
-1.818953293317779,-0.08417478618597539,0.925966966610636,-1.668099221872767,1.0,0.0,0.0,0.0,1.0,0.0,1.0,1.0,1.0
-0.5605884106597949,0.5780143566720919,0.9800629690308666,-0.7926758290720428,0.0,1.0,1.0,0.0,0.0,8.0,1.0,0.0,1.0
-0.94777760532379,-0.34284242011490795,0.3955130619448071,-1.1712694448494936,1.0,0.0,0.0,1.0,0.0,10.0,1.0,1.0,2.0
0.6977764719981892,1.1781232673872155,0.703800057973148,1.166142445716392,1.0,0.0,0.0,1.0,0.0,8.0,0.0,1.0,2.0
-0.1733992159957998,-0.787750750472672,-1.2170740485175422,-1.2132327691684952,1.0,0.0,0.0,0.0,1.0,0.0,0.0,0.0,2.0
0.8913710693301867,-1.646527295116728,0.8285614331101845,-0.13419874551364694,1.0,0.0,1.0,0.0,0.0,6.0,1.0,1.0,1.0
1.4721548613261792,-1.8327679915455595,-1.2170740485175422,0.1487391844104524,0.0,1.0,1.0,0.0,0.0,3.0,1.0,0.0,1.0
-2.0125478906497762,0.784948463815238,0.29104986469306193,0.4577330210817741,1.0,0.0,0.0,1.0,0.0,2.0,1.0,0.0,2.0
0.31058727733419406,0.443507187029047,1.3045521773745523,-0.190791967615184,0.0,1.0,1.0,0.0,0.0,3.0,0.0,0.0,2.0
-0.7541830079917924,1.612684892387822,1.0506437861005065,1.6421003256927749,1.0,0.0,0.0,1.0,0.0,1.0,1.0,1.0,3.0
-0.94777760532379,-0.7153238129725709,-1.2170740485175422,-0.27564579224401836,1.0,0.0,1.0,0.0,0.0,0.0,1.0,1.0,1.0
-1.2381695013217864,-0.787750750472672,-1.2170740485175422,0.2200336255245893,1.0,0.0,0.0,0.0,1.0,7.0,1.0,0.0,2.0
0.9881683679961855,-0.5083897058294248,1.8662931182614664,-0.038591592887582904,0.0,1.0,1.0,0.0,0.0,0.0,0.0,0.0,1.0
-0.94777760532379,-1.6051404736880988,-1.2170740485175422,-0.7735587821931658,0.0,1.0,0.0,0.0,1.0,2.0,1.0,0.0,2.0
-1.5285613973197827,-0.36353583082922253,-0.04176743188776054,-0.645816196796695,0.0,1.0,1.0,0.0,0.0,8.0,1.0,1.0,1.0
-0.7541830079917924,0.13310602631432794,0.4573020207353435,0.5968570831626964,1.0,0.0,1.0,0.0,0.0,7.0,1.0,0.0,1.0
-0.7541830079917924,-0.9532980361871888,1.020323995752042,0.7567333617873768,1.0,0.0,0.0,0.0,1.0,1.0,0.0,1.0,1.0
-0.36699381332779735,-0.011747848685874276,1.4511297132413468,-1.311206568953145,1.0,0.0,0.0,1.0,0.0,3.0,1.0,1.0,2.0
0.2137899786681953,-0.5187364111865821,-1.2170740485175422,1.0567435067381534,1.0,0.0,1.0,0.0,0.0,1.0,0.0,1.0,2.0
-0.8509803066577912,1.674765124530766,0.6543536516339672,-0.2444138776905684,0.0,1.0,0.0,1.0,0.0,1.0,0.0,1.0,1.0
0.020195381336197752,-0.7463639290440427,0.6771219475313391,-1.6356513673238364,1.0,0.0,0.0,1.0,0.0,5.0,0.0,0.0,3.0
2.3433305493201684,-0.7774040451155146,-0.08127179809332591,-0.36361461508445125,0.0,1.0,1.0,0.0,0.0,9.0,0.0,0.0,1.0
-1.0445749039897887,0.16414614238579986,1.4481665682903724,0.8216242001670874,0.0,1.0,1.0,0.0,0.0,6.0,1.0,0.0,1.0
0.5041818746661916,0.8470286959581818,0.48803864148894427,0.030594001221516117,0.0,1.0,0.0,0.0,1.0,3.0,0.0,1.0,1.0
-0.5605884106597949,0.18483955310011446,-1.2170740485175422,0.12807098775479384,1.0,0.0,1.0,0.0,0.0,9.0,0.0,1.0,2.0
-0.36699381332779735,1.1056963298871143,-1.2170740485175422,-0.08435198991350182,0.0,1.0,0.0,0.0,1.0,5.0,1.0,0.0,2.0
1.4721548613261792,-0.7256705183297281,1.2345412267862883,1.5262619494108594,1.0,0.0,0.0,1.0,0.0,2.0,1.0,0.0,1.0
-0.1733992159957998,0.3090000173860021,-0.040700198158605164,-1.2971098408538924,0.0,1.0,0.0,1.0,0.0,8.0,1.0,1.0,2.0
0.11699268000219652,0.2676131959573729,0.315099998481123,-0.6421335859663191,0.0,1.0,0.0,0.0,1.0,7.0,1.0,1.0,1.0
-1.334966799987785,-0.33249571475775064,-1.2170740485175422,0.7943735758391837,0.0,1.0,1.0,0.0,0.0,4.0,1.0,0.0,1.0
-0.1733992159957998,1.3126304370302604,1.062452480559013,1.384034544051056,0.0,1.0,1.0,0.0,0.0,3.0,0.0,1.0,1.0
2.6337224453181647,0.15379943702864254,-1.2170740485175422,-0.0011458596533647247,1.0,0.0,1.0,0.0,0.0,7.0,1.0,1.0,2.0
-0.8509803066577912,0.3090000173860021,0.5687703157752199,-0.5370436669634819,0.0,1.0,0.0,0.0,1.0,2.0,1.0,0.0,1.0
0.8913710693301867,0.3193467227431594,1.0138149791942426,1.1999629730127246,0.0,1.0,1.0,0.0,0.0,1.0,0.0,1.0,1.0
-0.1733992159957998,-1.6258338844024134,0.5046835653105538,1.2560259826527127,0.0,1.0,0.0,1.0,0.0,5.0,1.0,0.0,2.0
0.020195381336197752,0.5159341245291481,-1.2170740485175422,-0.3014934757902979,0.0,1.0,1.0,0.0,0.0,2.0,1.0,1.0,2.0
0.6009791733321904,0.6090544727435638,-1.2170740485175422,-1.108158506045428,0.0,1.0,1.0,0.0,0.0,1.0,1.0,1.0,2.0
0.6009791733321904,-0.2393753665433349,-1.2170740485175422,-0.0521189688258615,0.0,1.0,1.0,0.0,0.0,9.0,1.0,1.0,2.0
0.40738457600019284,-0.5394298219008967,-1.2170740485175422,1.226175612511868,1.0,0.0,1.0,0.0,0.0,4.0,1.0,0.0,1.0
-1.334966799987785,0.3296934281003167,-1.2170740485175422,0.9191662455785209,0.0,1.0,1.0,0.0,0.0,4.0,1.0,0.0,2.0
2.052938653322172,1.0022292763155414,1.2317555522430543,0.46766963401766154,0.0,1.0,1.0,0.0,0.0,0.0,1.0,0.0,1.0
-1.0445749039897887,-0.8498309826156157,0.39097052681625266,-1.647337437846927,1.0,0.0,0.0,1.0,0.0,3.0,1.0,0.0,1.0
-1.0445749039897887,0.23657307988590098,-1.2170740485175422,-0.8405763848625399,1.0,0.0,1.0,0.0,0.0,3.0,1.0,0.0,1.0
-0.6573857093257937,1.643725008459294,0.7260939741846127,-0.3646445980191068,0.0,1.0,1.0,0.0,0.0,9.0,0.0,1.0,2.0
-1.6253586959857813,-1.8948482236885031,-1.2170740485175422,-1.2478553993717176,0.0,1.0,1.0,0.0,0.0,2.0,1.0,0.0,2.0
-1.2381695013217864,0.34004013345747397,0.18305992534402218,0.10849748500350742,1.0,0.0,1.0,0.0,0.0,5.0,0.0,0.0,1.0
0.5041818746661916,1.8610058209595974,-1.2170740485175422,-0.9068122372687252,1.0,0.0,0.0,0.0,1.0,10.0,0.0,1.0,1.0
-0.36699381332779735,-0.49804300047226746,1.1238532228326177,1.1015290643170519,1.0,0.0,0.0,1.0,0.0,9.0,1.0,0.0,1.0
0.11699268000219652,0.919455633458283,0.7488474808813397,-1.2010817190162313,1.0,0.0,0.0,1.0,0.0,2.0,1.0,1.0,2.0
3.9888846266421476,0.008945562028440329,-1.2170740485175422,1.5437459140754912,1.0,0.0,1.0,0.0,0.0,4.0,1.0,1.0,2.0
-0.8509803066577912,0.12275932095717065,-1.2170740485175422,0.026308117157330956,0.0,1.0,0.0,0.0,1.0,4.0,1.0,0.0,3.0
2.6337224453181647,-0.37388253618637984,-1.2170740485175422,-0.4397195861892927,0.0,1.0,1.0,0.0,0.0,7.0,1.0,1.0,2.0
-0.7541830079917924,-0.8291375719013011,-1.2170740485175422,1.6492465389909652,1.0,0.0,0.0,0.0,1.0,3.0,1.0,1.0,2.0
-0.07660191732980101,-1.5637536522594695,-1.2170740485175422,1.6030670862498653,0.0,1.0,0.0,0.0,1.0,7.0,0.0,0.0,2.0
-1.1413722026557875,-0.42561606297216636,1.347918775479001,0.061280221387867005,1.0,0.0,1.0,0.0,0.0,9.0,0.0,1.0,1.0
-0.7541830079917924,-1.201618964758964,0.5810201142181823,-1.10599747277449,1.0,0.0,1.0,0.0,0.0,7.0,1.0,1.0,2.0
0.020195381336197752,-1.1498854379731775,0.828952543166373,-1.456142093604743,0.0,1.0,0.0,1.0,0.0,4.0,1.0,1.0,1.0
0.31058727733419406,-0.042787964757346184,-1.2170740485175422,-0.8436061455065011,1.0,0.0,1.0,0.0,0.0,9.0,1.0,1.0,2.0
1.181762965328183,0.14345273167148526,0.5610124155238209,-1.7177271430645695,1.0,0.0,0.0,1.0,0.0,9.0,0.0,1.0,2.0
-0.1733992159957998,-2.2362895004746943,0.6210676620430905,-1.7200203815424555,0.0,1.0,0.0,1.0,0.0,8.0,0.0,1.0,1.0
-0.1733992159957998,1.912739347745384,-1.2170740485175422,0.19945101434500745,1.0,0.0,0.0,0.0,1.0,10.0,1.0,0.0,2.0
-1.2381695013217864,0.5055874191719908,0.6960307443169034,0.7317860652820999,0.0,1.0,1.0,0.0,0.0,4.0,1.0,0.0,1.0
0.2137899786681953,-1.40855307190211,-1.2170740485175422,1.4820107791947816,0.0,1.0,1.0,0.0,0.0,8.0,1.0,1.0,2.0
-0.94777760532379,0.3296934281003167,0.9322290678185363,-0.7702023355246677,0.0,1.0,0.0,0.0,1.0,0.0,1.0,0.0,1.0
1.2785602639941818,-0.33249571475775064,-1.2170740485175422,0.4067644347189889,0.0,1.0,0.0,0.0,1.0,8.0,1.0,1.0,2.0
0.6009791733321904,-0.37388253618637984,-1.2170740485175422,1.1311886066789212,0.0,1.0,1.0,0.0,0.0,5.0,1.0,1.0,2.0
-0.4637911119937961,-0.6325501701153124,-1.2170740485175422,1.2379060413609737,1.0,0.0,0.0,0.0,1.0,6.0,1.0,0.0,2.0
-0.7541830079917924,-2.3087164379747955,-1.2170740485175422,-0.7892522360747528,1.0,0.0,1.0,0.0,0.0,2.0,1.0,0.0,2.0
2.827317042650162,-0.9739914469015034,0.3935734261297763,-1.0656844521374809,0.0,1.0,0.0,1.0,0.0,2.0,1.0,1.0,1.0
-0.6573857093257937,-0.6739369915439416,-1.2170740485175422,-1.1867626774242426,0.0,1.0,1.0,0.0,0.0,1.0,0.0,0.0,2.0
2.052938653322172,-0.1979885451147057,-1.2170740485175422,-1.700809051476518,0.0,1.0,1.0,0.0,0.0,2.0,0.0,1.0,2.0
-0.6573857093257937,-0.36353583082922253,-1.2170740485175422,-0.9890555309229987,1.0,0.0,0.0,0.0,1.0,6.0,1.0,1.0,2.0
1.9561413546561732,0.7952951691723953,-1.2170740485175422,1.1047338229059995,1.0,0.0,1.0,0.0,0.0,4.0,1.0,1.0,1.0
-0.1733992159957998,-1.439593187973582,-1.2170740485175422,0.9784287951808668,1.0,0.0,1.0,0.0,0.0,1.0,0.0,1.0,2.0
-0.4637911119937961,-0.5394298219008967,-1.2170740485175422,1.293140681006902,0.0,1.0,1.0,0.0,0.0,8.0,1.0,1.0,2.0
0.020195381336197752,0.7642550531009233,1.3654491223131409,-0.73435019689683,0.0,1.0,1.0,0.0,0.0,4.0,1.0,0.0,2.0
0.2137899786681953,-1.1188453219017056,-1.2170740485175422,0.7675138266428749,0.0,1.0,0.0,0.0,1.0,5.0,0.0,1.0,2.0
0.2137899786681953,-1.2119656701161212,-1.2170740485175422,-1.4957862602671277,0.0,1.0,1.0,0.0,0.0,9.0,1.0,0.0,2.0
-0.07660191732980101,0.09171920488569875,0.5603753546308184,1.6707937263186068,1.0,0.0,1.0,0.0,0.0,5.0,1.0,0.0,2.0
-0.4637911119937961,1.46783101738762,0.8366651113027515,0.7566719559478339,1.0,0.0,0.0,1.0,0.0,5.0,1.0,0.0,1.0
-0.1733992159957998,-0.6946304022582562,-1.2170740485175422,0.016986606342190298,1.0,0.0,0.0,0.0,1.0,8.0,0.0,1.0,2.0
-0.07660191732980101,0.8470286959581818,1.3173184725748237,-1.3951173877571579,1.0,0.0,1.0,0.0,0.0,3.0,0.0,0.0,1.0
-0.27019651466179856,0.5573209459577774,0.5773911337338198,-1.3577393227143908,0.0,1.0,0.0,0.0,1.0,1.0,1.0,1.0,1.0
0.11699268000219652,0.6297478834578785,0.5400885901503724,0.353127564580713,1.0,0.0,0.0,1.0,0.0,3.0,1.0,0.0,2.0
-0.7541830079917924,-1.1498854379731775,0.6823534665073345,1.0118721897289589,1.0,0.0,0.0,0.0,1.0,10.0,1.0,1.0,1.0
-0.4637911119937961,0.23657307988590098,1.239185518045368,1.3194550837245513,0.0,1.0,0.0,1.0,0.0,2.0,1.0,0.0,1.0
0.11699268000219652,-0.09452149154313269,-1.2170740485175422,-1.5507300484577708,1.0,0.0,1.0,0.0,0.0,7.0,1.0,0.0,2.0
3.4081008346461545,1.2815903209587884,1.3770080078824911,0.6090352701732281,1.0,0.0,0.0,1.0,0.0,0.0,1.0,1.0,1.0
-1.2381695013217864,-0.8705243933299304,-1.2170740485175422,-0.3689071722178565,1.0,0.0,1.0,0.0,0.0,2.0,1.0,1.0,2.0
0.8913710693301867,-1.1498854379731775,0.5407396364831152,-0.19405726227257605,0.0,1.0,1.0,0.0,0.0,2.0,1.0,0.0,1.0
0.8913710693301867,-1.1809255540446495,0.9021991136522777,1.158852720186976,0.0,1.0,0.0,1.0,0.0,4.0,1.0,0.0,1.0
1.9561413546561732,-0.18764183975754842,-1.2170740485175422,0.6508545603983444,0.0,1.0,1.0,0.0,0.0,5.0,1.0,1.0,1.0
0.9881683679961855,-2.256982911189009,-1.2170740485175422,-0.21130360547314117,1.0,0.0,1.0,0.0,0.0,10.0,1.0,1.0,1.0
0.5041818746661916,-0.5394298219008967,0.6890809452790099,-1.1900237971803624,0.0,1.0,1.0,0.0,0.0,10.0,1.0,1.0,1.0
-0.8509803066577912,-0.37388253618637984,-1.2170740485175422,-1.6817118353786833,0.0,1.0,1.0,0.0,0.0,8.0,0.0,0.0,2.0
0.020195381336197752,-0.4359627683293237,1.0603861720254144,1.3186696804227496,1.0,0.0,1.0,0.0,0.0,8.0,0.0,1.0,1.0
-0.5605884106597949,-0.09452149154313269,-1.2170740485175422,0.8804944830040817,1.0,0.0,0.0,0.0,1.0,9.0,1.0,1.0,2.0
1.2785602639941818,1.1884699727443728,0.27005884490798726,-0.5856182953551934,1.0,0.0,1.0,0.0,0.0,7.0,0.0,1.0,2.0
0.11699268000219652,-0.35318912547206527,1.8373511348557028,0.12505966625811746,0.0,1.0,1.0,0.0,0.0,5.0,1.0,1.0,2.0
-0.27019651466179856,-1.02572497368729,-1.2170740485175422,0.5686272705322801,0.0,1.0,1.0,0.0,0.0,8.0,0.0,0.0,2.0
-0.36699381332779735,0.09171920488569875,0.6146742263033754,1.5487712775274858,0.0,1.0,0.0,1.0,0.0,9.0,1.0,0.0,1.0
1.4721548613261792,0.8366819906010244,0.9410191578236493,-1.503908878600315,0.0,1.0,0.0,0.0,1.0,0.0,0.0,1.0,1.0
-0.27019651466179856,0.2883066066716875,0.34599303110676294,1.550599884284638,0.0,1.0,1.0,0.0,0.0,1.0,1.0,0.0,1.0
0.9881683679961855,0.050332383457069536,0.34371501195088683,-0.4364071499383707,1.0,0.0,0.0,1.0,0.0,9.0,1.0,0.0,1.0
-0.94777760532379,0.11241261560001335,1.1474723800236213,-1.5469816829323602,0.0,1.0,1.0,0.0,0.0,5.0,1.0,0.0,1.0
-0.8509803066577912,2.057593222745586,1.258073738551774,-0.6444597017917224,0.0,1.0,1.0,0.0,0.0,10.0,1.0,0.0,2.0
2.2465332506541693,-0.40492265225785173,1.467915134469084,1.6183545309827465,1.0,0.0,0.0,0.0,1.0,0.0,1.0,1.0,2.0
0.40738457600019284,1.612684892387822,-1.2170740485175422,-0.24937122504267295,1.0,0.0,0.0,0.0,1.0,0.0,0.0,1.0,2.0
0.11699268000219652,-1.5223668308308405,-1.2170740485175422,0.8148827783380654,0.0,1.0,0.0,0.0,1.0,5.0,0.0,0.0,2.0
-0.07660191732980101,-0.6015100540438405,0.20938357722689335,-0.5712423707333733,1.0,0.0,0.0,0.0,1.0,4.0,1.0,0.0,2.0
3.79529002931015,-0.022094554043031577,-0.11839944330392774,0.7429247018758948,0.0,1.0,0.0,1.0,0.0,4.0,1.0,1.0,2.0
1.2785602639941818,0.4538538923862043,0.4390473245739596,-1.3459368768183424,0.0,1.0,0.0,1.0,0.0,8.0,1.0,1.0,1.0
0.11699268000219652,0.019292267385597632,-1.2170740485175422,-1.1144001574013431,1.0,0.0,1.0,0.0,0.0,0.0,1.0,0.0,2.0
0.5041818746661916,0.3607335441717886,-0.3320751002406407,1.4246589427412713,1.0,0.0,1.0,0.0,0.0,7.0,1.0,0.0,1.0
-0.36699381332779735,1.612684892387822,1.5927157331382662,-1.7266405572803685,0.0,1.0,1.0,0.0,0.0,3.0,1.0,1.0,1.0
-1.818953293317779,0.11241261560001335,0.46292722180242213,-0.465347739510351,0.0,1.0,0.0,0.0,1.0,9.0,0.0,0.0,2.0
0.9881683679961855,-0.5394298219008967,-1.2170740485175422,0.1971221152520894,1.0,0.0,0.0,0.0,1.0,2.0,1.0,0.0,2.0
0.31058727733419406,-0.022094554043031577,-1.2170740485175422,-1.3374414745924061,1.0,0.0,1.0,0.0,0.0,7.0,0.0,1.0,2.0
-0.4637911119937961,-1.2119656701161212,1.5253706967184486,-1.645922842132585,0.0,1.0,0.0,0.0,1.0,5.0,0.0,1.0,1.0
0.11699268000219652,-0.1462550183289192,0.9283743912721562,-0.1164336708300311,0.0,1.0,1.0,0.0,0.0,2.0,0.0,1.0,1.0
1.665749458658177,-0.6222034647581551,0.8547400865258623,1.6766272810751803,1.0,0.0,1.0,0.0,0.0,9.0,1.0,1.0,1.0
-0.94777760532379,-1.718954232616829,1.7106055955495194,0.2951971563925862,0.0,1.0,1.0,0.0,0.0,7.0,1.0,0.0,1.0
-0.5605884106597949,0.8987622227439683,0.27271768598047275,0.10365825256655747,0.0,1.0,1.0,0.0,0.0,4.0,1.0,0.0,1.0
1.568952159992178,0.07102579417138415,0.7011484507488042,0.34061921246125076,1.0,0.0,0.0,1.0,0.0,8.0,0.0,1.0,1.0
0.2137899786681953,1.5609513656020357,-1.2170740485175422,0.6047972235194515,0.0,1.0,0.0,0.0,1.0,5.0,1.0,1.0,2.0
-0.94777760532379,-2.0500488040458626,-1.2170740485175422,1.7137505031861333,0.0,1.0,1.0,0.0,0.0,6.0,0.0,0.0,1.0
-0.07660191732980101,0.14345273167148526,-1.2170740485175422,-0.21650257523636487,0.0,1.0,0.0,0.0,1.0,9.0,0.0,1.0,1.0
0.020195381336197752,0.21587966917158638,-1.2170740485175422,-0.2172027409705294,0.0,1.0,1.0,0.0,0.0,2.0,1.0,0.0,2.0
-0.4637911119937961,0.3710802495289459,0.8449031783185711,1.58705268683299,0.0,1.0,1.0,0.0,0.0,5.0,1.0,0.0,1.0
1.0849656666621843,0.3193467227431594,0.7411903722473799,0.42258139609654033,0.0,1.0,1.0,0.0,0.0,6.0,0.0,1.0,2.0
-1.1413722026557875,-0.9532980361871888,-1.2170740485175422,-1.718813139257958,1.0,0.0,0.0,0.0,1.0,1.0,0.0,1.0,1.0
0.6977764719981892,-0.2393753665433349,-0.46362166418230444,-1.1930920017068705,1.0,0.0,1.0,0.0,0.0,1.0,1.0,0.0,4.0
0.11699268000219652,-0.022094554043031577,0.3100930503018787,0.40608392581164693,0.0,1.0,0.0,1.0,0.0,4.0,0.0,1.0,1.0
0.2137899786681953,0.54697424060062,-0.2191532839808482,0.507806786938586,0.0,1.0,0.0,1.0,0.0,9.0,1.0,0.0,2.0
0.6977764719981892,0.2676131959573729,-0.3001799385191197,1.020629740963935,0.0,1.0,1.0,0.0,0.0,2.0,1.0,1.0,1.0
0.31058727733419406,1.0850029191727997,-1.2170740485175422,-1.116529878912741,1.0,0.0,1.0,0.0,0.0,9.0,1.0,0.0,2.0
-0.6573857093257937,-1.5016734201165258,-1.2170740485175422,-0.3311335352795639,1.0,0.0,1.0,0.0,0.0,3.0,1.0,1.0,1.0
0.11699268000219652,0.888415517386811,1.3949206234028682,0.8614670225483335,1.0,0.0,0.0,1.0,0.0,2.0,1.0,0.0,2.0
-0.94777760532379,-0.8394842772584584,0.7445631137553493,1.2861144961202833,0.0,1.0,0.0,1.0,0.0,4.0,1.0,1.0,2.0
2.052938653322172,0.5262808298863054,1.0109116340545719,-1.0145375626995357,1.0,0.0,0.0,1.0,0.0,5.0,1.0,1.0,2.0
-0.8509803066577912,0.2676131959573729,0.03893337797977765,1.2936486273283334,0.0,1.0,1.0,0.0,0.0,1.0,0.0,1.0,1.0
-1.1413722026557875,0.9401490441725975,1.8392337036465052,-1.357975378590481,0.0,1.0,0.0,1.0,0.0,5.0,0.0,0.0,2.0
-0.5605884106597949,-0.03244125940018888,0.9521801817452124,0.29881314275682946,0.0,1.0,1.0,0.0,0.0,7.0,1.0,1.0,1.0
0.2137899786681953,-0.1772951344003911,-1.2170740485175422,0.5466726824221753,1.0,0.0,1.0,0.0,0.0,7.0,1.0,1.0,2.0
-0.1733992159957998,0.9918825709583841,0.9655605502766141,-0.25028952936830157,0.0,1.0,0.0,1.0,0.0,9.0,1.0,0.0,3.0
-1.334966799987785,-0.1359083129717619,1.1627888478220738,0.25856083214248443,0.0,1.0,0.0,1.0,0.0,4.0,1.0,1.0,2.0
-0.1733992159957998,0.7332149370294515,-1.2170740485175422,0.36614125370831135,0.0,1.0,1.0,0.0,0.0,2.0,0.0,0.0,1.0
-0.1733992159957998,1.778232178102339,1.43305714930095,1.281312315932123,0.0,1.0,1.0,0.0,0.0,5.0,1.0,1.0,1.0
0.11699268000219652,1.6023381870306648,0.07881245751907717,0.7476543431544539,0.0,1.0,1.0,0.0,0.0,5.0,1.0,1.0,1.0
-0.4637911119937961,0.6504412941721931,1.0523131974994038,-0.016745378256331198,0.0,1.0,1.0,0.0,0.0,5.0,0.0,1.0,1.0
0.020195381336197752,1.5609513656020357,0.714298461404942,-0.7021084780982062,1.0,0.0,1.0,0.0,0.0,7.0,0.0,1.0,2.0
0.11699268000219652,0.14345273167148526,-1.2170740485175422,1.0783307035363192,1.0,0.0,1.0,0.0,0.0,6.0,1.0,1.0,1.0
-1.818953293317779,-0.6428968754724697,0.7295269977604286,-1.6756831039876419,1.0,0.0,0.0,1.0,0.0,2.0,1.0,0.0,2.0
0.7945737706641879,-1.0878052058302337,-1.2170740485175422,-0.581888716885507,1.0,0.0,1.0,0.0,0.0,8.0,1.0,1.0,1.0
0.31058727733419406,-1.0464183844016044,0.851924029820433,-0.6395608030574262,1.0,0.0,0.0,1.0,0.0,10.0,1.0,0.0,1.0
1.7625467573241755,1.6954585352450806,-1.2170740485175422,-1.059681292016731,1.0,0.0,0.0,0.0,1.0,5.0,0.0,0.0,3.0
-0.36699381332779735,0.09171920488569875,-0.2744002720164958,1.718935382657564,0.0,1.0,0.0,1.0,0.0,8.0,0.0,1.0,1.0
3.0209116399821596,-1.2430057861875932,-1.2170740485175422,-0.006184095717615143,0.0,1.0,0.0,0.0,1.0,1.0,0.0,0.0,2.0
-0.5605884106597949,-0.33249571475775064,0.3983072563536304,-1.103077651197359,1.0,0.0,0.0,1.0,0.0,3.0,0.0,1.0,2.0
-1.818953293317779,1.0022292763155414,-1.2170740485175422,-1.549345372869212,1.0,0.0,1.0,0.0,0.0,7.0,0.0,0.0,2.0
3.0209116399821596,-0.3221490094005933,0.19635943552841933,-1.1569422274091807,1.0,0.0,1.0,0.0,0.0,3.0,1.0,0.0,2.0
-0.6573857093257937,-2.122475741545964,-1.2170740485175422,0.5816028636857714,0.0,1.0,1.0,0.0,0.0,8.0,0.0,0.0,2.0
3.4081008346461545,1.9644728745311704,0.5211638788988968,-0.6789139443103063,0.0,1.0,1.0,0.0,0.0,9.0,0.0,1.0,1.0
-1.0445749039897887,0.784948463815238,-1.2170740485175422,-1.035050244282811,0.0,1.0,0.0,0.0,1.0,1.0,1.0,0.0,1.0
-0.27019651466179856,0.2779599013145302,0.6870057953754599,-0.8121343480841288,0.0,1.0,0.0,1.0,0.0,6.0,1.0,0.0,2.0
0.2137899786681953,-0.10486819690028999,-1.2170740485175422,-0.5994793154867956,0.0,1.0,1.0,0.0,0.0,6.0,1.0,0.0,2.0
0.5041818746661916,-0.8084441611869866,-1.2170740485175422,-0.08690337645337566,1.0,0.0,0.0,0.0,1.0,4.0,1.0,1.0,1.0
-0.4637911119937961,1.395404079887519,-1.2170740485175422,0.29877730818757786,1.0,0.0,0.0,0.0,1.0,9.0,1.0,0.0,2.0
0.2137899786681953,-0.35318912547206527,-1.2170740485175422,-1.4849083810486154,0.0,1.0,1.0,0.0,0.0,7.0,0.0,1.0,2.0
0.11699268000219652,-0.18764183975754842,0.16817266586863722,0.3030421437911833,0.0,1.0,0.0,1.0,0.0,5.0,1.0,1.0,2.0
-0.36699381332779735,-1.9983152772600763,1.459328878229383,0.6163032514251856,1.0,0.0,0.0,0.0,1.0,5.0,1.0,0.0,1.0
1.181762965328183,-0.2704154826148068,0.786219790911308,-0.13246181263025977,1.0,0.0,1.0,0.0,0.0,4.0,1.0,0.0,2.0
-1.4317640986537838,0.9401490441725975,-1.2170740485175422,-1.6662798346892573,0.0,1.0,0.0,0.0,1.0,8.0,1.0,0.0,2.0
1.2785602639941818,0.8159885798867099,-1.2170740485175422,0.39209539723702774,1.0,0.0,0.0,0.0,1.0,7.0,0.0,1.0,2.0
-0.27019651466179856,-0.053134670114503485,1.1101881621887995,-0.8113466833774711,1.0,0.0,0.0,1.0,0.0,6.0,1.0,0.0,2.0
-0.27019651466179856,0.25726649060021556,0.11282054590666535,0.2426909886821537,0.0,1.0,0.0,0.0,1.0,1.0,1.0,0.0,1.0
1.3753575626601806,-0.16694842904323381,0.6638156857553432,0.41380018708768934,0.0,1.0,0.0,1.0,0.0,8.0,0.0,1.0,1.0
0.31058727733419406,-0.011747848685874276,1.9100808870799364,1.2383212700833217,0.0,1.0,0.0,0.0,1.0,4.0,1.0,0.0,1.0
2.6337224453181647,-0.9429513308300315,-1.2170740485175422,-1.4600012679680818,1.0,0.0,1.0,0.0,0.0,9.0,1.0,1.0,1.0
-0.5605884106597949,0.9711891602440694,-1.2170740485175422,1.2972169502363875,1.0,0.0,1.0,0.0,0.0,1.0,1.0,1.0,2.0
-0.27019651466179856,-0.022094554043031577,-1.2170740485175422,1.0752016150329273,0.0,1.0,0.0,0.0,1.0,8.0,1.0,0.0,2.0
-1.334966799987785,-2.432876902260683,0.35410121036039577,1.0552869880568714,1.0,0.0,0.0,1.0,0.0,0.0,1.0,1.0,2.0
-1.7221559946517802,-1.5741003576166268,1.6203800582100445,0.9404231033135368,1.0,0.0,1.0,0.0,0.0,3.0,1.0,1.0,1.0
-0.8509803066577912,0.25726649060021556,-1.2170740485175422,1.377854646443123,1.0,0.0,0.0,0.0,1.0,5.0,0.0,0.0,2.0
-0.36699381332779735,0.3710802495289459,-1.2170740485175422,-0.46489041386684316,0.0,1.0,1.0,0.0,0.0,9.0,0.0,1.0,2.0
0.40738457600019284,-0.1462550183289192,-1.2170740485175422,-1.5256091456412648,0.0,1.0,0.0,0.0,1.0,8.0,1.0,0.0,1.0
-0.36699381332779735,0.3607335441717886,-1.2170740485175422,-1.5837195964467483,0.0,1.0,1.0,0.0,0.0,4.0,1.0,0.0,1.0
-0.5605884106597949,-1.543060241545155,-1.2170740485175422,0.41140727284193324,0.0,1.0,1.0,0.0,0.0,8.0,1.0,1.0,2.0
0.40738457600019284,-1.4188997772592673,0.31901447483880674,1.7293708962954601,0.0,1.0,0.0,1.0,0.0,1.0,0.0,1.0,1.0
-1.1413722026557875,-1.5947937683309414,-0.007202337193270296,1.1301170486857648,0.0,1.0,0.0,0.0,1.0,9.0,1.0,1.0,1.0
-1.5285613973197827,0.3090000173860021,1.318977435081961,0.8332606937375726,0.0,1.0,1.0,0.0,0.0,7.0,0.0,0.0,1.0
-0.27019651466179856,0.7642550531009233,0.6934825007448938,0.05024369592101753,1.0,0.0,1.0,0.0,0.0,1.0,1.0,1.0,1.0
-0.36699381332779735,0.16414614238579986,0.3516312531004964,-0.7418317939305401,0.0,1.0,0.0,0.0,1.0,4.0,0.0,0.0,2.0
3.311303535980156,0.9504957495297548,-1.2170740485175422,0.13931451874304862,1.0,0.0,1.0,0.0,0.0,6.0,0.0,1.0,2.0
-0.1733992159957998,-0.5808166433295259,1.3081014247771763,0.6072470207950391,0.0,1.0,0.0,0.0,1.0,2.0,1.0,0.0,1.0
1.9561413546561732,0.6814814102436649,-1.2170740485175422,1.2293334034615049,1.0,0.0,1.0,0.0,0.0,4.0,1.0,1.0,2.0
-0.27019651466179856,-0.45665617904363826,0.49819898308425475,1.7126662465349416,0.0,1.0,0.0,1.0,0.0,10.0,0.0,0.0,2.0
-1.0445749039897887,-1.1809255540446495,0.2130305619555193,1.565261615689373,0.0,1.0,1.0,0.0,0.0,0.0,1.0,1.0,2.0
-0.4637911119937961,-2.3811433754748963,-1.2170740485175422,-0.05642137854091535,0.0,1.0,1.0,0.0,0.0,2.0,1.0,1.0,2.0
-0.4637911119937961,1.333323847744575,0.29574125634115206,1.3459971925157463,0.0,1.0,0.0,1.0,0.0,5.0,1.0,0.0,2.0
-0.07660191732980101,0.11241261560001335,0.33385993874715136,0.35487910961855224,1.0,0.0,1.0,0.0,0.0,2.0,1.0,0.0,1.0
0.6009791733321904,-0.7360172236868854,0.4505874021381421,-0.9120413011119515,0.0,1.0,0.0,1.0,0.0,8.0,1.0,0.0,1.0
-0.4637911119937961,-0.9843381522586606,1.415356405155031,0.07204085546232268,0.0,1.0,1.0,0.0,0.0,8.0,1.0,1.0,1.0
-0.36699381332779735,-0.20833525047186302,0.5896590971732267,-1.3113793054932756,0.0,1.0,1.0,0.0,0.0,9.0,1.0,0.0,2.0
-0.07660191732980101,-0.891217804044245,1.12027375401998,-0.2785685710428837,1.0,0.0,0.0,1.0,0.0,7.0,1.0,1.0,2.0
-0.4637911119937961,0.14345273167148526,0.3365240846416071,1.2447288737648003,1.0,0.0,1.0,0.0,0.0,1.0,0.0,0.0,2.0
-0.36699381332779735,0.2676131959573729,-1.2170740485175422,-0.40394450928076814,1.0,0.0,0.0,0.0,1.0,0.0,0.0,0.0,2.0
-0.36699381332779735,-0.9429513308300315,-1.2170740485175422,-1.6726926569973257,1.0,0.0,1.0,0.0,0.0,1.0,1.0,0.0,2.0
0.5041818746661916,0.23657307988590098,0.8983257898529107,1.2435348520009974,1.0,0.0,0.0,1.0,0.0,4.0,0.0,1.0,1.0
-0.6573857093257937,-0.18764183975754842,1.4086540037235797,-0.44260026806699837,0.0,1.0,0.0,0.0,1.0,5.0,1.0,1.0,2.0
3.311303535980156,0.5780143566720919,-0.14689582166416967,-0.6451943104613812,0.0,1.0,1.0,0.0,0.0,6.0,1.0,1.0,1.0
0.2137899786681953,-0.5497765272580539,0.25440206474251853,1.5935961487600294,0.0,1.0,0.0,1.0,0.0,3.0,1.0,0.0,1.0
-0.36699381332779735,0.34004013345747397,0.9670899465259266,-0.21986563216521038,0.0,1.0,1.0,0.0,0.0,6.0,1.0,1.0,1.0
0.31058727733419406,-1.036071679044447,-0.4101850672082246,-1.330038504865986,0.0,1.0,1.0,0.0,0.0,1.0,1.0,1.0,1.0
-0.07660191732980101,0.008945562028440329,-1.2170740485175422,0.7974327347462691,0.0,1.0,1.0,0.0,0.0,6.0,1.0,1.0,2.0
0.6977764719981892,0.8263352852438672,-1.2170740485175422,0.9246837255179575,0.0,1.0,0.0,0.0,1.0,10.0,1.0,0.0,2.0
-0.5605884106597949,0.10206591024285605,-1.2170740485175422,-0.2728277338853934,0.0,1.0,1.0,0.0,0.0,9.0,1.0,1.0,2.0
-0.4637911119937961,-0.07382808082881809,0.7472692159690265,1.4306172226733467,1.0,0.0,0.0,1.0,0.0,10.0,1.0,1.0,2.0
-0.94777760532379,-2.4846104290464694,-0.25742902126761036,-0.8067210667222737,0.0,1.0,1.0,0.0,0.0,0.0,1.0,1.0,2.0
-0.07660191732980101,-0.33249571475775064,0.7064622748414329,-1.5866731651424948,1.0,0.0,0.0,0.0,1.0,10.0,1.0,1.0,1.0
1.9561413546561732,-1.1809255540446495,-1.2170740485175422,0.06855672639658823,0.0,1.0,1.0,0.0,0.0,9.0,0.0,0.0,2.0
1.3753575626601806,0.42281377631473244,1.209110231764089,0.34718650611638463,0.0,1.0,0.0,1.0,0.0,7.0,0.0,0.0,2.0
0.40738457600019284,-1.0774585004730763,0.2674781293954312,-0.3408768850774,0.0,1.0,1.0,0.0,0.0,1.0,0.0,1.0,1.0
-0.1733992159957998,0.029638972742754933,0.12630861839928645,-0.9186865262574968,0.0,1.0,1.0,0.0,0.0,6.0,1.0,0.0,1.0
-0.6573857093257937,0.6918281156008222,-1.2170740485175422,-1.0169252583187014,0.0,1.0,0.0,0.0,1.0,8.0,1.0,1.0,2.0
-0.7541830079917924,-0.9015645094014022,0.7354520016449307,-1.3816592455983074,0.0,1.0,0.0,0.0,1.0,5.0,1.0,1.0,1.0
-0.7541830079917924,-0.9326046254728741,0.09273906196125954,-0.6023006789755943,1.0,0.0,1.0,0.0,0.0,1.0,1.0,1.0,2.0
-0.27019651466179856,0.34004013345747397,1.582913708154236,0.34741073310553694,1.0,0.0,0.0,0.0,1.0,5.0,1.0,0.0,1.0
-0.5605884106597949,-0.9222579201157168,-1.2170740485175422,0.20407715286286385,0.0,1.0,1.0,0.0,0.0,6.0,1.0,0.0,2.0
-0.27019651466179856,1.0436160977441706,-1.2170740485175422,-0.9443600816298885,0.0,1.0,0.0,0.0,1.0,2.0,1.0,1.0,2.0
-0.5605884106597949,0.3503868388146313,1.5946860726198535,-0.9728590014381311,0.0,1.0,1.0,0.0,0.0,6.0,1.0,1.0,1.0
3.1177089386481582,0.784948463815238,-1.2170740485175422,1.7149836646493615,0.0,1.0,0.0,0.0,1.0,8.0,1.0,1.0,1.0
-1.0445749039897887,1.4471376066733053,-1.2170740485175422,1.2972947077725792,0.0,1.0,1.0,0.0,0.0,4.0,1.0,0.0,1.0
0.40738457600019284,-0.49804300047226746,0.837723503661956,-1.3981629782351093,0.0,1.0,1.0,0.0,0.0,5.0,1.0,1.0,1.0
0.2137899786681953,0.753908347743766,0.5479567663978856,0.8651598966776696,1.0,0.0,1.0,0.0,0.0,5.0,0.0,1.0,1.0
-0.4637911119937961,-0.08417478618597539,0.6709839470071126,-0.599860797090528,1.0,0.0,0.0,0.0,1.0,8.0,1.0,0.0,1.0
-0.6573857093257937,0.08137249952854145,0.5125247351916716,0.044500075496012474,0.0,1.0,0.0,0.0,1.0,3.0,1.0,1.0,2.0
-0.7541830079917924,-2.132822446903121,1.1147422714743802,1.3226581027713022,0.0,1.0,1.0,0.0,0.0,7.0,1.0,1.0,1.0
2.827317042650162,1.8920459370310694,0.8754253556628191,-0.11735806355334795,1.0,0.0,0.0,1.0,0.0,9.0,0.0,1.0,2.0
-1.5285613973197827,-0.5911633486866832,1.2949615415084368,1.0630298643285232,0.0,1.0,1.0,0.0,0.0,5.0,1.0,0.0,1.0
-0.4637911119937961,-0.2186819558290203,-1.2170740485175422,0.24610449233470313,0.0,1.0,1.0,0.0,0.0,9.0,1.0,1.0,2.0
0.6977764719981892,-1.3982063665449527,-0.21699791873901728,1.2493943259363014,1.0,0.0,1.0,0.0,0.0,6.0,0.0,1.0,1.0
-0.1733992159957998,2.057593222745586,-1.2170740485175422,0.004216105213687988,1.0,0.0,1.0,0.0,0.0,9.0,0.0,0.0,1.0
-0.1733992159957998,0.4745473031005189,1.484637540841899,-1.1204071445149257,1.0,0.0,0.0,0.0,1.0,7.0,1.0,0.0,1.0
1.665749458658177,-0.0014011433287169732,-1.2170740485175422,0.25508627055883154,0.0,1.0,1.0,0.0,0.0,2.0,1.0,0.0,1.0
3.4081008346461545,0.6297478834578785,-1.2170740485175422,0.8970319627594989,0.0,1.0,0.0,0.0,1.0,5.0,0.0,0.0,2.0
-0.4637911119937961,-0.8808710986870877,-1.2170740485175422,1.5356156417566384,0.0,1.0,1.0,0.0,0.0,3.0,0.0,0.0,1.0
-0.8509803066577912,-1.8327679915455595,-1.2170740485175422,-0.6384201852390619,1.0,0.0,1.0,0.0,0.0,9.0,0.0,0.0,2.0
-1.0445749039897887,-0.042787964757346184,1.1876824483034434,0.042905785072753444,0.0,1.0,0.0,0.0,1.0,6.0,1.0,0.0,2.0
0.2137899786681953,-0.7256705183297281,-1.2170740485175422,-1.2197939744259405,0.0,1.0,1.0,0.0,0.0,8.0,0.0,0.0,2.0
-1.1413722026557875,-0.9739914469015034,0.19335079771024302,0.404232531051718,1.0,0.0,1.0,0.0,0.0,3.0,1.0,1.0,1.0
1.665749458658177,0.5366275352434627,-1.2170740485175422,-0.2489521693274923,0.0,1.0,1.0,0.0,0.0,9.0,0.0,0.0,1.0
-0.94777760532379,0.753908347743766,-1.2170740485175422,-1.5808253461399087,0.0,1.0,1.0,0.0,0.0,4.0,1.0,0.0,1.0
-1.6253586959857813,0.6814814102436649,0.5908263187589169,-0.11969687803678697,1.0,0.0,1.0,0.0,0.0,5.0,1.0,1.0,1.0
-0.94777760532379,1.0746562138156424,0.664303407872267,-1.3567820526435568,0.0,1.0,1.0,0.0,0.0,9.0,1.0,1.0,1.0
-1.334966799987785,0.4745473031005189,0.11607352703984632,0.4960337393056614,1.0,0.0,0.0,0.0,1.0,5.0,1.0,1.0,2.0
-1.1413722026557875,-0.6739369915439416,0.8764305390501378,1.6102675732645912,0.0,1.0,1.0,0.0,0.0,5.0,1.0,1.0,2.0
-0.4637911119937961,1.6023381870306648,0.3286012526525798,0.7628297613698687,0.0,1.0,0.0,1.0,0.0,2.0,1.0,0.0,2.0
0.9881683679961855,1.2091633834586875,0.9271134511649871,0.04415877731702353,0.0,1.0,0.0,1.0,0.0,1.0,1.0,0.0,1.0
-1.7221559946517802,0.8677221066724964,1.6558598328139933,-1.3476353658191826,1.0,0.0,1.0,0.0,0.0,1.0,1.0,0.0,2.0
0.5041818746661916,0.5573209459577774,1.7496415298998718,-0.5392300975504917,0.0,1.0,0.0,0.0,1.0,0.0,1.0,0.0,1.0
-0.07660191732980101,0.7021748209579796,-1.2170740485175422,0.4699856604983241,0.0,1.0,0.0,0.0,1.0,0.0,1.0,0.0,1.0
-0.4637911119937961,0.49524071381483353,1.7596353322357448,0.36488269492901176,0.0,1.0,0.0,1.0,0.0,4.0,1.0,0.0,2.0
-0.94777760532379,0.42281377631473244,-1.2170740485175422,0.6787963048409896,1.0,0.0,0.0,0.0,1.0,4.0,0.0,0.0,2.0
-0.36699381332779735,2.057593222745586,0.6200854662176439,0.5184166027045894,1.0,0.0,0.0,1.0,0.0,7.0,0.0,1.0,1.0
2.5369251466521656,-0.0014011433287169732,-1.2170740485175422,1.5759443182734179,1.0,0.0,1.0,0.0,0.0,0.0,1.0,1.0,2.0
-0.94777760532379,1.0746562138156424,-1.2170740485175422,-1.654735188946757,1.0,0.0,1.0,0.0,0.0,3.0,1.0,0.0,3.0
-0.94777760532379,-0.7256705183297281,-1.2170740485175422,-0.9241057220628205,1.0,0.0,0.0,0.0,1.0,8.0,1.0,0.0,2.0
0.40738457600019284,-1.439593187973582,-1.2170740485175422,-0.8243226244394014,0.0,1.0,1.0,0.0,0.0,1.0,1.0,1.0,2.0
1.0849656666621843,-1.4602865986878966,0.7752328616016856,-1.3236295095507502,1.0,0.0,0.0,1.0,0.0,7.0,1.0,1.0,1.0
2.1497359519881707,-0.8394842772584584,1.0673004448313235,-0.9505667681876501,1.0,0.0,1.0,0.0,0.0,6.0,1.0,1.0,1.0
-0.36699381332779735,-0.45665617904363826,-1.2170740485175422,0.2493043802054998,0.0,1.0,1.0,0.0,0.0,2.0,1.0,1.0,2.0
0.2137899786681953,-0.311802304043436,0.46490286610597975,-0.07493028146783236,0.0,1.0,0.0,0.0,1.0,5.0,1.0,1.0,1.0
0.7945737706641879,-0.5704699379723686,1.0364641577255498,1.2951345442727389,0.0,1.0,0.0,1.0,0.0,5.0,1.0,1.0,2.0
-1.2381695013217864,-0.042787964757346184,0.5505271937708626,0.6389955793809035,1.0,0.0,0.0,0.0,1.0,8.0,1.0,1.0,1.0
-0.7541830079917924,2.057593222745586,0.25047601422780824,1.0835674213652111,1.0,0.0,0.0,0.0,1.0,4.0,1.0,1.0,1.0
-1.6253586959857813,0.06067908881422684,-1.2170740485175422,1.1925149491434104,1.0,0.0,0.0,0.0,1.0,6.0,0.0,1.0,3.0
-1.334966799987785,-0.42561606297216636,-1.2170740485175422,0.41514415738884586,1.0,0.0,1.0,0.0,0.0,2.0,1.0,0.0,2.0
-0.4637911119937961,0.42281377631473244,0.5463625870196609,-1.0778165412798006,1.0,0.0,0.0,0.0,1.0,4.0,1.0,1.0,1.0
1.0849656666621843,-2.4949571344036268,0.4270798069606999,-0.17458413110603802,1.0,0.0,0.0,1.0,0.0,2.0,1.0,0.0,2.0
-0.07660191732980101,-0.6015100540438405,1.07618505711882,0.6171620634076874,1.0,0.0,0.0,1.0,0.0,5.0,0.0,1.0,2.0
0.6977764719981892,0.15379943702864254,0.7742144965355313,1.3565883951802453,0.0,1.0,1.0,0.0,0.0,5.0,1.0,1.0,1.0
-0.07660191732980101,0.039985678099912235,-1.2170740485175422,-0.16296659854549658,0.0,1.0,0.0,0.0,1.0,9.0,0.0,1.0,1.0
3.4081008346461545,0.8470286959581818,0.49566858300432776,0.6041584636248298,0.0,1.0,0.0,1.0,0.0,3.0,1.0,1.0,1.0
0.6977764719981892,-1.3982063665449527,0.4699834387840873,0.27711879015934804,1.0,0.0,1.0,0.0,0.0,1.0,1.0,0.0,1.0
-1.4317640986537838,0.46420059774336164,-1.2170740485175422,-1.5477606499280343,0.0,1.0,0.0,0.0,1.0,9.0,0.0,0.0,1.0
0.020195381336197752,-0.1255616076146046,1.062217460870502,-0.12877363526485433,1.0,0.0,0.0,0.0,1.0,1.0,1.0,0.0,1.0
-0.5605884106597949,0.18483955310011446,-1.2170740485175422,0.49888954572995436,1.0,0.0,0.0,0.0,1.0,8.0,0.0,1.0,2.0
-0.5605884106597949,0.42281377631473244,-1.2170740485175422,0.2373994752740664,0.0,1.0,1.0,0.0,0.0,9.0,1.0,0.0,1.0
0.7945737706641879,-0.46700288440079557,0.2872236412827054,0.6586231818945069,0.0,1.0,1.0,0.0,0.0,3.0,0.0,1.0,2.0
-0.7541830079917924,-0.07382808082881809,0.1654959813040694,-0.4511631645301659,1.0,0.0,0.0,0.0,1.0,5.0,1.0,1.0,1.0
-0.8509803066577912,0.5262808298863054,-1.2170740485175422,0.794599020507874,0.0,1.0,0.0,0.0,1.0,2.0,1.0,1.0,2.0
0.40738457600019284,-1.5534069469023122,0.46332058238914353,-0.3259049932989967,0.0,1.0,0.0,0.0,1.0,6.0,0.0,0.0,1.0
0.31058727733419406,0.19518625845727178,0.09448756343317129,1.537217934074002,0.0,1.0,0.0,0.0,1.0,3.0,1.0,0.0,1.0
0.40738457600019284,0.18483955310011446,1.3625899840232238,-0.06776475925125952,1.0,0.0,1.0,0.0,0.0,1.0,1.0,1.0,1.0
-0.8509803066577912,1.0436160977441706,0.09343206461322354,-1.0954391474575083,0.0,1.0,0.0,1.0,0.0,4.0,1.0,1.0,1.0
1.0849656666621843,-0.44630947368648094,-1.2170740485175422,-0.10941583574595641,0.0,1.0,1.0,0.0,0.0,6.0,1.0,0.0,1.0
2.052938653322172,0.443507187029047,-1.2170740485175422,-0.7439973500111896,0.0,1.0,1.0,0.0,0.0,9.0,1.0,1.0,1.0
0.11699268000219652,1.1677765620300582,0.3981723852738351,0.4216128190014279,1.0,0.0,1.0,0.0,0.0,9.0,1.0,0.0,1.0
0.020195381336197752,-0.09452149154313269,-1.2170740485175422,-0.40074618699794845,1.0,0.0,1.0,0.0,0.0,4.0,1.0,1.0,1.0
1.3753575626601806,-1.1912722594018068,1.096534997206369,-1.7019491474322235,0.0,1.0,0.0,0.0,1.0,2.0,1.0,0.0,1.0
-1.0445749039897887,1.3747106691732043,-0.08805136057162057,1.3810928042422472,0.0,1.0,0.0,1.0,0.0,2.0,1.0,1.0,2.0
-0.5605884106597949,-0.042787964757346184,-1.2170740485175422,0.91263948325657,1.0,0.0,1.0,0.0,0.0,4.0,1.0,0.0,1.0
0.5041818746661916,2.057593222745586,1.0397844940225378,1.5034311538962852,0.0,1.0,0.0,1.0,0.0,3.0,0.0,1.0,2.0
1.181762965328183,1.0332693923870133,1.163260494720905,0.8098041848948524,1.0,0.0,0.0,1.0,0.0,7.0,1.0,0.0,1.0
-1.0445749039897887,-0.7463639290440427,-1.2170740485175422,1.340612961508576,0.0,1.0,1.0,0.0,0.0,4.0,1.0,1.0,2.0
0.11699268000219652,0.7021748209579796,0.8468090561756076,1.3260985693279,0.0,1.0,0.0,0.0,1.0,4.0,1.0,1.0,1.0
0.2137899786681953,-0.37388253618637984,-1.2170740485175422,0.8596864271558096,0.0,1.0,0.0,0.0,1.0,4.0,0.0,1.0,1.0
-0.7541830079917924,1.2195100888158448,1.1767464774351741,-0.8009106478769161,1.0,0.0,0.0,1.0,0.0,7.0,1.0,0.0,2.0
-0.6573857093257937,0.5987077673864065,0.1945694599938289,0.6735451488118654,1.0,0.0,1.0,0.0,0.0,2.0,1.0,0.0,1.0
-0.6573857093257937,-0.5911633486866832,0.7131572816725614,1.0977050287060859,1.0,0.0,0.0,1.0,0.0,4.0,1.0,1.0,2.0
0.5041818746661916,-0.8084441611869866,-1.2170740485175422,-0.6511842500614363,0.0,1.0,0.0,0.0,1.0,8.0,0.0,0.0,2.0
-0.4637911119937961,-0.26006877725764954,-1.2170740485175422,-1.0783143982564911,1.0,0.0,1.0,0.0,0.0,3.0,1.0,1.0,2.0
-0.7541830079917924,0.49524071381483353,0.6234368276855503,0.670378312242806,0.0,1.0,0.0,0.0,1.0,6.0,0.0,0.0,1.0
2.440127847986167,0.5573209459577774,1.2499777764638913,0.8126265921089691,1.0,0.0,0.0,1.0,0.0,3.0,0.0,0.0,3.0
0.40738457600019284,0.5676676513149347,-1.2170740485175422,-1.181078201433925,1.0,0.0,0.0,0.0,1.0,1.0,1.0,0.0,2.0
-1.4317640986537838,0.29865331202884476,-1.2170740485175422,0.9587128239236721,1.0,0.0,1.0,0.0,0.0,10.0,1.0,0.0,3.0
-0.8509803066577912,1.2919370263159458,-1.2170740485175422,-0.6253624856938874,0.0,1.0,0.0,0.0,1.0,6.0,0.0,1.0,2.0
0.11699268000219652,0.5573209459577774,0.27615151331719334,0.16765705370780953,1.0,0.0,0.0,1.0,0.0,3.0,1.0,1.0,1.0
-0.94777760532379,-0.6325501701153124,1.4663743248149264,0.39364167629565844,1.0,0.0,0.0,0.0,1.0,2.0,1.0,0.0,2.0
-0.5605884106597949,-0.1359083129717619,0.8620247323566206,-0.752760641735415,1.0,0.0,0.0,1.0,0.0,5.0,1.0,1.0,1.0
1.2785602639941818,-1.6775674111882,0.8958768911287124,-1.0892766452715423,1.0,0.0,0.0,1.0,0.0,1.0,1.0,0.0,1.0
-0.5605884106597949,-1.6361805897595707,0.24242216921132784,-0.6992813741201584,1.0,0.0,1.0,0.0,0.0,8.0,1.0,1.0,1.0
1.9561413546561732,-0.37388253618637984,1.2868991766263673,0.1811990418005402,0.0,1.0,0.0,0.0,1.0,4.0,1.0,1.0,1.0
1.181762965328183,0.4848940084576762,1.1015818119264826,0.9964953325271674,1.0,0.0,1.0,0.0,0.0,6.0,1.0,0.0,4.0
3.0209116399821596,0.16414614238579986,0.026455311439902974,-1.3738335671180935,0.0,1.0,0.0,1.0,0.0,3.0,1.0,1.0,2.0
-0.4637911119937961,0.039985678099912235,0.5477227112224601,0.5944994816235332,1.0,0.0,0.0,0.0,1.0,4.0,1.0,0.0,2.0
1.181762965328183,-0.2393753665433349,0.775952549115683,-1.0317666844323536,1.0,0.0,1.0,0.0,0.0,3.0,1.0,1.0,2.0
0.31058727733419406,-0.03244125940018888,0.37108692880556443,-0.1867346593956426,0.0,1.0,0.0,0.0,1.0,2.0,1.0,0.0,2.0
-0.5605884106597949,1.6644184191736087,0.8269564833358379,0.09610620407388186,0.0,1.0,0.0,1.0,0.0,2.0,0.0,1.0,2.0
-1.2381695013217864,0.3607335441717886,-0.2939929085797112,-0.35955104451300207,0.0,1.0,0.0,1.0,0.0,1.0,1.0,1.0,1.0
-0.1733992159957998,1.2919370263159458,0.4510387942621771,1.639352022976237,1.0,0.0,0.0,1.0,0.0,2.0,1.0,0.0,2.0
0.6977764719981892,-1.4499398933307392,-1.2170740485175422,0.2769488368867321,1.0,0.0,1.0,0.0,0.0,1.0,1.0,1.0,1.0
0.8913710693301867,-0.44630947368648094,0.0014554537669422224,0.4506155102298296,0.0,1.0,0.0,0.0,1.0,7.0,1.0,0.0,1.0
1.8593440559901744,1.5195645441734065,-1.2170740485175422,0.3342159576352639,1.0,0.0,0.0,0.0,1.0,9.0,0.0,0.0,2.0
-0.6573857093257937,2.057593222745586,-1.2170740485175422,0.963155092831339,1.0,0.0,1.0,0.0,0.0,7.0,0.0,0.0,2.0
0.6977764719981892,0.3193467227431594,-1.2170740485175422,0.25369428889304674,1.0,0.0,1.0,0.0,0.0,2.0,1.0,1.0,1.0
3.5048981333121536,-0.1152149022574473,0.4918487896812084,0.2360572445151067,1.0,0.0,0.0,1.0,0.0,1.0,0.0,1.0,2.0
0.020195381336197752,0.443507187029047,0.5036613421920572,0.04219274672633336,0.0,1.0,0.0,0.0,1.0,0.0,1.0,1.0,1.0
0.5041818746661916,0.34004013345747397,0.9334181517008318,-0.8696606606199662,1.0,0.0,0.0,1.0,0.0,2.0,0.0,1.0,2.0
1.3753575626601806,-0.9015645094014022,-0.4860972303582135,-1.0229026732149404,1.0,0.0,1.0,0.0,0.0,2.0,1.0,1.0,1.0
-0.6573857093257937,-1.6361805897595707,-0.4750230126143493,-0.35280162078987554,0.0,1.0,0.0,0.0,1.0,8.0,1.0,1.0,1.0
0.11699268000219652,-0.1462550183289192,-1.2170740485175422,1.4221089478351552,1.0,0.0,0.0,0.0,1.0,6.0,1.0,1.0,2.0
-0.5605884106597949,-1.2119656701161212,1.2140393758877661,1.7304607194816815,1.0,0.0,0.0,0.0,1.0,3.0,0.0,0.0,1.0
0.6009791733321904,2.057593222745586,0.749105327379542,-1.398177764343781,1.0,0.0,0.0,0.0,1.0,2.0,1.0,1.0,1.0
-1.1413722026557875,-0.860177687972773,0.6528062511403913,-0.9444801100414595,1.0,0.0,0.0,0.0,1.0,1.0,0.0,1.0,1.0
-1.1413722026557875,-1.6258338844024134,-1.2170740485175422,-1.347345905997655,0.0,1.0,0.0,0.0,1.0,2.0,1.0,0.0,2.0
-1.6253586959857813,-0.2393753665433349,-1.2170740485175422,-0.251057885156576,1.0,0.0,0.0,0.0,1.0,3.0,1.0,0.0,1.0
0.6009791733321904,1.7885788834594962,0.8599965220899006,-0.6907186516112106,0.0,1.0,1.0,0.0,0.0,3.0,0.0,0.0,1.0
0.7945737706641879,0.10206591024285605,-1.2170740485175422,0.12845855775621456,0.0,1.0,1.0,0.0,0.0,5.0,0.0,1.0,1.0
-0.1733992159957998,1.2919370263159458,-1.2170740485175422,-1.5967899946499584,0.0,1.0,1.0,0.0,0.0,2.0,0.0,1.0,1.0
0.40738457600019284,-2.194902679046065,-1.2170740485175422,0.0875095604920986,1.0,0.0,1.0,0.0,0.0,8.0,0.0,1.0,1.0
0.31058727733419406,0.5676676513149347,-1.2170740485175422,-1.237586012013605,0.0,1.0,0.0,0.0,1.0,9.0,1.0,1.0,2.0
-0.6573857093257937,-1.5223668308308405,1.5203944522057609,-1.4646893341881402,0.0,1.0,0.0,1.0,0.0,8.0,0.0,1.0,2.0
0.11699268000219652,-1.439593187973582,1.251075874611784,-1.3352301685519836,1.0,0.0,0.0,1.0,0.0,8.0,0.0,0.0,2.0
-0.94777760532379,0.029638972742754933,0.3418197437377913,0.7226993926635116,1.0,0.0,1.0,0.0,0.0,4.0,0.0,1.0,1.0
-0.27019651466179856,-1.1395387326160202,-1.2170740485175422,0.43379222369149745,0.0,1.0,1.0,0.0,0.0,5.0,1.0,0.0,2.0
-0.4637911119937961,1.9644728745311704,-1.2170740485175422,0.725806041072566,0.0,1.0,1.0,0.0,0.0,4.0,1.0,0.0,2.0
0.5041818746661916,-2.1121290361888065,0.21665584513972064,-0.4253259182370664,1.0,0.0,1.0,0.0,0.0,5.0,1.0,1.0,1.0
-0.1733992159957998,0.7021748209579796,0.4138484557010147,-1.288219736503529,1.0,0.0,1.0,0.0,0.0,9.0,1.0,0.0,1.0
-0.7541830079917924,-1.4499398933307392,0.9918424065924454,1.078451601718989,1.0,0.0,1.0,0.0,0.0,5.0,0.0,1.0,1.0
1.181762965328183,-0.20833525047186302,0.4009738135308002,1.247759852088299,0.0,1.0,1.0,0.0,0.0,8.0,1.0,0.0,1.0
-0.6573857093257937,-0.9119112147585595,-1.2170740485175422,-1.3940449599929035,0.0,1.0,0.0,0.0,1.0,6.0,1.0,1.0,2.0
1.665749458658177,-0.4773495897579529,-0.025431313005706425,-0.6550926534689417,1.0,0.0,0.0,1.0,0.0,1.0,1.0,1.0,2.0
0.020195381336197752,0.07102579417138415,-1.2170740485175422,0.8292635736780365,1.0,0.0,1.0,0.0,0.0,4.0,1.0,1.0,1.0
0.11699268000219652,0.24691978524305827,0.6027830659760547,-1.1355963051136946,0.0,1.0,1.0,0.0,0.0,7.0,1.0,0.0,2.0
-0.7541830079917924,0.3917736602432605,-1.2170740485175422,0.6393048699834735,1.0,0.0,0.0,0.0,1.0,4.0,1.0,1.0,2.0
0.6977764719981892,-0.07382808082881809,0.3171651817494555,0.15486028549213743,1.0,0.0,1.0,0.0,0.0,9.0,1.0,0.0,1.0
-0.6573857093257937,0.22622637452874367,-1.2170740485175422,-0.46942174733498043,1.0,0.0,0.0,0.0,1.0,0.0,1.0,1.0,1.0
0.31058727733419406,-0.34284242011490795,1.2516343276883144,-0.4032100745653289,0.0,1.0,0.0,1.0,0.0,8.0,1.0,1.0,2.0
-1.6253586959857813,0.12275932095717065,-1.2170740485175422,0.5561048281210249,0.0,1.0,1.0,0.0,0.0,6.0,0.0,1.0,2.0
1.568952159992178,0.9401490441725975,1.2777382313398626,0.37137431849859015,0.0,1.0,0.0,1.0,0.0,5.0,0.0,1.0,1.0
-1.7221559946517802,0.3503868388146313,0.35759805255203864,1.1325738041301388,1.0,0.0,0.0,1.0,0.0,6.0,1.0,1.0,1.0
0.2137899786681953,-0.7153238129725709,-0.08619081482960468,1.360588994324175,0.0,1.0,0.0,1.0,0.0,6.0,0.0,1.0,2.0
-0.27019651466179856,1.46783101738762,-1.2170740485175422,0.854720208138502,1.0,0.0,0.0,0.0,1.0,0.0,0.0,0.0,1.0
1.7625467573241755,1.064309508458485,0.4086910434804254,-0.5028021704555523,0.0,1.0,0.0,1.0,0.0,2.0,1.0,1.0,2.0
1.2785602639941818,0.09171920488569875,0.17973122993362584,-0.15622709021289127,1.0,0.0,0.0,1.0,0.0,4.0,1.0,0.0,1.0
-0.07660191732980101,-0.2393753665433349,0.6078785886069882,-0.9361209139695233,0.0,1.0,0.0,1.0,0.0,10.0,1.0,0.0,1.0
0.11699268000219652,0.008945562028440329,0.0677756950333684,-1.1539095095434853,1.0,0.0,1.0,0.0,0.0,4.0,1.0,1.0,2.0
0.11699268000219652,-0.46700288440079557,-1.2170740485175422,-0.5037613540228029,0.0,1.0,1.0,0.0,0.0,5.0,1.0,1.0,2.0
0.11699268000219652,-1.543060241545155,0.6686179964082709,1.6772601265263334,1.0,0.0,0.0,1.0,0.0,7.0,0.0,0.0,1.0
2.440127847986167,-0.41526935761500905,-1.2170740485175422,-0.8103055673727568,0.0,1.0,1.0,0.0,0.0,9.0,1.0,1.0,2.0
-0.94777760532379,-0.3945759469006945,-1.2170740485175422,0.5921163088140787,0.0,1.0,0.0,0.0,1.0,0.0,0.0,1.0,2.0
-0.27019651466179856,-0.5290831165437394,-1.2170740485175422,0.761513623743859,0.0,1.0,0.0,0.0,1.0,4.0,1.0,0.0,2.0
0.7945737706641879,-0.311802304043436,0.5088142533515804,-0.5750824101325489,0.0,1.0,0.0,1.0,0.0,7.0,1.0,1.0,1.0
-0.36699381332779735,1.6540717138164513,-1.2170740485175422,-1.7339843825721013,1.0,0.0,1.0,0.0,0.0,7.0,1.0,1.0,1.0
-0.36699381332779735,1.643725008459294,0.3392395104817779,0.3592561456938436,0.0,1.0,0.0,1.0,0.0,3.0,1.0,1.0,2.0
-0.5605884106597949,-1.40855307190211,-1.2170740485175422,0.6291972600496524,0.0,1.0,1.0,0.0,0.0,2.0,1.0,1.0,2.0
0.31058727733419406,-0.10486819690028999,-1.2170740485175422,0.37017594787929586,1.0,0.0,1.0,0.0,0.0,6.0,0.0,0.0,2.0
1.7625467573241755,2.057593222745586,0.8208826229318001,0.5643039863108662,1.0,0.0,0.0,0.0,1.0,8.0,1.0,1.0,2.0
0.40738457600019284,-0.8498309826156157,-1.2170740485175422,-0.8232188849156067,0.0,1.0,1.0,0.0,0.0,7.0,1.0,0.0,2.0
0.6009791733321904,-1.3568195451163236,0.7615665149404197,-1.023134206281319,1.0,0.0,0.0,1.0,0.0,1.0,1.0,1.0,1.0
1.0849656666621843,-0.2393753665433349,-1.2170740485175422,0.7742378530499294,0.0,1.0,0.0,0.0,1.0,8.0,0.0,0.0,1.0
1.0849656666621843,-0.7774040451155146,-1.2170740485175422,-0.7315831071245679,1.0,0.0,1.0,0.0,0.0,8.0,1.0,1.0,2.0
-0.07660191732980101,0.17449284774295717,0.18111562771574471,-1.0918052438086394,0.0,1.0,1.0,0.0,0.0,10.0,0.0,1.0,1.0
-0.8509803066577912,-1.5327135361879978,0.9791632390742342,-0.9141024846608002,0.0,1.0,0.0,1.0,0.0,10.0,0.0,0.0,2.0
-0.36699381332779735,-1.5120201254736831,0.6626428378433206,-0.1524856828562674,0.0,1.0,0.0,0.0,1.0,8.0,1.0,0.0,1.0
-1.6253586959857813,-1.367166250473481,-1.2170740485175422,1.1775721077196915,1.0,0.0,1.0,0.0,0.0,8.0,0.0,1.0,1.0
1.7625467573241755,0.3917736602432605,-1.2170740485175422,0.6399968598693135,1.0,0.0,0.0,0.0,1.0,4.0,1.0,0.0,2.0
0.9881683679961855,-0.5911633486866832,0.8183048009585006,0.40628832201975706,1.0,0.0,0.0,0.0,1.0,2.0,0.0,1.0,2.0
-0.1733992159957998,-1.1084986165445483,0.14122899282394175,-0.34593582169379095,0.0,1.0,1.0,0.0,0.0,3.0,0.0,0.0,1.0
-1.334966799987785,-1.336126134402009,0.5742217437347196,1.1972378062074023,0.0,1.0,0.0,1.0,0.0,1.0,1.0,1.0,1.0
-0.4637911119937961,0.4124670709575751,0.9359770049167826,-0.14784197496222462,0.0,1.0,1.0,0.0,0.0,8.0,1.0,0.0,2.0
-0.8509803066577912,-0.5704699379723686,0.7335874370983918,-1.007837541974795,0.0,1.0,0.0,0.0,1.0,6.0,1.0,0.0,4.0
0.2137899786681953,-0.1979885451147057,0.8277792129978078,-0.10409109708191268,0.0,1.0,0.0,1.0,0.0,8.0,1.0,0.0,4.0
0.2137899786681953,0.19518625845727178,-1.2170740485175422,-0.3175825015674104,1.0,0.0,1.0,0.0,0.0,10.0,1.0,0.0,3.0
-1.0445749039897887,1.1677765620300582,0.7766256184972123,1.1538311837278137,0.0,1.0,0.0,1.0,0.0,10.0,1.0,0.0,1.0
-1.1413722026557875,-0.7049771076154135,0.4854108255873773,1.6677573554142986,0.0,1.0,0.0,1.0,0.0,4.0,1.0,1.0,2.0
-0.94777760532379,-0.36353583082922253,1.1832542079755262,0.7112542487346614,0.0,1.0,0.0,1.0,0.0,8.0,1.0,0.0,1.0
0.11699268000219652,0.8470286959581818,0.8039830676556069,-0.8536906195291065,0.0,1.0,0.0,1.0,0.0,5.0,1.0,1.0,2.0
-0.07660191732980101,0.4124670709575751,-1.2170740485175422,-0.3173149599775609,0.0,1.0,1.0,0.0,0.0,7.0,0.0,0.0,2.0
-0.7541830079917924,0.6090544727435638,-1.2170740485175422,0.21623150814530115,1.0,0.0,1.0,0.0,0.0,3.0,1.0,1.0,2.0
-0.1733992159957998,0.5780143566720919,-1.2170740485175422,-1.632093829577402,0.0,1.0,1.0,0.0,0.0,1.0,0.0,1.0,2.0
-0.1733992159957998,-0.03244125940018888,-1.2170740485175422,1.641783902967199,1.0,0.0,1.0,0.0,0.0,7.0,1.0,0.0,2.0
0.6977764719981892,-0.891217804044245,0.9590235628393339,0.7005402343910766,0.0,1.0,1.0,0.0,0.0,7.0,0.0,1.0,1.0
-0.27019651466179856,1.0850029191727997,0.9822672029356989,1.2208673994986925,0.0,1.0,0.0,1.0,0.0,2.0,1.0,1.0,1.0
0.2137899786681953,-2.2466362058318516,0.5211154924924387,-0.7493005183519946,0.0,1.0,1.0,0.0,0.0,4.0,0.0,1.0,1.0
-0.07660191732980101,1.5609513656020357,1.0745625853567524,1.263586728856372,0.0,1.0,1.0,0.0,0.0,1.0,1.0,1.0,1.0
0.6977764719981892,2.057593222745586,1.3206687087774638,-1.4068125038996715,1.0,0.0,1.0,0.0,0.0,2.0,1.0,1.0,1.0
0.9881683679961855,0.8987622227439683,-1.2170740485175422,-0.6052251973166561,0.0,1.0,0.0,0.0,1.0,3.0,1.0,1.0,3.0
1.8593440559901744,-0.5290831165437394,0.6914258373421502,-1.6290670261551752,1.0,0.0,0.0,1.0,0.0,8.0,0.0,0.0,1.0
0.2137899786681953,-1.4809800094022112,0.1036931978259733,1.529367206186156,1.0,0.0,0.0,1.0,0.0,5.0,1.0,0.0,2.0
0.31058727733419406,-0.1979885451147057,0.8102617263381421,0.019827452703591777,0.0,1.0,1.0,0.0,0.0,4.0,1.0,0.0,1.0
0.6009791733321904,0.5366275352434627,-1.2170740485175422,-0.5397272587103035,1.0,0.0,1.0,0.0,0.0,7.0,1.0,1.0,2.0
2.924114341316161,0.42281377631473244,1.2738443312613368,-0.5046276460367506,0.0,1.0,1.0,0.0,0.0,10.0,1.0,1.0,1.0
-0.1733992159957998,-1.5120201254736831,0.7514002255144151,-0.8204498816469282,1.0,0.0,0.0,1.0,0.0,10.0,1.0,1.0,2.0
-1.818953293317779,1.1988166781015301,0.7073586290022658,0.8745842144366345,0.0,1.0,0.0,1.0,0.0,3.0,0.0,1.0,2.0
0.31058727733419406,-0.5083897058294248,1.3294792143095544,0.5571365505978769,1.0,0.0,0.0,1.0,0.0,6.0,1.0,1.0,1.0
-1.4317640986537838,-0.7360172236868854,0.933979498316619,-1.4381272206616835,0.0,1.0,0.0,1.0,0.0,1.0,1.0,0.0,1.0
-0.1733992159957998,0.11241261560001335,0.308481670440295,-0.8980376385202214,0.0,1.0,0.0,0.0,1.0,5.0,1.0,1.0,1.0
-0.27019651466179856,0.4124670709575751,0.8716536272417958,-0.42086712367853096,0.0,1.0,0.0,0.0,1.0,7.0,0.0,0.0,1.0
-0.4637911119937961,-1.0464183844016044,-1.2170740485175422,0.5466091891319964,0.0,1.0,0.0,0.0,1.0,3.0,0.0,0.0,2.0
0.7945737706641879,0.6090544727435638,1.3328275214860237,-0.28456825207924014,0.0,1.0,1.0,0.0,0.0,5.0,0.0,0.0,1.0
0.40738457600019284,0.3503868388146313,0.6685911507940566,-0.5419884896117706,1.0,0.0,0.0,0.0,1.0,6.0,0.0,0.0,1.0
2.1497359519881707,0.5573209459577774,-1.2170740485175422,1.590898466721415,0.0,1.0,1.0,0.0,0.0,4.0,1.0,1.0,2.0
-0.94777760532379,-0.1152149022574473,-1.2170740485175422,-1.6893564275162223,1.0,0.0,1.0,0.0,0.0,3.0,1.0,0.0,2.0
-1.2381695013217864,-1.8638081076170314,-1.2170740485175422,1.3881055946539511,0.0,1.0,0.0,0.0,1.0,8.0,1.0,1.0,2.0
-0.6573857093257937,-0.5083897058294248,-1.2170740485175422,0.28170544106933965,0.0,1.0,1.0,0.0,0.0,10.0,1.0,1.0,2.0
-0.7541830079917924,0.8470286959581818,0.42725759887280224,0.27107231543790083,1.0,0.0,0.0,0.0,1.0,9.0,1.0,1.0,1.0
0.020195381336197752,-1.439593187973582,-1.2170740485175422,0.6091789563586743,0.0,1.0,0.0,0.0,1.0,3.0,1.0,0.0,1.0
2.924114341316161,-1.6258338844024134,0.28307816404103375,-1.3110799302812266,0.0,1.0,1.0,0.0,0.0,9.0,1.0,1.0,1.0
-1.4317640986537838,0.5573209459577774,0.39317267094273234,0.3748688848175048,1.0,0.0,1.0,0.0,0.0,7.0,1.0,0.0,1.0
-0.94777760532379,-0.7153238129725709,-1.2170740485175422,0.7420479726087671,0.0,1.0,1.0,0.0,0.0,0.0,1.0,0.0,1.0
-0.6573857093257937,1.6023381870306648,-0.19206204043406427,0.9869188048259934,1.0,0.0,1.0,0.0,0.0,3.0,1.0,0.0,1.0
-0.5605884106597949,-0.6946304022582562,-1.2170740485175422,-0.7089601869024976,0.0,1.0,1.0,0.0,0.0,3.0,0.0,1.0,2.0
-0.5605884106597949,-0.6635902861867843,0.9145538832693836,-0.7668418879091171,0.0,1.0,0.0,1.0,0.0,6.0,1.0,0.0,1.0
-0.27019651466179856,0.9091089281011256,-1.2170740485175422,0.5846058353799037,1.0,0.0,1.0,0.0,0.0,0.0,0.0,0.0,2.0
-0.6573857093257937,-1.274045902259065,-0.12173489030592287,1.2255161520651057,1.0,0.0,0.0,0.0,1.0,0.0,1.0,1.0,1.0
-0.8509803066577912,-0.3945759469006945,0.897844015566681,1.2312529882755436,1.0,0.0,0.0,1.0,0.0,5.0,1.0,0.0,2.0
-0.8509803066577912,-0.41526935761500905,0.20709607369234276,1.6782017407173975,1.0,0.0,1.0,0.0,0.0,9.0,1.0,0.0,1.0
2.052938653322172,1.8196189995309682,-1.2170740485175422,-0.6826461320932876,1.0,0.0,1.0,0.0,0.0,2.0,0.0,1.0,2.0
0.7945737706641879,-0.860177687972773,-1.2170740485175422,-0.9372705774073106,1.0,0.0,1.0,0.0,0.0,7.0,1.0,1.0,2.0
-0.6573857093257937,1.1056963298871143,1.397682988879869,0.27252431130947136,0.0,1.0,0.0,1.0,0.0,4.0,1.0,1.0,2.0
-1.4317640986537838,1.0125759816726987,-1.2170740485175422,-0.9036514890973538,0.0,1.0,1.0,0.0,0.0,1.0,1.0,1.0,3.0
2.924114341316161,-0.2704154826148068,0.5121365186747399,1.4347354148697722,1.0,0.0,0.0,0.0,1.0,1.0,1.0,1.0,1.0
0.11699268000219652,0.9091089281011256,1.1802397830788367,-0.6927152981445623,0.0,1.0,0.0,1.0,0.0,5.0,1.0,1.0,3.0
0.31058727733419406,0.8366819906010244,0.6941031649154419,-0.21633888431565726,1.0,0.0,0.0,1.0,0.0,2.0,0.0,0.0,2.0
1.568952159992178,0.5573209459577774,-1.2170740485175422,-1.486717330978945,1.0,0.0,1.0,0.0,0.0,8.0,1.0,1.0,2.0
0.7945737706641879,2.057593222745586,0.943138193072591,-1.2706625371124165,1.0,0.0,0.0,1.0,0.0,10.0,0.0,0.0,1.0
-0.7541830079917924,2.057593222745586,1.1393487685606196,-0.17367365472029442,0.0,1.0,0.0,1.0,0.0,4.0,1.0,1.0,1.0
0.020195381336197752,0.24691978524305827,-1.2170740485175422,0.9266633245377816,0.0,1.0,1.0,0.0,0.0,1.0,1.0,0.0,2.0
0.020195381336197752,0.443507187029047,-1.2170740485175422,-0.07364632537246135,0.0,1.0,0.0,0.0,1.0,3.0,1.0,1.0,1.0
-0.1733992159957998,-0.1359083129717619,0.7845101914671799,1.0220192872706448,1.0,0.0,0.0,1.0,0.0,7.0,1.0,0.0,2.0
1.181762965328183,-0.053134670114503485,0.4166391135618579,0.533733445700595,1.0,0.0,1.0,0.0,0.0,4.0,0.0,0.0,1.0
0.7945737706641879,-1.098151911187391,-1.2170740485175422,-1.059182043406283,1.0,0.0,0.0,0.0,1.0,5.0,1.0,1.0,2.0
-0.94777760532379,-0.6739369915439416,0.9120924458750731,-1.107776328624817,0.0,1.0,0.0,0.0,1.0,2.0,1.0,1.0,1.0
-0.7541830079917924,1.7264986513165526,1.7857183381037725,1.3636956427332294,1.0,0.0,1.0,0.0,0.0,1.0,0.0,0.0,1.0
-0.94777760532379,1.4574843120304626,0.5126481928666212,-1.4079247671802297,1.0,0.0,0.0,1.0,0.0,4.0,1.0,0.0,1.0
0.11699268000219652,2.057593222745586,0.7889231603379093,-0.5957335592746801,0.0,1.0,1.0,0.0,0.0,6.0,1.0,0.0,1.0
1.665749458658177,0.4848940084576762,0.5900185390497731,-0.10222717761816767,0.0,1.0,0.0,1.0,0.0,1.0,0.0,0.0,2.0
0.020195381336197752,-0.8187908665441438,-1.2170740485175422,-1.7274247429026328,1.0,0.0,1.0,0.0,0.0,2.0,1.0,1.0,2.0
-0.8509803066577912,-0.9222579201157168,0.5688793057538865,0.7095853319511645,0.0,1.0,1.0,0.0,0.0,3.0,0.0,0.0,2.0
2.7305197439841633,1.2402034995301592,-1.2170740485175422,-0.8460940387561958,1.0,0.0,0.0,0.0,1.0,8.0,1.0,1.0,2.0
0.8913710693301867,1.2505502048873165,0.5308892250926267,1.4734962420046818,1.0,0.0,0.0,1.0,0.0,6.0,1.0,0.0,1.0
0.020195381336197752,-0.2393753665433349,-1.2170740485175422,0.60158428908218,0.0,1.0,1.0,0.0,0.0,6.0,0.0,0.0,2.0
-0.27019651466179856,1.0436160977441706,-1.2170740485175422,-0.8933173907695245,1.0,0.0,0.0,0.0,1.0,3.0,1.0,1.0,2.0
-0.5605884106597949,0.3503868388146313,-1.2170740485175422,-0.5155578854753827,1.0,0.0,1.0,0.0,0.0,1.0,0.0,1.0,3.0
3.1177089386481582,-0.7256705183297281,-1.2170740485175422,1.699591673430459,0.0,1.0,1.0,0.0,0.0,4.0,1.0,1.0,2.0
-0.1733992159957998,-1.1188453219017056,1.047828693908163,0.3166053542987135,0.0,1.0,0.0,1.0,0.0,8.0,1.0,1.0,2.0
-0.07660191732980101,0.14345273167148526,-1.2170740485175422,0.9842480856914274,1.0,0.0,1.0,0.0,0.0,5.0,1.0,0.0,2.0
-1.2381695013217864,-0.011747848685874276,2.2286000809284605,0.5037129483329145,0.0,1.0,0.0,1.0,0.0,4.0,1.0,0.0,2.0
-1.0445749039897887,-1.9983152772600763,1.5467745281041365,-1.5704665463128864,1.0,0.0,0.0,1.0,0.0,2.0,1.0,1.0,2.0
3.2145062373141573,1.7264986513165526,0.9577489587967867,-0.6284787015850237,1.0,0.0,0.0,1.0,0.0,8.0,1.0,1.0,2.0
-0.7541830079917924,0.46420059774336164,1.203926456185828,-1.6402507168918636,0.0,1.0,0.0,1.0,0.0,3.0,0.0,0.0,1.0
1.0849656666621843,1.4574843120304626,-1.2170740485175422,1.6498186744194536,0.0,1.0,1.0,0.0,0.0,9.0,1.0,1.0,4.0
-1.0445749039897887,-1.2843926076162224,0.846924958498054,-0.3468424710867016,0.0,1.0,0.0,0.0,1.0,6.0,1.0,0.0,2.0
-0.1733992159957998,0.5987077673864065,-1.2170740485175422,1.0372554155087241,0.0,1.0,1.0,0.0,0.0,7.0,1.0,0.0,1.0
-0.07660191732980101,-0.2704154826148068,-1.2170740485175422,1.129751396916022,1.0,0.0,1.0,0.0,0.0,7.0,1.0,0.0,1.0
1.0849656666621843,-1.377512955830638,-1.2170740485175422,0.12617871375324308,0.0,1.0,0.0,0.0,1.0,4.0,0.0,0.0,1.0
1.9561413546561732,-0.37388253618637984,-1.2170740485175422,1.1431898822480502,0.0,1.0,1.0,0.0,0.0,8.0,1.0,1.0,2.0
-0.36699381332779735,-2.06039550940302,1.1648302397676293,-1.6644463572139543,0.0,1.0,1.0,0.0,0.0,4.0,1.0,1.0,1.0
-1.4317640986537838,-1.5534069469023122,0.8856676808704008,-0.3412555834136177,0.0,1.0,0.0,1.0,0.0,4.0,1.0,0.0,2.0
-1.5285613973197827,0.5987077673864065,-1.2170740485175422,0.5171917910439054,0.0,1.0,0.0,0.0,1.0,10.0,0.0,0.0,2.0
-0.7541830079917924,0.9711891602440694,0.7815391696593398,0.706129383469016,1.0,0.0,0.0,0.0,1.0,3.0,1.0,1.0,1.0
-0.07660191732980101,-0.8498309826156157,-1.2170740485175422,-0.3520816242746688,0.0,1.0,0.0,0.0,1.0,8.0,0.0,0.0,2.0
-1.5285613973197827,-0.20833525047186302,-1.2170740485175422,-1.4967969342833998,0.0,1.0,0.0,0.0,1.0,3.0,1.0,0.0,2.0
-0.07660191732980101,0.6090544727435638,-1.2170740485175422,0.6354928372136646,1.0,0.0,0.0,0.0,1.0,4.0,1.0,1.0,2.0
-0.94777760532379,-2.153515857617436,0.37481637940300455,-1.5467711983265617,1.0,0.0,0.0,1.0,0.0,9.0,1.0,0.0,2.0
-0.6573857093257937,-0.09452149154313269,-1.2170740485175422,-0.19413049699905624,0.0,1.0,1.0,0.0,0.0,3.0,1.0,1.0,2.0
0.31058727733419406,1.2712436156016311,0.9977960243651517,1.7301051570566794,1.0,0.0,1.0,0.0,0.0,3.0,0.0,0.0,1.0
-0.94777760532379,0.46420059774336164,-1.2170740485175422,1.5883307284848924,0.0,1.0,1.0,0.0,0.0,8.0,1.0,0.0,2.0
-0.07660191732980101,1.0539628031013277,0.6687888759765933,0.38552845149033327,1.0,0.0,0.0,1.0,0.0,1.0,1.0,0.0,1.0
0.31058727733419406,0.5366275352434627,-1.2170740485175422,-0.47590415133091635,1.0,0.0,1.0,0.0,0.0,7.0,0.0,1.0,2.0
-0.1733992159957998,-1.5844470629737841,0.5260081458710459,-1.478500255504478,0.0,1.0,0.0,1.0,0.0,8.0,1.0,1.0,2.0
-0.27019651466179856,0.46420059774336164,-1.2170740485175422,-0.6056875676325343,1.0,0.0,0.0,0.0,1.0,3.0,1.0,0.0,3.0
0.020195381336197752,2.057593222745586,0.6234069277798987,-0.002943502559416189,1.0,0.0,0.0,1.0,0.0,5.0,1.0,0.0,1.0
0.7945737706641879,0.6297478834578785,1.0316401455281974,-0.07199897891220346,0.0,1.0,0.0,0.0,1.0,1.0,1.0,1.0,1.0
-0.36699381332779735,-0.6222034647581551,1.725128912087292,-0.7624396284719738,0.0,1.0,1.0,0.0,0.0,7.0,1.0,1.0,1.0
0.6977764719981892,-2.846745116546975,-1.2170740485175422,0.999801854334621,1.0,0.0,1.0,0.0,0.0,6.0,1.0,0.0,1.0
-1.4317640986537838,-0.16694842904323381,1.0366261959239211,0.7493450042154087,0.0,1.0,0.0,0.0,1.0,4.0,1.0,1.0,1.0
-1.2381695013217864,-0.07382808082881809,1.24976011801092,-0.2985376456896957,1.0,0.0,0.0,0.0,1.0,4.0,1.0,1.0,2.0
-0.4637911119937961,-1.5120201254736831,0.46276679112585967,0.46258686567317614,0.0,1.0,1.0,0.0,0.0,10.0,0.0,1.0,1.0
-0.8509803066577912,0.3296934281003167,-1.2170740485175422,0.011100865319716343,1.0,0.0,1.0,0.0,0.0,2.0,0.0,1.0,2.0
-0.6573857093257937,0.9298023388154402,-1.2170740485175422,-0.6091783069586162,0.0,1.0,1.0,0.0,0.0,5.0,1.0,1.0,1.0
-0.7541830079917924,-1.2636991969019078,-1.2170740485175422,-1.5522418845809072,0.0,1.0,0.0,0.0,1.0,6.0,1.0,0.0,1.0
0.6977764719981892,0.050332383457069536,0.6058900841289565,0.6782539155840643,1.0,0.0,1.0,0.0,0.0,5.0,1.0,1.0,2.0
-0.5605884106597949,1.3229771423874177,-1.2170740485175422,-1.2012236656594804,0.0,1.0,0.0,0.0,1.0,3.0,1.0,0.0,2.0
-1.1413722026557875,-0.24972207190049223,-1.2170740485175422,0.44518918230149945,1.0,0.0,1.0,0.0,0.0,2.0,1.0,0.0,2.0
0.020195381336197752,0.8987622227439683,0.30099640588774323,1.5581456704254055,1.0,0.0,1.0,0.0,0.0,1.0,0.0,1.0,2.0
0.11699268000219652,2.057593222745586,1.4527327339895224,-0.9646200077319858,0.0,1.0,0.0,1.0,0.0,4.0,0.0,1.0,2.0
0.31058727733419406,0.17449284774295717,1.7975886006475732,-1.1647675579809549,0.0,1.0,1.0,0.0,0.0,8.0,1.0,1.0,1.0
1.7625467573241755,0.4331604816718897,-1.2170740485175422,0.620043789010711,1.0,0.0,0.0,0.0,1.0,9.0,1.0,1.0,2.0
1.4721548613261792,0.8573754013153391,-1.2170740485175422,0.538333491085501,1.0,0.0,1.0,0.0,0.0,3.0,1.0,0.0,1.0
-1.7221559946517802,-0.5911633486866832,0.1830263281382091,1.1885842795957873,1.0,0.0,0.0,1.0,0.0,2.0,1.0,0.0,2.0
-0.7541830079917924,0.07102579417138415,0.39176817913799816,-0.870620192095656,0.0,1.0,1.0,0.0,0.0,5.0,0.0,1.0,1.0
-0.5605884106597949,1.1367364459585863,1.0021707342168216,0.8509965441122843,1.0,0.0,1.0,0.0,0.0,6.0,1.0,0.0,2.0
-1.4317640986537838,0.12275932095717065,-1.2170740485175422,1.1559628187356281,0.0,1.0,1.0,0.0,0.0,7.0,1.0,1.0,2.0
1.3753575626601806,1.1470831513157436,0.4309632581474654,1.223536726999501,0.0,1.0,1.0,0.0,0.0,1.0,1.0,1.0,1.0
1.0849656666621843,0.08137249952854145,-1.2170740485175422,1.4532210079312535,1.0,0.0,1.0,0.0,0.0,3.0,1.0,0.0,1.0
0.2137899786681953,0.019292267385597632,0.4349507159952888,-0.7687879137645455,0.0,1.0,1.0,0.0,0.0,8.0,1.0,0.0,1.0
2.5369251466521656,-0.16694842904323381,0.6689595947927347,0.9731202342592519,1.0,0.0,0.0,1.0,0.0,5.0,1.0,0.0,1.0
0.5041818746661916,-0.49804300047226746,0.5210169514055322,0.150116206013346,0.0,1.0,0.0,1.0,0.0,6.0,1.0,0.0,2.0
-0.07660191732980101,-0.7256705183297281,0.955605006959801,-1.1644368710093658,1.0,0.0,0.0,1.0,0.0,3.0,1.0,1.0,1.0
-0.94777760532379,0.20553296381442906,-1.2170740485175422,-1.527492374023393,1.0,0.0,0.0,0.0,1.0,6.0,0.0,0.0,2.0
-0.5605884106597949,-1.02572497368729,1.0484316753388094,-1.5470999718017346,0.0,1.0,1.0,0.0,0.0,5.0,0.0,1.0,1.0
-1.0445749039897887,1.3747106691732043,0.5505578974374191,1.2345736003747898,0.0,1.0,0.0,1.0,0.0,2.0,1.0,1.0,2.0
-0.8509803066577912,-0.37388253618637984,-1.2170740485175422,-0.21763188603045083,1.0,0.0,1.0,0.0,0.0,9.0,1.0,0.0,1.0
-0.07660191732980101,-1.377512955830638,0.24509258444083962,1.086272757389491,0.0,1.0,1.0,0.0,0.0,3.0,0.0,1.0,1.0
1.568952159992178,1.7161519459593952,0.6727525425016401,-0.06814032641152314,1.0,0.0,1.0,0.0,0.0,10.0,1.0,0.0,1.0
-2.0125478906497762,-0.07382808082881809,-1.2170740485175422,-0.7077548581144166,0.0,1.0,0.0,0.0,1.0,8.0,1.0,0.0,2.0
0.6977764719981892,-0.0014011433287169732,0.2255650525108985,0.9840047237381117,1.0,0.0,0.0,0.0,1.0,4.0,1.0,0.0,1.0
0.31058727733419406,0.16414614238579986,-0.1817615229369879,-1.284413966085628,1.0,0.0,0.0,1.0,0.0,10.0,0.0,0.0,2.0
-1.0445749039897887,-0.2704154826148068,-1.2170740485175422,1.4575227218294287,1.0,0.0,1.0,0.0,0.0,3.0,0.0,0.0,1.0
0.31058727733419406,0.4538538923862043,0.7353195418478494,-0.9303776414529578,1.0,0.0,1.0,0.0,0.0,7.0,0.0,0.0,1.0
0.2137899786681953,1.2402034995301592,-1.2170740485175422,-0.12079418125445406,1.0,0.0,0.0,0.0,1.0,5.0,0.0,1.0,2.0
-1.6253586959857813,0.2779599013145302,1.5937242923213846,-1.2474192961430095,1.0,0.0,1.0,0.0,0.0,4.0,1.0,1.0,1.0
0.31058727733419406,-1.5223668308308405,0.8933988962597663,0.8669719777839535,0.0,1.0,0.0,1.0,0.0,7.0,1.0,1.0,2.0
-1.6253586959857813,-1.3464728397591663,-1.2170740485175422,0.02528004771909174,1.0,0.0,0.0,0.0,1.0,10.0,1.0,1.0,1.0
-0.4637911119937961,1.1781232673872155,0.9808826444013992,-0.918486652859098,1.0,0.0,0.0,1.0,0.0,8.0,0.0,0.0,2.0
0.5041818746661916,-1.2636991969019078,-1.2170740485175422,-1.4907422837136282,1.0,0.0,0.0,0.0,1.0,1.0,0.0,0.0,2.0
-0.36699381332779735,-0.18764183975754842,-1.2170740485175422,-0.5946315592930819,0.0,1.0,1.0,0.0,0.0,10.0,1.0,0.0,2.0
1.2785602639941818,0.14345273167148526,-1.2170740485175422,0.28316822210252957,0.0,1.0,1.0,0.0,0.0,3.0,1.0,0.0,1.0
-0.5605884106597949,-1.9362350451171324,1.1539193462395843,0.010243097062532446,1.0,0.0,1.0,0.0,0.0,10.0,1.0,0.0,2.0
-1.334966799987785,0.3503868388146313,0.8487462807079247,0.3775439528075625,1.0,0.0,0.0,0.0,1.0,10.0,1.0,0.0,1.0
-1.6253586959857813,0.8470286959581818,-1.2170740485175422,0.301697477673148,0.0,1.0,1.0,0.0,0.0,5.0,1.0,1.0,2.0
-1.0445749039897887,-0.36353583082922253,0.47362077838185795,-1.2180852221261398,1.0,0.0,0.0,1.0,0.0,10.0,0.0,1.0,1.0
0.020195381336197752,1.1677765620300582,0.8577308808519558,1.5316047793137484,1.0,0.0,1.0,0.0,0.0,1.0,1.0,1.0,2.0
0.11699268000219652,1.4574843120304626,-1.2170740485175422,0.7270157187161389,1.0,0.0,0.0,0.0,1.0,7.0,1.0,0.0,1.0
0.11699268000219652,-0.34284242011490795,0.9248767453196084,-0.7891062884844512,1.0,0.0,0.0,1.0,0.0,1.0,1.0,1.0,2.0
-1.9157505919837776,0.9298023388154402,0.5304881484012209,-1.3046817201276102,1.0,0.0,0.0,1.0,0.0,8.0,1.0,0.0,2.0
-0.1733992159957998,-0.4359627683293237,-0.5845973254585775,1.364378586999647,0.0,1.0,1.0,0.0,0.0,1.0,1.0,1.0,1.0
3.311303535980156,-1.5844470629737841,1.5195984074058246,1.1402571880586638,0.0,1.0,1.0,0.0,0.0,2.0,1.0,1.0,2.0
-0.8509803066577912,0.4331604816718897,0.8404292843712713,-0.8593597875480935,1.0,0.0,1.0,0.0,0.0,6.0,1.0,1.0,1.0
2.1497359519881707,0.784948463815238,0.8439933209745406,1.54593791119753,0.0,1.0,1.0,0.0,0.0,0.0,1.0,1.0,2.0
-0.7541830079917924,1.0746562138156424,-1.2170740485175422,1.6491223356781217,0.0,1.0,1.0,0.0,0.0,5.0,0.0,1.0,2.0
-0.36699381332779735,0.5159341245291481,1.3500402220106569,-0.49898857209776626,0.0,1.0,0.0,0.0,1.0,10.0,1.0,1.0,2.0
-0.5605884106597949,-0.7153238129725709,0.750436194685413,-1.3524029291176292,0.0,1.0,0.0,1.0,0.0,2.0,1.0,1.0,1.0
3.1177089386481582,0.16414614238579986,0.9894229255173559,-0.09438079858581347,0.0,1.0,0.0,0.0,1.0,4.0,0.0,1.0,1.0
1.568952159992178,0.8677221066724964,0.44151262002061226,1.1073485287818323,0.0,1.0,0.0,0.0,1.0,2.0,0.0,1.0,1.0
1.0849656666621843,0.5262808298863054,-1.2170740485175422,-0.0853915403302392,0.0,1.0,1.0,0.0,0.0,3.0,0.0,0.0,2.0
-0.07660191732980101,-1.2636991969019078,0.387915913874332,-0.16704182404966378,0.0,1.0,0.0,0.0,1.0,7.0,1.0,0.0,2.0
-1.5285613973197827,-1.3568195451163236,0.648013424866138,-1.0834048205866418,1.0,0.0,0.0,1.0,0.0,3.0,1.0,1.0,2.0
-0.4637911119937961,-1.8741548129741887,-1.2170740485175422,-0.1886537223470224,0.0,1.0,0.0,0.0,1.0,9.0,0.0,1.0,2.0
0.020195381336197752,0.7952951691723953,1.2292981336532665,1.067120571758241,0.0,1.0,0.0,1.0,0.0,6.0,0.0,0.0,1.0
0.11699268000219652,-0.311802304043436,1.5820514334557585,1.2634658306737023,0.0,1.0,0.0,1.0,0.0,8.0,1.0,0.0,3.0
-1.1413722026557875,1.674765124530766,0.9896573021971431,0.2761430809412291,0.0,1.0,0.0,0.0,1.0,1.0,0.0,1.0,1.0
-0.36699381332779735,1.3436705531017323,0.2703039919838966,1.2868932891617382,0.0,1.0,0.0,1.0,0.0,7.0,1.0,1.0,2.0
-0.07660191732980101,-0.16694842904323381,0.44280699658141354,1.017387582217759,0.0,1.0,0.0,0.0,1.0,0.0,0.0,0.0,1.0
-1.5285613973197827,1.0746562138156424,0.1378173492881885,-0.6437539695225285,0.0,1.0,1.0,0.0,0.0,5.0,1.0,1.0,2.0
-0.6573857093257937,0.25726649060021556,-1.2170740485175422,-0.42433142196322327,1.0,0.0,1.0,0.0,0.0,5.0,1.0,1.0,2.0
-1.0445749039897887,-0.44630947368648094,0.3370733748438251,-0.8823869773766727,0.0,1.0,0.0,1.0,0.0,4.0,1.0,1.0,1.0
-1.4317640986537838,0.7746017584580807,-1.2170740485175422,-0.785136479237403,1.0,0.0,1.0,0.0,0.0,6.0,1.0,1.0,2.0
-0.1733992159957998,0.5573209459577774,0.5507855225256078,-1.1052672129603227,1.0,0.0,0.0,1.0,0.0,3.0,1.0,1.0,1.0
0.31058727733419406,0.29865331202884476,0.48244125054916565,-0.16178527543972973,1.0,0.0,0.0,1.0,0.0,7.0,1.0,1.0,1.0
-0.5605884106597949,-0.46700288440079557,-1.2170740485175422,-0.6380975001615774,0.0,1.0,0.0,0.0,1.0,8.0,1.0,1.0,2.0
-1.2381695013217864,-0.48769629511511015,-1.2170740485175422,0.9635311818542617,1.0,0.0,0.0,0.0,1.0,3.0,1.0,0.0,2.0
-0.07660191732980101,-0.5290831165437394,-1.2170740485175422,-0.7132617268464532,1.0,0.0,1.0,0.0,0.0,9.0,1.0,1.0,2.0
-0.36699381332779735,-0.5601232326152112,0.8904037616247881,1.6176694992656935,1.0,0.0,0.0,1.0,0.0,8.0,1.0,1.0,1.0
0.020195381336197752,-0.9843381522586606,0.22307821627200206,-0.08629157946280235,1.0,0.0,1.0,0.0,0.0,9.0,1.0,1.0,1.0
0.2137899786681953,-0.787750750472672,0.39145069358067297,0.4600838384063703,0.0,1.0,0.0,0.0,1.0,2.0,0.0,0.0,1.0
0.020195381336197752,-0.4773495897579529,-1.2170740485175422,0.3390296188019226,0.0,1.0,1.0,0.0,0.0,7.0,0.0,1.0,1.0
-0.7541830079917924,0.34004013345747397,-1.2170740485175422,1.5443370105139236,1.0,0.0,0.0,0.0,1.0,8.0,1.0,0.0,2.0
-1.5285613973197827,-0.30145559868627875,-1.2170740485175422,0.5484898082008297,1.0,0.0,0.0,0.0,1.0,8.0,1.0,1.0,2.0
-0.36699381332779735,-1.1912722594018068,0.7363922411511562,-0.3945328901798395,1.0,0.0,0.0,1.0,0.0,4.0,0.0,0.0,1.0
-0.5605884106597949,0.12275932095717065,-1.2170740485175422,0.929547137591441,1.0,0.0,1.0,0.0,0.0,2.0,1.0,0.0,2.0
-0.94777760532379,0.8573754013153391,1.0333706427558456,-1.4284071807292829,1.0,0.0,1.0,0.0,0.0,0.0,1.0,0.0,1.0
-1.7221559946517802,-2.091435625474492,-1.2170740485175422,1.3200555736908464,1.0,0.0,1.0,0.0,0.0,7.0,0.0,0.0,2.0
0.2137899786681953,-1.336126134402009,1.100131344998004,-1.4798075214652846,0.0,1.0,1.0,0.0,0.0,5.0,1.0,1.0,1.0
-0.5605884106597949,0.3503868388146313,-1.2170740485175422,-0.7201779726662414,0.0,1.0,1.0,0.0,0.0,6.0,1.0,0.0,1.0
0.5041818746661916,1.778232178102339,-1.2170740485175422,1.4375056358179883,1.0,0.0,1.0,0.0,0.0,1.0,0.0,1.0,2.0
-0.1733992159957998,1.7678854727451816,0.47987419897198796,1.4397536461987603,0.0,1.0,1.0,0.0,0.0,3.0,1.0,0.0,1.0
-0.6573857093257937,1.3229771423874177,0.08064856892959275,-0.2357417379774492,0.0,1.0,1.0,0.0,0.0,10.0,1.0,0.0,1.0
-0.27019651466179856,1.095349624529957,1.1114544071179386,0.5393147668386494,0.0,1.0,1.0,0.0,0.0,7.0,0.0,0.0,1.0
2.1497359519881707,0.09171920488569875,1.289552552124701,1.017279034784686,1.0,0.0,0.0,0.0,1.0,5.0,1.0,1.0,1.0
0.2137899786681953,-1.336126134402009,-1.2170740485175422,1.3380854066967973,1.0,0.0,1.0,0.0,0.0,7.0,0.0,1.0,2.0
-0.7541830079917924,1.0539628031013277,0.4964845610746986,-0.14878167565687211,1.0,0.0,1.0,0.0,0.0,6.0,0.0,0.0,1.0
-1.334966799987785,-1.8431146969027168,0.5619127884891769,-0.9237016264105313,1.0,0.0,1.0,0.0,0.0,6.0,0.0,0.0,2.0
-0.27019651466179856,-0.08417478618597539,1.1646256022413128,-0.7657992063164258,0.0,1.0,1.0,0.0,0.0,0.0,0.0,0.0,1.0
-0.6573857093257937,-0.2704154826148068,0.5022875540538794,0.6077147836917267,0.0,1.0,0.0,0.0,1.0,7.0,1.0,1.0,1.0
-1.6253586959857813,-0.042787964757346184,0.3579086257655842,-0.657124090846227,1.0,0.0,0.0,1.0,0.0,3.0,0.0,1.0,2.0
1.0849656666621843,-0.3945759469006945,0.4104289353083963,-1.5197524549734758,1.0,0.0,0.0,1.0,0.0,5.0,1.0,0.0,2.0
0.11699268000219652,2.057593222745586,0.38749731519520564,1.115585261083122,1.0,0.0,1.0,0.0,0.0,9.0,1.0,1.0,1.0
-0.6573857093257937,-1.067111795115919,1.5995406277315816,0.9620871878767957,0.0,1.0,0.0,1.0,0.0,5.0,1.0,1.0,1.0
0.31058727733419406,-1.4292464826164246,-1.2170740485175422,-0.4645872116619616,1.0,0.0,0.0,0.0,1.0,10.0,0.0,1.0,2.0
-1.4317640986537838,-1.0567650897587617,-1.2170740485175422,-1.4864784918353406,1.0,0.0,0.0,0.0,1.0,9.0,1.0,1.0,2.0
0.11699268000219652,-0.8705243933299304,0.4744063742900342,-0.10546550937151111,1.0,0.0,0.0,1.0,0.0,2.0,1.0,0.0,2.0
-0.5605884106597949,2.057593222745586,0.9479062635109823,0.23169412477738857,1.0,0.0,0.0,1.0,0.0,7.0,1.0,0.0,1.0
0.11699268000219652,0.4331604816718897,0.7233933375450871,-1.2614031279536972,0.0,1.0,0.0,1.0,0.0,0.0,0.0,0.0,1.0
1.9561413546561732,-1.3878596611877954,1.260293726170336,0.024029838742336402,1.0,0.0,0.0,1.0,0.0,8.0,1.0,0.0,2.0
-0.27019651466179856,-0.1772951344003911,-1.2170740485175422,0.7671733982349841,1.0,0.0,0.0,0.0,1.0,1.0,1.0,1.0,1.0
0.2137899786681953,0.5159341245291481,-1.2170740485175422,0.8071315522638698,0.0,1.0,1.0,0.0,0.0,10.0,1.0,1.0,2.0
1.181762965328183,0.20553296381442906,0.3404773022748938,1.3315262888899873,0.0,1.0,0.0,1.0,0.0,3.0,1.0,0.0,1.0
-0.4637911119937961,0.12275932095717065,-1.2170740485175422,0.24745055008649558,0.0,1.0,1.0,0.0,0.0,10.0,1.0,1.0,1.0
-0.36699381332779735,-1.2947393129733797,-1.2170740485175422,0.10018803983839628,0.0,1.0,0.0,0.0,1.0,5.0,1.0,1.0,2.0
1.2785602639941818,-0.30145559868627875,0.5829319399059133,1.0941302694919042,1.0,0.0,0.0,1.0,0.0,9.0,1.0,1.0,1.0
-1.0445749039897887,-0.7567106344012,1.380564810637619,1.3564271396186132,1.0,0.0,0.0,0.0,1.0,8.0,1.0,0.0,1.0
-0.1733992159957998,-0.6946304022582562,-1.2170740485175422,1.4004161608256507,1.0,0.0,1.0,0.0,0.0,1.0,1.0,1.0,2.0
1.181762965328183,0.7228682316722942,1.5046553669236589,0.16037985288220974,0.0,1.0,0.0,0.0,1.0,0.0,1.0,0.0,1.0
0.6009791733321904,-1.749994348688301,1.2963419204860323,-0.47341190922572984,0.0,1.0,0.0,1.0,0.0,7.0,1.0,0.0,1.0
-0.27019651466179856,0.15379943702864254,-1.2170740485175422,-1.1255212246189514,0.0,1.0,1.0,0.0,0.0,3.0,1.0,0.0,2.0
-0.4637911119937961,0.2676131959573729,0.8201288559554468,-1.2829524027319756,0.0,1.0,0.0,1.0,0.0,3.0,1.0,1.0,1.0
-0.6573857093257937,-0.37388253618637984,-1.2170740485175422,-1.6998709163698476,0.0,1.0,1.0,0.0,0.0,1.0,0.0,0.0,2.0
0.5041818746661916,-1.4602865986878966,-1.2170740485175422,1.3161309925409117,0.0,1.0,1.0,0.0,0.0,6.0,1.0,1.0,2.0
-0.36699381332779735,0.6194011781007212,0.9306996715692237,0.3605658470137257,1.0,0.0,0.0,1.0,0.0,2.0,1.0,1.0,1.0
0.11699268000219652,1.3850573745303616,-1.2170740485175422,-0.05263630867515459,1.0,0.0,1.0,0.0,0.0,3.0,1.0,1.0,2.0
-0.36699381332779735,0.25726649060021556,0.5003487219997532,-0.2723933701988819,0.0,1.0,1.0,0.0,0.0,5.0,1.0,0.0,2.0
-0.1733992159957998,0.29865331202884476,-1.2170740485175422,-0.6717732975471459,0.0,1.0,1.0,0.0,0.0,4.0,1.0,0.0,2.0
1.9561413546561732,-0.36353583082922253,1.256276689921223,-1.4291941496190619,0.0,1.0,1.0,0.0,0.0,5.0,1.0,1.0,1.0
-0.36699381332779735,0.5573209459577774,-1.2170740485175422,0.5937478254403464,1.0,0.0,1.0,0.0,0.0,5.0,1.0,0.0,1.0
0.2137899786681953,-1.02572497368729,0.7818687116302343,0.6223483345128756,1.0,0.0,1.0,0.0,0.0,9.0,1.0,0.0,1.0
-0.36699381332779735,2.057593222745586,0.8493709636829959,-0.42409588794979264,1.0,0.0,1.0,0.0,0.0,2.0,1.0,0.0,4.0
0.6009791733321904,1.5712980709591928,-1.2170740485175422,0.49610610426104323,1.0,0.0,0.0,0.0,1.0,7.0,1.0,1.0,2.0
-0.7541830079917924,-1.3982063665449527,-1.2170740485175422,0.42346664912043186,1.0,0.0,0.0,0.0,1.0,3.0,1.0,0.0,2.0
-0.94777760532379,0.09171920488569875,1.6848289833383332,0.4173490271231404,1.0,0.0,0.0,1.0,0.0,6.0,1.0,1.0,1.0
-1.5285613973197827,-0.46700288440079557,-0.08509271668171191,-0.15590910189933782,1.0,0.0,0.0,0.0,1.0,10.0,0.0,1.0,1.0
1.7625467573241755,-0.9429513308300315,-1.2170740485175422,0.29438305064453923,0.0,1.0,1.0,0.0,0.0,0.0,0.0,1.0,2.0
-0.36699381332779735,1.1056963298871143,-1.2170740485175422,0.008816324552813724,1.0,0.0,0.0,0.0,1.0,5.0,0.0,0.0,2.0
0.6009791733321904,0.2883066066716875,1.1420966663413368,-0.8939820698428768,0.0,1.0,1.0,0.0,0.0,3.0,1.0,0.0,1.0
-0.1733992159957998,-0.03244125940018888,0.9008907516517363,-0.22551462149471588,0.0,1.0,0.0,1.0,0.0,6.0,1.0,0.0,1.0
3.4081008346461545,-1.9672751611886043,1.7800749720402496,1.6857753595333116,1.0,0.0,0.0,1.0,0.0,1.0,1.0,1.0,2.0
0.6009791733321904,0.4538538923862043,-0.523675142427584,-0.39189000372042027,0.0,1.0,1.0,0.0,0.0,9.0,0.0,1.0,1.0
-1.0445749039897887,-0.860177687972773,0.8291288883088468,-0.9436526098184977,0.0,1.0,0.0,0.0,1.0,1.0,0.0,0.0,1.0
-0.36699381332779735,0.3296934281003167,1.7975222099968515,-1.0764692658484705,1.0,0.0,1.0,0.0,0.0,6.0,1.0,1.0,2.0
-0.8509803066577912,1.1056963298871143,1.0588726902420131,0.9809342578067479,1.0,0.0,1.0,0.0,0.0,3.0,1.0,0.0,1.0
-0.8509803066577912,-0.2186819558290203,-1.2170740485175422,-1.554663675227128,0.0,1.0,0.0,0.0,1.0,3.0,0.0,1.0,2.0
-1.7221559946517802,-0.5704699379723686,2.1656836063409224,1.6949938894504086,0.0,1.0,1.0,0.0,0.0,4.0,0.0,1.0,2.0
0.2137899786681953,0.888415517386811,0.42196708384640774,0.41207299564060357,0.0,1.0,1.0,0.0,0.0,1.0,1.0,1.0,1.0
1.665749458658177,0.16414614238579986,1.4977582946011083,-1.4083492154762203,0.0,1.0,0.0,0.0,1.0,2.0,0.0,1.0,1.0
0.020195381336197752,0.8573754013153391,0.2720852869007172,0.44902104585235075,1.0,0.0,0.0,0.0,1.0,3.0,1.0,1.0,2.0
0.11699268000219652,1.0539628031013277,-1.1564915348448412,1.3430404926440458,1.0,0.0,1.0,0.0,0.0,0.0,1.0,0.0,2.0
-0.07660191732980101,0.15379943702864254,0.3874397659144348,1.0176196371467963,0.0,1.0,0.0,1.0,0.0,6.0,1.0,1.0,2.0
-0.36699381332779735,1.923086053102541,1.098361784990391,0.790911191050908,0.0,1.0,0.0,1.0,0.0,0.0,1.0,0.0,1.0
0.2137899786681953,0.8366819906010244,-1.2170740485175422,1.235552962631522,0.0,1.0,1.0,0.0,0.0,8.0,1.0,1.0,2.0
0.6009791733321904,0.7228682316722942,1.0097166023415818,-0.700239513962091,1.0,0.0,0.0,1.0,0.0,7.0,0.0,0.0,1.0
-0.36699381332779735,-0.6946304022582562,1.380905283756816,0.8415812719727425,0.0,1.0,1.0,0.0,0.0,6.0,1.0,1.0,2.0
1.181762965328183,2.057593222745586,0.5479776641814058,-1.5203760808509863,0.0,1.0,0.0,0.0,1.0,3.0,1.0,1.0,2.0
-1.7221559946517802,0.5159341245291481,-1.2170740485175422,-1.279107492614649,1.0,0.0,0.0,0.0,1.0,9.0,1.0,1.0,2.0
-0.27019651466179856,-2.194902679046065,1.4439577546894162,0.41919729070711514,0.0,1.0,1.0,0.0,0.0,2.0,1.0,1.0,2.0
-0.36699381332779735,-1.646527295116728,0.7290479562612749,-0.25114138318201684,0.0,1.0,1.0,0.0,0.0,8.0,0.0,0.0,1.0
2.1497359519881707,-1.3464728397591663,0.7954461623354494,0.16521891136493985,1.0,0.0,0.0,1.0,0.0,0.0,1.0,1.0,1.0
1.0849656666621843,-0.38422924154353716,0.9869102081773307,0.47503068077714156,0.0,1.0,1.0,0.0,0.0,4.0,1.0,0.0,1.0
2.2465332506541693,1.395404079887519,-1.2170740485175422,1.145383271003847,1.0,0.0,1.0,0.0,0.0,8.0,1.0,1.0,1.0
-0.8509803066577912,0.7746017584580807,0.9394532708292672,0.8343496471526957,0.0,1.0,0.0,0.0,1.0,8.0,1.0,1.0,1.0
-0.4637911119937961,0.34004013345747397,-1.2170740485175422,-0.6019011061330164,0.0,1.0,1.0,0.0,0.0,9.0,1.0,1.0,2.0
1.8593440559901744,-0.2704154826148068,-0.35266568634303325,1.604091154741052,1.0,0.0,1.0,0.0,0.0,10.0,1.0,1.0,1.0
0.11699268000219652,2.057593222745586,0.3037553955689444,-1.0988375170929465,0.0,1.0,0.0,1.0,0.0,6.0,1.0,0.0,1.0
-0.94777760532379,-1.2430057861875932,0.6249945163187054,-0.4222427536476672,0.0,1.0,1.0,0.0,0.0,3.0,0.0,0.0,1.0
-0.1733992159957998,-1.5327135361879978,-1.2170740485175422,0.6375103582533762,0.0,1.0,0.0,0.0,1.0,6.0,0.0,0.0,2.0
-0.36699381332779735,2.057593222745586,1.394222155176753,1.4561375243782106,0.0,1.0,1.0,0.0,0.0,3.0,1.0,0.0,1.0
-0.4637911119937961,-1.5016734201165258,-1.2170740485175422,0.2780381382102946,0.0,1.0,1.0,0.0,0.0,7.0,0.0,0.0,2.0
-1.0445749039897887,0.888415517386811,-1.2170740485175422,0.11361504419192625,0.0,1.0,1.0,0.0,0.0,8.0,1.0,0.0,2.0
1.3753575626601806,-0.4359627683293237,-1.2170740485175422,0.4237451498261208,1.0,0.0,1.0,0.0,0.0,6.0,1.0,1.0,2.0
0.31058727733419406,-0.5187364111865821,0.3384265867028444,1.7288258977252393,1.0,0.0,0.0,0.0,1.0,4.0,1.0,1.0,1.0
-0.94777760532379,-1.274045902259065,0.4352561451390447,-0.7634177730491681,0.0,1.0,1.0,0.0,0.0,3.0,1.0,0.0,1.0
0.5041818746661916,0.15379943702864254,0.749158214847066,-0.5441950988882617,1.0,0.0,0.0,1.0,0.0,2.0,0.0,0.0,1.0
-0.27019651466179856,-0.4773495897579529,0.8538842419146221,1.5782848722990532,0.0,1.0,1.0,0.0,0.0,7.0,1.0,0.0,1.0
-1.5285613973197827,-0.26006877725764954,0.16375423142375622,0.17193824100806385,1.0,0.0,0.0,1.0,0.0,6.0,1.0,0.0,1.0
2.3433305493201684,-0.1462550183289192,-1.2170740485175422,-1.2483984844455218,1.0,0.0,1.0,0.0,0.0,5.0,1.0,0.0,1.0
0.31058727733419406,-0.5083897058294248,-1.2170740485175422,1.2187653367082214,1.0,0.0,1.0,0.0,0.0,10.0,0.0,0.0,2.0
0.11699268000219652,-0.5601232326152112,0.49905209490841906,0.8925460313426951,1.0,0.0,0.0,1.0,0.0,9.0,1.0,0.0,2.0
-0.27019651466179856,-1.6568740004738853,-0.35915364436513175,0.07089380133783048,1.0,0.0,1.0,0.0,0.0,0.0,1.0,1.0,1.0
-0.4637911119937961,-0.08417478618597539,0.11929242871067121,-1.3655025516297437,0.0,1.0,0.0,0.0,1.0,3.0,1.0,1.0,1.0
0.8913710693301867,-1.4292464826164246,-1.2170740485175422,0.2583296469845455,0.0,1.0,0.0,0.0,1.0,2.0,1.0,1.0,1.0
0.6009791733321904,1.3126304370302604,1.3895293167590346,1.2989610152427806,1.0,0.0,0.0,1.0,0.0,1.0,1.0,0.0,2.0
-0.8509803066577912,0.6297478834578785,-1.2170740485175422,0.9142908306638802,1.0,0.0,0.0,0.0,1.0,6.0,1.0,0.0,2.0
2.052938653322172,0.2883066066716875,-1.2170740485175422,-0.3918653022212274,0.0,1.0,1.0,0.0,0.0,6.0,1.0,1.0,2.0
-1.4317640986537838,0.8780688120296537,-1.2170740485175422,0.16520499502736635,1.0,0.0,1.0,0.0,0.0,0.0,1.0,0.0,2.0
0.020195381336197752,0.3710802495289459,-1.2170740485175422,-1.2700474349916697,0.0,1.0,1.0,0.0,0.0,7.0,1.0,0.0,2.0
0.7945737706641879,1.0539628031013277,0.8913652204188953,1.6975496248457742,1.0,0.0,0.0,1.0,0.0,1.0,1.0,0.0,1.0
0.5041818746661916,-0.37388253618637984,0.8100910075220005,0.18890260441854695,1.0,0.0,0.0,1.0,0.0,9.0,0.0,1.0,2.0
0.6009791733321904,0.18483955310011446,0.7754452152326865,0.19174745172700072,0.0,1.0,0.0,1.0,0.0,1.0,0.0,0.0,1.0
-1.1413722026557875,1.0850029191727997,0.9032311426538109,-0.11405136779167502,0.0,1.0,0.0,1.0,0.0,1.0,1.0,0.0,1.0
0.020195381336197752,-1.1395387326160202,-1.2170740485175422,-1.3922542752556388,0.0,1.0,1.0,0.0,0.0,7.0,1.0,0.0,2.0
-0.4637911119937961,-0.2807621879719641,-1.2170740485175422,-1.726949673928719,1.0,0.0,0.0,0.0,1.0,6.0,1.0,0.0,1.0
0.40738457600019284,-1.1705788486874922,-1.2170740485175422,0.4709817223601442,0.0,1.0,0.0,0.0,1.0,5.0,1.0,0.0,2.0
-0.07660191732980101,-1.3464728397591663,-1.2170740485175422,-0.8420189872062485,0.0,1.0,1.0,0.0,0.0,6.0,1.0,0.0,2.0
-0.6573857093257937,-1.336126134402009,0.78349263016193,1.1468350929211977,0.0,1.0,0.0,1.0,0.0,8.0,1.0,1.0,2.0
0.020195381336197752,-1.367166250473481,0.35347508061569627,-1.202887537770607,0.0,1.0,1.0,0.0,0.0,1.0,1.0,1.0,1.0
0.9881683679961855,-1.3568195451163236,0.7312044467683722,-0.4745707922371594,0.0,1.0,1.0,0.0,0.0,5.0,1.0,0.0,1.0
-0.4637911119937961,-0.891217804044245,-1.2170740485175422,-0.43949274988684545,0.0,1.0,1.0,0.0,0.0,7.0,0.0,0.0,1.0
0.40738457600019284,0.019292267385597632,-1.2170740485175422,-1.6095653664966114,1.0,0.0,1.0,0.0,0.0,6.0,1.0,1.0,2.0
-1.334966799987785,0.14345273167148526,1.2522696203073265,-1.1226490664980096,0.0,1.0,0.0,1.0,0.0,5.0,1.0,0.0,2.0
0.7945737706641879,0.5780143566720919,-1.2170740485175422,1.294995206942785,0.0,1.0,1.0,0.0,0.0,3.0,1.0,0.0,2.0
-0.1733992159957998,0.443507187029047,1.0951125011573712,-1.1573518895964992,0.0,1.0,1.0,0.0,0.0,10.0,0.0,1.0,1.0
-0.5605884106597949,-2.132822446903121,-1.2170740485175422,0.39604137475598133,1.0,0.0,1.0,0.0,0.0,7.0,1.0,0.0,2.0
-0.5605884106597949,-0.16694842904323381,-1.2170740485175422,0.40167801333589054,1.0,0.0,1.0,0.0,0.0,5.0,1.0,0.0,2.0
-1.2381695013217864,0.5366275352434627,0.3475460579266711,-0.628691447595678,1.0,0.0,0.0,1.0,0.0,1.0,1.0,0.0,1.0
-0.8509803066577912,0.2779599013145302,1.0282633852157048,-1.4562175897360787,1.0,0.0,0.0,1.0,0.0,1.0,0.0,1.0,2.0
1.2785602639941818,0.2883066066716875,0.9670659944509691,-0.7970594754076817,0.0,1.0,0.0,1.0,0.0,9.0,0.0,0.0,2.0
0.6009791733321904,-0.2704154826148068,-1.2170740485175422,1.471921608408245,1.0,0.0,1.0,0.0,0.0,3.0,1.0,1.0,1.0
0.8913710693301867,0.3090000173860021,1.0288654021332655,-0.46605764668081695,0.0,1.0,0.0,1.0,0.0,5.0,0.0,0.0,2.0
-0.27019651466179856,1.1367364459585863,0.8347333523445861,-0.3269601995955041,0.0,1.0,1.0,0.0,0.0,9.0,1.0,1.0,1.0
-1.334966799987785,-0.8498309826156157,1.5713244404226907,-0.9650568067775727,0.0,1.0,0.0,1.0,0.0,9.0,1.0,1.0,2.0
-0.5605884106597949,-1.6879141165453573,1.0334942611829763,0.41323031306405617,1.0,0.0,0.0,1.0,0.0,4.0,1.0,0.0,1.0
-1.818953293317779,-0.1566017236860765,0.780542827641972,0.012318022994734824,1.0,0.0,1.0,0.0,0.0,10.0,0.0,0.0,1.0
-1.0445749039897887,1.6954585352450806,-1.2170740485175422,1.490596637614945,0.0,1.0,0.0,0.0,1.0,6.0,0.0,1.0,2.0
-0.6573857093257937,0.6607879995293504,-1.2170740485175422,-0.6775725833224447,1.0,0.0,1.0,0.0,0.0,10.0,1.0,0.0,2.0
-0.4637911119937961,1.0022292763155414,-1.2170740485175422,-0.8049672602795789,1.0,0.0,1.0,0.0,0.0,8.0,1.0,0.0,2.0
-0.1733992159957998,-0.7670573397583573,0.8286799074675257,-0.7597214198354383,0.0,1.0,1.0,0.0,0.0,2.0,1.0,0.0,1.0
-1.2381695013217864,0.6918281156008222,1.1544551332586042,-0.8481856642934864,0.0,1.0,0.0,1.0,0.0,7.0,0.0,0.0,1.0
-0.94777760532379,0.7642550531009233,-1.2170740485175422,1.5815593865300874,1.0,0.0,1.0,0.0,0.0,6.0,1.0,1.0,2.0
0.020195381336197752,-0.1979885451147057,0.3559562905282603,-0.10997927346346173,1.0,0.0,0.0,0.0,1.0,5.0,1.0,0.0,2.0
-0.94777760532379,-0.8394842772584584,-1.2170740485175422,-1.0918456011876025,1.0,0.0,1.0,0.0,0.0,0.0,1.0,0.0,1.0
0.40738457600019284,-0.6842836969010989,-1.2170740485175422,-0.18188916460678484,1.0,0.0,1.0,0.0,0.0,2.0,1.0,0.0,2.0
-0.7541830079917924,-1.1188453219017056,1.1568218876183505,-1.4472979131683719,1.0,0.0,1.0,0.0,0.0,2.0,1.0,1.0,1.0
0.11699268000219652,2.057593222745586,0.43546882027440725,-0.6792413261517218,0.0,1.0,1.0,0.0,0.0,8.0,1.0,0.0,1.0
0.5041818746661916,1.7161519459593952,-1.2170740485175422,-0.5976507087296433,0.0,1.0,1.0,0.0,0.0,8.0,0.0,0.0,1.0
1.3753575626601806,-0.4359627683293237,-1.2170740485175422,0.9529946008147386,0.0,1.0,0.0,0.0,1.0,10.0,1.0,1.0,1.0
-0.36699381332779735,-2.06039550940302,-1.2170740485175422,1.1199690813729806,1.0,0.0,1.0,0.0,0.0,7.0,1.0,0.0,2.0
-0.5605884106597949,-0.5808166433295259,-1.2170740485175422,-1.0160810584906517,1.0,0.0,1.0,0.0,0.0,9.0,1.0,1.0,2.0
0.7945737706641879,0.9918825709583841,1.032083660795367,0.523704289119844,1.0,0.0,1.0,0.0,0.0,5.0,0.0,1.0,4.0
0.020195381336197752,-0.07382808082881809,-1.2170740485175422,-1.6720090169140298,1.0,0.0,1.0,0.0,0.0,9.0,1.0,0.0,1.0
0.31058727733419406,1.6540717138164513,-1.2170740485175422,-1.6710199132209964,0.0,1.0,1.0,0.0,0.0,10.0,1.0,1.0,2.0
0.40738457600019284,-0.5290831165437394,0.9373597951770919,1.6509323293337692,1.0,0.0,1.0,0.0,0.0,5.0,1.0,0.0,1.0
2.1497359519881707,0.2779599013145302,-1.2170740485175422,1.0451191899630452,1.0,0.0,0.0,0.0,1.0,8.0,1.0,1.0,2.0
-0.27019651466179856,0.6090544727435638,0.6490186082534567,-0.7176843389272977,1.0,0.0,1.0,0.0,0.0,4.0,1.0,0.0,1.0
-0.07660191732980101,-0.6222034647581551,1.0702571596950612,0.34408420656282185,1.0,0.0,1.0,0.0,0.0,2.0,0.0,1.0,1.0
0.31058727733419406,0.2883066066716875,-1.2170740485175422,1.1904657684357187,0.0,1.0,0.0,0.0,1.0,2.0,1.0,1.0,1.0
-0.27019651466179856,-0.30145559868627875,0.5344817148319193,0.19694416008536889,1.0,0.0,0.0,0.0,1.0,0.0,1.0,0.0,2.0
-0.7541830079917924,-0.07382808082881809,-1.2170740485175422,-1.00870000699591,0.0,1.0,1.0,0.0,0.0,5.0,1.0,1.0,2.0
0.6009791733321904,-1.0050315629729754,-1.2170740485175422,1.415044666974429,1.0,0.0,1.0,0.0,0.0,6.0,1.0,1.0,2.0
1.181762965328183,0.3814269548861032,-1.2170740485175422,-0.1432440170279544,1.0,0.0,1.0,0.0,0.0,5.0,1.0,0.0,1.0
-0.36699381332779735,-0.7670573397583573,-1.2170740485175422,-1.2993872494977885,1.0,0.0,1.0,0.0,0.0,10.0,1.0,1.0,2.0
-0.7541830079917924,0.3503868388146313,0.7513253149981044,1.40747852818996,0.0,1.0,0.0,0.0,1.0,7.0,1.0,1.0,2.0
1.7625467573241755,0.443507187029047,0.6528928965659097,0.31043798139459666,0.0,1.0,0.0,0.0,1.0,8.0,1.0,1.0,1.0
-0.27019651466179856,0.54697424060062,0.7123858319563064,0.012925471129816178,0.0,1.0,1.0,0.0,0.0,7.0,0.0,1.0,2.0
-0.36699381332779735,1.3747106691732043,-1.2170740485175422,-0.31964177161984275,0.0,1.0,0.0,0.0,1.0,3.0,0.0,0.0,2.0
-0.1733992159957998,-1.098151911187391,0.6276228144768152,0.62957073975928,1.0,0.0,0.0,1.0,0.0,8.0,1.0,0.0,1.0
-1.334966799987785,-1.3154327236876944,0.8952451350576802,1.631861032414665,1.0,0.0,0.0,1.0,0.0,7.0,0.0,0.0,1.0
-0.7541830079917924,-0.30145559868627875,-1.2170740485175422,-1.12113357733626,0.0,1.0,1.0,0.0,0.0,7.0,1.0,0.0,1.0
0.8913710693301867,2.057593222745586,-1.2170740485175422,1.2101405125428522,0.0,1.0,0.0,0.0,1.0,2.0,1.0,0.0,1.0
-0.4637911119937961,-0.5394298219008967,0.41466764881500423,1.707735514178446,0.0,1.0,0.0,0.0,1.0,2.0,0.0,0.0,1.0
-1.334966799987785,1.9023926423882267,-1.2170740485175422,-0.2854421980788533,0.0,1.0,1.0,0.0,0.0,7.0,1.0,1.0,2.0
0.6009791733321904,0.5262808298863054,0.08170037044937954,-1.2591481594041385,0.0,1.0,1.0,0.0,0.0,0.0,1.0,1.0,1.0
1.3753575626601806,2.057593222745586,-0.16563968671210558,1.4399049863698719,1.0,0.0,0.0,0.0,1.0,7.0,0.0,0.0,2.0
2.2465332506541693,2.057593222745586,-1.2170740485175422,1.398328710189632,0.0,1.0,0.0,0.0,1.0,5.0,1.0,1.0,2.0
0.40738457600019284,1.0539628031013277,-1.2170740485175422,0.17435463907347498,1.0,0.0,1.0,0.0,0.0,5.0,1.0,0.0,2.0
-1.0445749039897887,-1.7603410540454583,-1.2170740485175422,0.7890088277046162,1.0,0.0,1.0,0.0,0.0,10.0,1.0,0.0,2.0
-0.4637911119937961,-1.336126134402009,-1.2170740485175422,-1.6693403852300999,1.0,0.0,1.0,0.0,0.0,3.0,1.0,1.0,2.0
-0.5605884106597949,1.5092178388162492,0.12610012282062782,-0.5234552330940999,1.0,0.0,0.0,1.0,0.0,10.0,0.0,0.0,1.0
-1.0445749039897887,-1.1912722594018068,-1.2170740485175422,0.6321315198270157,1.0,0.0,0.0,0.0,1.0,4.0,1.0,1.0,1.0
0.6009791733321904,1.1884699727443728,0.3527185808522673,0.4779155375561191,1.0,0.0,0.0,1.0,0.0,6.0,1.0,0.0,1.0
0.40738457600019284,-0.9532980361871888,-1.2170740485175422,-0.23004386751221698,1.0,0.0,1.0,0.0,0.0,1.0,0.0,1.0,1.0
0.6009791733321904,0.9711891602440694,0.6674499710616763,0.3917854108175791,0.0,1.0,0.0,1.0,0.0,10.0,1.0,1.0,3.0
1.181762965328183,0.5159341245291481,-1.2170740485175422,-0.659236416935658,0.0,1.0,1.0,0.0,0.0,9.0,0.0,0.0,2.0
1.0849656666621843,-0.9532980361871888,1.3984017118807808,0.8817706111595675,0.0,1.0,1.0,0.0,0.0,5.0,0.0,0.0,1.0
-0.5605884106597949,0.11241261560001335,-1.2170740485175422,-0.5530676338624387,0.0,1.0,0.0,0.0,1.0,3.0,0.0,1.0,2.0
-0.27019651466179856,1.6023381870306648,1.4832920450875642,0.11925585767310733,0.0,1.0,0.0,1.0,0.0,8.0,1.0,1.0,2.0
0.11699268000219652,-2.0086619826172334,0.9421529429557073,0.8854036450373381,0.0,1.0,1.0,0.0,0.0,10.0,1.0,0.0,2.0
-0.27019651466179856,-0.8705243933299304,-1.2170740485175422,-1.6693101171958775,0.0,1.0,1.0,0.0,0.0,7.0,0.0,1.0,2.0
0.020195381336197752,0.8159885798867099,1.0349770392998205,1.2627571411827743,1.0,0.0,0.0,0.0,1.0,6.0,1.0,0.0,1.0
-0.1733992159957998,-0.0014011433287169732,0.6764429303191155,-0.41785736776983157,1.0,0.0,0.0,1.0,0.0,10.0,1.0,1.0,2.0
-1.6253586959857813,2.057593222745586,0.25478224365040425,-1.5537123195997624,0.0,1.0,0.0,1.0,0.0,7.0,0.0,0.0,2.0
-1.4317640986537838,0.34004013345747397,0.05711043083777512,1.6824119546960272,1.0,0.0,0.0,0.0,1.0,9.0,0.0,1.0,1.0
2.5369251466521656,1.5712980709591928,1.2208858112733252,-1.616530841360566,1.0,0.0,1.0,0.0,0.0,2.0,0.0,1.0,2.0
-0.36699381332779735,-0.08417478618597539,-1.2170740485175422,-0.5545545945321625,0.0,1.0,0.0,0.0,1.0,2.0,0.0,0.0,2.0
0.8913710693301867,0.5159341245291481,0.2630143628355295,0.593769569717805,1.0,0.0,0.0,1.0,0.0,1.0,1.0,1.0,1.0
-0.07660191732980101,0.5676676513149347,1.4037462396399658,0.6228166192722226,0.0,1.0,0.0,1.0,0.0,5.0,1.0,1.0,2.0
0.6009791733321904,0.039985678099912235,-1.2170740485175422,1.1650065246619583,1.0,0.0,1.0,0.0,0.0,0.0,1.0,0.0,2.0
0.11699268000219652,0.3503868388146313,-1.2170740485175422,0.07027574199534935,1.0,0.0,1.0,0.0,0.0,7.0,1.0,0.0,2.0
0.8913710693301867,1.6023381870306648,1.4305413776694873,-1.364135097508932,0.0,1.0,1.0,0.0,0.0,4.0,1.0,1.0,1.0
0.31058727733419406,0.6814814102436649,-1.2170740485175422,1.2665001141273748,0.0,1.0,1.0,0.0,0.0,5.0,1.0,0.0,2.0
-0.36699381332779735,1.3540172584588896,-1.2170740485175422,0.3428054690940407,1.0,0.0,1.0,0.0,0.0,4.0,1.0,1.0,1.0
0.2137899786681953,0.2883066066716875,1.1576693731161827,1.2679646347027616,0.0,1.0,1.0,0.0,0.0,8.0,1.0,0.0,3.0
0.2137899786681953,-0.3221490094005933,-1.2170740485175422,-0.19145786436807388,1.0,0.0,1.0,0.0,0.0,9.0,0.0,0.0,2.0
2.1497359519881707,-0.6428968754724697,-1.2170740485175422,-0.674074885827576,1.0,0.0,1.0,0.0,0.0,1.0,1.0,0.0,1.0
-0.07660191732980101,-0.9532980361871888,1.127887941821633,-0.7575236822241502,0.0,1.0,0.0,0.0,1.0,3.0,1.0,0.0,1.0
-0.6573857093257937,-0.3221490094005933,-1.2170740485175422,-0.7605209134290335,0.0,1.0,1.0,0.0,0.0,6.0,1.0,0.0,2.0
0.6977764719981892,-0.8394842772584584,-1.2170740485175422,-1.7228118249054711,1.0,0.0,1.0,0.0,0.0,3.0,0.0,0.0,2.0
-0.1733992159957998,-0.6118567594009978,-1.2170740485175422,-1.551702974408375,0.0,1.0,0.0,0.0,1.0,9.0,1.0,1.0,3.0
0.2137899786681953,-0.33249571475775064,1.1616428455242656,1.2291629283262298,0.0,1.0,0.0,1.0,0.0,3.0,1.0,0.0,2.0
-0.6573857093257937,-1.0153782683301327,-0.1869404759498211,0.16179288300857453,0.0,1.0,1.0,0.0,0.0,7.0,0.0,1.0,1.0
0.9881683679961855,-1.646527295116728,-1.2170740485175422,1.4439313307383121,1.0,0.0,1.0,0.0,0.0,8.0,1.0,1.0,1.0
-1.4317640986537838,1.3229771423874177,0.7473225856930932,-0.9768074143161601,1.0,0.0,0.0,1.0,0.0,10.0,1.0,0.0,2.0
0.020195381336197752,-1.6672207058310426,-1.2170740485175422,1.2385769827862343,0.0,1.0,1.0,0.0,0.0,1.0,1.0,0.0,3.0
0.40738457600019284,0.8677221066724964,0.37127725938777856,1.4735896554206436,1.0,0.0,0.0,1.0,0.0,9.0,0.0,0.0,1.0
0.11699268000219652,-0.4359627683293237,-1.2170740485175422,-0.04248573204907544,0.0,1.0,1.0,0.0,0.0,6.0,1.0,1.0,2.0
0.7945737706641879,0.9815358656012267,1.0717481361731327,-0.657061119418707,0.0,1.0,1.0,0.0,0.0,8.0,1.0,1.0,1.0
0.020195381336197752,1.0022292763155414,-1.2170740485175422,0.41992250584891194,0.0,1.0,0.0,0.0,1.0,3.0,1.0,1.0,2.0
-0.27019651466179856,1.747192062030867,-1.2170740485175422,-1.1904731209297656,0.0,1.0,1.0,0.0,0.0,4.0,1.0,0.0,2.0
-0.1733992159957998,2.057593222745586,1.244809433094999,0.9111132089332008,1.0,0.0,1.0,0.0,0.0,7.0,1.0,1.0,1.0
1.3753575626601806,-0.5083897058294248,0.3626189861710233,-0.9536240135983189,1.0,0.0,0.0,1.0,0.0,5.0,0.0,1.0,1.0
2.052938653322172,1.7885788834594962,0.9410267131761527,0.9252184607892174,0.0,1.0,0.0,1.0,0.0,8.0,0.0,0.0,3.0
-0.07660191732980101,-1.1809255540446495,0.34124248265609264,0.04780659730346582,1.0,0.0,0.0,0.0,1.0,1.0,1.0,1.0,1.0
0.5041818746661916,-1.1912722594018068,0.7424760681904113,0.5418411039708907,1.0,0.0,0.0,1.0,0.0,4.0,0.0,0.0,1.0
-0.1733992159957998,0.008945562028440329,1.1173578702101967,1.0310986538120068,1.0,0.0,0.0,1.0,0.0,9.0,1.0,0.0,1.0
-0.6573857093257937,0.49524071381483353,-1.2170740485175422,1.2335397904473018,0.0,1.0,1.0,0.0,0.0,3.0,1.0,1.0,2.0
0.11699268000219652,2.057593222745586,-1.2170740485175422,0.3370126196248698,0.0,1.0,1.0,0.0,0.0,9.0,0.0,1.0,2.0
-0.36699381332779735,-0.2807621879719641,-1.2170740485175422,-0.21827951759027578,0.0,1.0,0.0,0.0,1.0,2.0,1.0,0.0,2.0
0.6009791733321904,0.6090544727435638,0.5227688286732435,1.5432416207926727,0.0,1.0,0.0,1.0,0.0,9.0,1.0,1.0,1.0
-0.1733992159957998,-1.3982063665449527,-1.2170740485175422,0.03437141710161143,0.0,1.0,1.0,0.0,0.0,8.0,1.0,0.0,1.0
-0.94777760532379,2.057593222745586,-1.2170740485175422,-1.5514307360545945,0.0,1.0,1.0,0.0,0.0,6.0,1.0,1.0,2.0
-0.27019651466179856,0.5987077673864065,-1.2170740485175422,-1.0049876499939707,1.0,0.0,1.0,0.0,0.0,7.0,0.0,1.0,1.0
-0.6573857093257937,-0.1152149022574473,0.6939374294169092,-1.4042799044155219,1.0,0.0,0.0,0.0,1.0,6.0,1.0,1.0,2.0
0.7945737706641879,-1.7706877594026156,-0.004868697782794541,-1.286753302431726,0.0,1.0,0.0,0.0,1.0,8.0,1.0,0.0,1.0
0.2137899786681953,-0.6946304022582562,0.20710877311463566,1.3766597549082227,1.0,0.0,0.0,1.0,0.0,3.0,1.0,0.0,1.0
2.6337224453181647,-1.4188997772592673,-1.2170740485175422,-1.4894722439558308,0.0,1.0,0.0,0.0,1.0,9.0,1.0,1.0,2.0
-1.1413722026557875,-0.011747848685874276,-1.2170740485175422,-1.7196470757870475,1.0,0.0,1.0,0.0,0.0,6.0,1.0,0.0,2.0
-1.7221559946517802,-0.1979885451147057,-1.2170740485175422,-0.2757179832451806,1.0,0.0,1.0,0.0,0.0,1.0,1.0,0.0,2.0
0.11699268000219652,0.5159341245291481,1.5115759090646244,0.9337663971894933,0.0,1.0,1.0,0.0,0.0,5.0,1.0,1.0,1.0
0.5041818746661916,-2.0086619826172334,-1.2170740485175422,1.4983315119924918,0.0,1.0,0.0,0.0,1.0,7.0,0.0,0.0,2.0
3.0209116399821596,-1.6568740004738853,1.1740490558392673,-1.427126703718305,0.0,1.0,0.0,1.0,0.0,6.0,1.0,1.0,2.0
0.8913710693301867,-0.1772951344003911,0.5069559581400974,0.06703079998165869,0.0,1.0,0.0,1.0,0.0,2.0,1.0,1.0,1.0
0.2137899786681953,-1.5947937683309414,-1.2170740485175422,-1.3530891785142205,0.0,1.0,1.0,0.0,0.0,9.0,0.0,0.0,1.0
-1.0445749039897887,0.17449284774295717,0.5052452334307027,1.6205578351290642,0.0,1.0,1.0,0.0,0.0,4.0,1.0,0.0,1.0
-0.4637911119937961,0.7125215263151369,0.5627319816031664,-1.5735940692283013,1.0,0.0,1.0,0.0,0.0,6.0,1.0,1.0,1.0
-1.4317640986537838,-0.29110889332912143,1.1647561330122231,0.16719868433898372,1.0,0.0,1.0,0.0,0.0,7.0,1.0,1.0,2.0
2.3433305493201684,0.14345273167148526,0.46229723400538036,-1.299322016665413,0.0,1.0,0.0,1.0,0.0,7.0,1.0,1.0,1.0
-0.1733992159957998,0.22622637452874367,-1.2170740485175422,1.1081645480262958,0.0,1.0,1.0,0.0,0.0,4.0,0.0,0.0,2.0
3.311303535980156,-0.053134670114503485,0.3463896067371028,0.08455860110964711,1.0,0.0,1.0,0.0,0.0,6.0,0.0,1.0,1.0
0.11699268000219652,1.3229771423874177,-0.00387364178287419,-0.8169704493451246,1.0,0.0,0.0,1.0,0.0,2.0,1.0,1.0,1.0
2.3433305493201684,0.050332383457069536,-1.2170740485175422,-0.7452940047645964,0.0,1.0,1.0,0.0,0.0,8.0,0.0,1.0,2.0
-1.7221559946517802,-0.6428968754724697,-1.2170740485175422,-0.7698735620494946,1.0,0.0,1.0,0.0,0.0,3.0,0.0,1.0,2.0
2.052938653322172,1.5609513656020357,0.2761056989456299,-1.0504236224002086,1.0,0.0,1.0,0.0,0.0,3.0,1.0,0.0,1.0
0.7945737706641879,-0.6635902861867843,-0.07530323036779328,-0.7288034926484895,0.0,1.0,1.0,0.0,0.0,6.0,1.0,0.0,1.0
0.7945737706641879,0.3710802495289459,-1.2170740485175422,1.3527605325764467,1.0,0.0,1.0,0.0,0.0,7.0,1.0,1.0,2.0
3.5048981333121536,-1.439593187973582,-1.2170740485175422,0.4078518225461347,1.0,0.0,1.0,0.0,0.0,2.0,1.0,0.0,1.0
-0.07660191732980101,0.019292267385597632,0.6198125090144347,-0.17976187845446218,1.0,0.0,0.0,1.0,0.0,5.0,1.0,1.0,2.0
-0.36699381332779735,0.4021203656004178,0.5944414745557199,1.341249981861001,0.0,1.0,1.0,0.0,0.0,6.0,1.0,0.0,1.0
-0.7541830079917924,0.19518625845727178,-1.2170740485175422,-0.4105991279541755,1.0,0.0,1.0,0.0,0.0,9.0,0.0,1.0,1.0
0.020195381336197752,0.6918281156008222,0.28031226201605297,1.581029695931198,1.0,0.0,0.0,1.0,0.0,7.0,1.0,1.0,2.0
-0.7541830079917924,-0.36353583082922253,0.9818412096562499,-0.7047284026006291,1.0,0.0,1.0,0.0,0.0,3.0,1.0,0.0,1.0
-0.36699381332779735,-1.3568195451163236,0.4770592675318253,-1.3011711500204861,0.0,1.0,1.0,0.0,0.0,9.0,1.0,1.0,1.0
-0.27019651466179856,-0.35318912547206527,0.6414982997254636,-0.4929739309985184,1.0,0.0,0.0,0.0,1.0,7.0,1.0,1.0,1.0
3.5048981333121536,-0.4773495897579529,-0.23134762292139188,1.5098603279010026,0.0,1.0,0.0,1.0,0.0,2.0,0.0,1.0,1.0
-0.1733992159957998,-0.22902866118617762,-0.6456030996236516,-0.8729433506993248,1.0,0.0,0.0,1.0,0.0,1.0,0.0,0.0,2.0
-1.0445749039897887,0.3193467227431594,2.0096234600735934,-0.2954795305079285,0.0,1.0,1.0,0.0,0.0,10.0,0.0,1.0,1.0
0.5041818746661916,0.13310602631432794,1.081516403199169,0.27126105576624066,1.0,0.0,1.0,0.0,0.0,8.0,1.0,1.0,1.0
2.924114341316161,0.17449284774295717,-1.2170740485175422,0.602305677231144,1.0,0.0,0.0,0.0,1.0,9.0,0.0,1.0,1.0
-0.8509803066577912,1.5299112495305638,-1.2170740485175422,0.6430960282469225,1.0,0.0,1.0,0.0,0.0,9.0,1.0,0.0,2.0
0.40738457600019284,0.8573754013153391,-0.31921958757995605,-0.08779193460744066,1.0,0.0,0.0,0.0,1.0,3.0,0.0,1.0,2.0
-1.818953293317779,0.9091089281011256,0.9338058859612212,0.8765051908844304,1.0,0.0,1.0,0.0,0.0,4.0,0.0,1.0,1.0
-1.2381695013217864,-1.8327679915455595,-1.2170740485175422,0.9155650453229498,0.0,1.0,1.0,0.0,0.0,6.0,0.0,0.0,2.0
-0.6573857093257937,-1.718954232616829,0.4264242595668913,1.63780383042119,0.0,1.0,0.0,0.0,1.0,6.0,1.0,1.0,2.0
2.1497359519881707,0.039985678099912235,1.7407291074850757,1.0673568015885502,1.0,0.0,0.0,1.0,0.0,2.0,1.0,1.0,2.0
-0.27019651466179856,-0.5394298219008967,-1.2170740485175422,-1.5072808071943635,0.0,1.0,0.0,0.0,1.0,4.0,0.0,0.0,2.0
2.440127847986167,-0.042787964757346184,0.2492430450001201,-1.0099523034233013,1.0,0.0,0.0,0.0,1.0,1.0,1.0,1.0,1.0
-1.0445749039897887,-0.1152149022574473,-1.2170740485175422,0.5434192166517208,0.0,1.0,1.0,0.0,0.0,7.0,1.0,1.0,2.0
-0.27019651466179856,0.8780688120296537,0.4533688971246725,0.17703649127809973,1.0,0.0,0.0,1.0,0.0,8.0,1.0,1.0,1.0
-0.8509803066577912,1.2298567941730019,-1.2170740485175422,0.012147895767899335,1.0,0.0,1.0,0.0,0.0,8.0,1.0,0.0,2.0
0.5041818746661916,-0.0014011433287169732,-1.2170740485175422,0.04647462984346648,0.0,1.0,1.0,0.0,0.0,2.0,1.0,0.0,3.0
-0.07660191732980101,-0.5601232326152112,0.6428716056070984,-1.3011713239747056,0.0,1.0,0.0,0.0,1.0,6.0,1.0,1.0,2.0
-0.27019651466179856,1.3850573745303616,0.38734283234933753,-1.0938619045477767,1.0,0.0,0.0,1.0,0.0,2.0,0.0,1.0,1.0
1.2785602639941818,0.5883610620292492,0.4765435745354206,-1.7349432182309124,0.0,1.0,1.0,0.0,0.0,10.0,1.0,0.0,1.0
0.2137899786681953,-1.1809255540446495,-1.2170740485175422,1.3116808956933594,1.0,0.0,1.0,0.0,0.0,0.0,0.0,1.0,2.0
2.924114341316161,-0.6015100540438405,1.7892028023774844,0.10506832547118794,0.0,1.0,0.0,1.0,0.0,2.0,0.0,1.0,2.0
-0.4637911119937961,0.6194011781007212,0.9284494625406474,-0.9894872852962152,0.0,1.0,0.0,1.0,0.0,4.0,1.0,1.0,2.0
0.40738457600019284,0.8263352852438672,0.05480154726316181,-1.7275423359551283,1.0,0.0,0.0,1.0,0.0,9.0,0.0,0.0,1.0
0.31058727733419406,0.8056418745295526,-1.2170740485175422,0.8641572245555023,1.0,0.0,0.0,0.0,1.0,1.0,1.0,1.0,2.0
1.2785602639941818,0.12275932095717065,0.9739564759341013,0.7781773942627555,0.0,1.0,0.0,0.0,1.0,0.0,1.0,0.0,1.0
-0.07660191732980101,1.3850573745303616,0.506185312184747,0.8095797839514806,1.0,0.0,0.0,1.0,0.0,9.0,0.0,0.0,1.0
-0.07660191732980101,-2.288023027260481,1.2433769704107842,-0.008374527251677201,1.0,0.0,0.0,1.0,0.0,8.0,1.0,0.0,1.0
-1.2381695013217864,1.436790901316148,1.0588828176294116,-0.026952837912241925,1.0,0.0,1.0,0.0,0.0,4.0,0.0,0.0,2.0
-0.07660191732980101,-1.201618964758964,0.8321182358653123,-0.679864082258134,0.0,1.0,0.0,1.0,0.0,8.0,0.0,0.0,1.0
0.31058727733419406,1.302283731673103,1.154532133553267,-1.0618033595424634,1.0,0.0,1.0,0.0,0.0,5.0,1.0,1.0,1.0
1.4721548613261792,-0.34284242011490795,0.6870228351066381,0.5864796702341698,1.0,0.0,0.0,1.0,0.0,4.0,1.0,1.0,1.0
-0.5605884106597949,-0.8394842772584584,-1.2170740485175422,0.431106022631381,1.0,0.0,1.0,0.0,0.0,8.0,1.0,1.0,1.0
-1.334966799987785,-0.09452149154313269,-1.2170740485175422,0.038706356255743146,0.0,1.0,1.0,0.0,0.0,7.0,1.0,0.0,2.0
1.4721548613261792,-0.9843381522586606,1.1942951500179393,0.9942668050189982,1.0,0.0,1.0,0.0,0.0,4.0,1.0,0.0,1.0
-0.8509803066577912,-0.1979885451147057,-0.27397283196741856,-0.3685771810631459,0.0,1.0,0.0,1.0,0.0,1.0,1.0,1.0,1.0
0.020195381336197752,0.23657307988590098,0.7150613912556079,0.004736054376276255,0.0,1.0,0.0,0.0,1.0,6.0,0.0,0.0,1.0
-0.7541830079917924,-0.03244125940018888,-1.2170740485175422,-1.6466449260984277,1.0,0.0,0.0,0.0,1.0,5.0,1.0,1.0,2.0
-1.5285613973197827,0.6607879995293504,1.0209969043813907,-0.6053777551673052,0.0,1.0,1.0,0.0,0.0,7.0,1.0,0.0,2.0
0.6009791733321904,0.6918281156008222,0.4751050032683306,1.6328355239532466,0.0,1.0,0.0,0.0,1.0,3.0,1.0,1.0,2.0
2.6337224453181647,-0.8291375719013011,0.5765507213319484,1.55538049414956,1.0,0.0,0.0,1.0,0.0,9.0,0.0,1.0,1.0
-0.8509803066577912,-0.1152149022574473,0.5110070738515667,1.5268575686590031,1.0,0.0,1.0,0.0,0.0,6.0,1.0,1.0,1.0
0.2137899786681953,-0.30145559868627875,0.8258781577061988,0.04425775726801478,0.0,1.0,1.0,0.0,0.0,2.0,1.0,0.0,1.0
-1.2381695013217864,-0.1772951344003911,-1.2170740485175422,-1.358542991209258,0.0,1.0,1.0,0.0,0.0,8.0,1.0,0.0,1.0
0.8913710693301867,0.20553296381442906,0.659081694779308,-0.40853690068000886,1.0,0.0,0.0,1.0,0.0,9.0,0.0,0.0,2.0
-0.8509803066577912,0.15379943702864254,0.5480700966854372,1.1092515879450024,0.0,1.0,1.0,0.0,0.0,7.0,0.0,1.0,1.0
-0.07660191732980101,-0.6842836969010989,-1.2170740485175422,-0.21735808208869326,1.0,0.0,1.0,0.0,0.0,5.0,1.0,1.0,1.0
0.8913710693301867,1.064309508458485,1.0626976276349223,-0.10973312824263132,1.0,0.0,0.0,1.0,0.0,7.0,1.0,0.0,1.0
0.6977764719981892,0.18483955310011446,-1.2170740485175422,-1.589436080013485,0.0,1.0,1.0,0.0,0.0,3.0,0.0,1.0,2.0
-0.1733992159957998,-0.3945759469006945,1.5422880954867246,-1.6439642915733408,0.0,1.0,0.0,0.0,1.0,3.0,0.0,1.0,1.0
-0.27019651466179856,0.8987622227439683,-1.2170740485175422,-0.05179263070976378,0.0,1.0,0.0,0.0,1.0,5.0,1.0,1.0,2.0
0.8913710693301867,-0.9015645094014022,0.918940328030261,-0.3583269286691967,0.0,1.0,0.0,0.0,1.0,5.0,1.0,0.0,1.0
0.40738457600019284,-0.7153238129725709,1.2474766332808926,1.2299439827725402,1.0,0.0,1.0,0.0,0.0,5.0,0.0,0.0,1.0
-0.5605884106597949,0.29865331202884476,0.5253726924998529,-1.0576594221215274,0.0,1.0,1.0,0.0,0.0,2.0,0.0,1.0,1.0
-0.94777760532379,1.302283731673103,0.8926473798139459,1.1113482581546632,1.0,0.0,1.0,0.0,0.0,9.0,1.0,1.0,1.0
-0.27019651466179856,-0.9739914469015034,0.6011980494721426,-0.02514667124942688,0.0,1.0,0.0,0.0,1.0,1.0,1.0,0.0,1.0
-0.6573857093257937,-0.9636447415443461,0.5232751980431545,-1.6164414288916564,1.0,0.0,0.0,1.0,0.0,1.0,1.0,1.0,1.0
-0.6573857093257937,2.057593222745586,-1.2170740485175422,-0.7700064630733212,1.0,0.0,1.0,0.0,0.0,8.0,1.0,1.0,2.0
-2.0125478906497762,-0.36353583082922253,-1.2170740485175422,-1.2620398003976832,0.0,1.0,1.0,0.0,0.0,6.0,1.0,1.0,2.0
-0.8509803066577912,0.3503868388146313,0.148653975308647,1.6436069431893217,1.0,0.0,0.0,1.0,0.0,4.0,0.0,1.0,2.0
-0.4637911119937961,-1.3568195451163236,-1.2170740485175422,0.08428549298476806,0.0,1.0,1.0,0.0,0.0,3.0,1.0,1.0,2.0
-0.27019651466179856,0.7228682316722942,-1.2170740485175422,0.12383989926980404,1.0,0.0,0.0,0.0,1.0,2.0,1.0,1.0,2.0
-1.2381695013217864,-1.708607527259672,-1.2170740485175422,-1.1908782603073726,0.0,1.0,1.0,0.0,0.0,2.0,1.0,1.0,2.0
2.440127847986167,-1.1084986165445483,0.612759185572026,0.4258886137208725,0.0,1.0,1.0,0.0,0.0,9.0,1.0,1.0,1.0
-0.1733992159957998,-0.18764183975754842,-1.2170740485175422,1.4333737012382095,0.0,1.0,1.0,0.0,0.0,2.0,1.0,0.0,2.0
-0.1733992159957998,0.4331604816718897,-1.2170740485175422,-0.2955680732057396,0.0,1.0,1.0,0.0,0.0,1.0,1.0,1.0,2.0
-0.36699381332779735,-0.8187908665441438,1.2326326161421763,0.4916810568211235,0.0,1.0,0.0,0.0,1.0,4.0,1.0,0.0,1.0
-1.0445749039897887,0.3917736602432605,0.31535398692698324,-1.630456920370324,1.0,0.0,0.0,0.0,1.0,5.0,1.0,0.0,1.0
-0.6573857093257937,0.49524071381483353,0.7747454609891238,0.4798549531512,0.0,1.0,0.0,1.0,0.0,1.0,1.0,1.0,3.0
-0.27019651466179856,-1.2326590808304358,-1.2170740485175422,0.5730067419666471,0.0,1.0,1.0,0.0,0.0,4.0,1.0,1.0,2.0
-0.4637911119937961,0.4745473031005189,0.817388192022871,-0.4614007182660794,1.0,0.0,1.0,0.0,0.0,2.0,1.0,0.0,1.0
-1.5285613973197827,1.8920459370310694,0.8928756479108584,-1.3857087258779637,0.0,1.0,1.0,0.0,0.0,4.0,1.0,0.0,1.0
-0.7541830079917924,-0.9222579201157168,0.6661859766630697,0.153363583386112,1.0,0.0,0.0,1.0,0.0,9.0,1.0,1.0,1.0
0.5041818746661916,1.9748195798883277,1.0535855510114183,0.4985957370529348,0.0,1.0,1.0,0.0,0.0,3.0,0.0,1.0,4.0
-0.07660191732980101,2.057593222745586,0.4223700895639845,-0.9751424984797158,0.0,1.0,0.0,1.0,0.0,7.0,0.0,0.0,2.0
-0.27019651466179856,0.6814814102436649,-1.2170740485175422,0.7948474271335602,1.0,0.0,1.0,0.0,0.0,5.0,1.0,1.0,2.0
0.8913710693301867,-1.781034464759773,0.18259888808913163,-0.24722863091901967,0.0,1.0,0.0,0.0,1.0,5.0,0.0,1.0,1.0
-0.4637911119937961,-0.44630947368648094,0.20996919742199988,1.199646028424489,1.0,0.0,1.0,0.0,0.0,4.0,1.0,1.0,1.0
-0.5605884106597949,0.8159885798867099,-1.2170740485175422,-1.7114294784499213,0.0,1.0,1.0,0.0,0.0,0.0,1.0,0.0,2.0
1.568952159992178,2.057593222745586,0.36614331698560426,0.9745068233442274,1.0,0.0,1.0,0.0,0.0,10.0,1.0,0.0,1.0
-1.0445749039897887,-1.8948482236885031,-1.2170740485175422,1.231636383375692,0.0,1.0,0.0,0.0,1.0,3.0,1.0,0.0,2.0
-0.07660191732980101,-0.9532980361871888,0.31231271641607933,-0.23106741414074464,1.0,0.0,1.0,0.0,0.0,8.0,1.0,1.0,1.0
0.11699268000219652,0.4021203656004178,0.031037873861507626,1.5515481087360496,1.0,0.0,1.0,0.0,0.0,9.0,0.0,0.0,1.0
0.6009791733321904,-0.36353583082922253,0.8462218284586918,0.7678669537088011,1.0,0.0,0.0,1.0,0.0,6.0,1.0,1.0,3.0
-0.27019651466179856,0.16414614238579986,0.7367492717449887,1.5131063136400114,1.0,0.0,0.0,0.0,1.0,3.0,1.0,1.0,2.0
0.5041818746661916,-1.5947937683309414,0.7320467881964146,-0.35081854268565793,0.0,1.0,0.0,0.0,1.0,2.0,0.0,1.0,1.0
1.181762965328183,2.0265531066741143,0.3513165003302469,0.7710584917770538,0.0,1.0,1.0,0.0,0.0,5.0,0.0,0.0,1.0
-0.36699381332779735,-0.37388253618637984,-1.2170740485175422,0.8858722777051243,0.0,1.0,1.0,0.0,0.0,7.0,1.0,0.0,2.0
1.2785602639941818,-0.5601232326152112,0.1283146448650387,1.0650319034426847,0.0,1.0,0.0,1.0,0.0,8.0,1.0,1.0,2.0
-0.94777760532379,-1.1084986165445483,0.6888126498890474,1.118154564907621,1.0,0.0,1.0,0.0,0.0,1.0,1.0,1.0,1.0
-0.8509803066577912,0.3193467227431594,-1.2170740485175422,1.0716731276411775,0.0,1.0,1.0,0.0,0.0,4.0,0.0,1.0,1.0
0.2137899786681953,1.126389740601429,-1.2170740485175422,0.02839869896930337,1.0,0.0,0.0,0.0,1.0,6.0,0.0,0.0,2.0
-0.4637911119937961,-0.1359083129717619,1.140835243977625,0.04037770839831533,0.0,1.0,0.0,0.0,1.0,5.0,1.0,0.0,1.0
0.020195381336197752,-1.1498854379731775,0.10963154414149212,0.24760345584558408,0.0,1.0,0.0,1.0,0.0,1.0,1.0,0.0,1.0
-0.1733992159957998,-1.0050315629729754,-0.27458449401583485,1.4295541884369545,1.0,0.0,0.0,1.0,0.0,4.0,0.0,0.0,1.0
-0.36699381332779735,-1.6258338844024134,0.5950380258991295,1.459375334268895,1.0,0.0,1.0,0.0,0.0,9.0,1.0,0.0,2.0
-0.4637911119937961,0.5883610620292492,-1.2170740485175422,0.37572700098312806,0.0,1.0,1.0,0.0,0.0,3.0,0.0,1.0,1.0
-0.1733992159957998,-0.3221490094005933,0.5117986175904372,-0.4989485626272425,0.0,1.0,1.0,0.0,0.0,0.0,1.0,0.0,1.0
0.2137899786681953,-0.8705243933299304,0.9430959152490084,0.10242857018772286,0.0,1.0,0.0,1.0,0.0,0.0,1.0,1.0,1.0
0.11699268000219652,1.8920459370310694,-1.2170740485175422,-0.9536161856584339,0.0,1.0,0.0,0.0,1.0,7.0,0.0,0.0,2.0
-0.07660191732980101,1.540257954887721,-1.2170740485175422,-0.8402904041254053,0.0,1.0,0.0,0.0,1.0,1.0,1.0,0.0,2.0
0.11699268000219652,0.008945562028440329,0.1395264664757741,0.13946794636479584,1.0,0.0,1.0,0.0,0.0,8.0,0.0,1.0,2.0
-1.0445749039897887,0.12275932095717065,-1.2170740485175422,0.41942012606251006,0.0,1.0,1.0,0.0,0.0,4.0,1.0,1.0,2.0
-0.6573857093257937,-0.49804300047226746,-1.2170740485175422,1.7081825765229934,0.0,1.0,1.0,0.0,0.0,7.0,1.0,0.0,1.0
-0.6573857093257937,-0.1255616076146046,-1.2170740485175422,0.1997284713253782,0.0,1.0,1.0,0.0,0.0,9.0,1.0,0.0,2.0
-0.36699381332779735,-0.33249571475775064,0.23633657389808244,-1.3795175212457522,1.0,0.0,1.0,0.0,0.0,4.0,1.0,1.0,1.0
-0.5605884106597949,0.5573209459577774,1.1046369071249458,0.24330104613053022,0.0,1.0,1.0,0.0,0.0,3.0,1.0,0.0,2.0
-1.0445749039897887,-0.042787964757346184,-1.2170740485175422,-0.15313922885956074,0.0,1.0,1.0,0.0,0.0,8.0,1.0,1.0,2.0
-0.7541830079917924,0.20553296381442906,0.6514226571191772,1.2565998576233979,0.0,1.0,1.0,0.0,0.0,0.0,1.0,0.0,1.0
-0.27019651466179856,1.302283731673103,-1.2170740485175422,0.11504720928245464,0.0,1.0,1.0,0.0,0.0,7.0,1.0,0.0,1.0
-0.7541830079917924,0.46420059774336164,-1.2170740485175422,1.586730697572384,1.0,0.0,1.0,0.0,0.0,8.0,0.0,0.0,2.0
-0.7541830079917924,-1.8017278754740875,-1.2170740485175422,1.4647376470443876,0.0,1.0,0.0,0.0,1.0,9.0,0.0,1.0,2.0
-1.334966799987785,0.3607335441717886,-1.2170740485175422,-1.4507663863543363,0.0,1.0,1.0,0.0,0.0,1.0,0.0,1.0,2.0
-0.27019651466179856,0.42281377631473244,0.06172755497827837,1.3639468326264303,1.0,0.0,1.0,0.0,0.0,3.0,0.0,1.0,1.0
0.11699268000219652,-0.653243580829627,-1.2170740485175422,0.01511642452653722,0.0,1.0,1.0,0.0,0.0,5.0,0.0,0.0,2.0
-0.36699381332779735,-0.03244125940018888,-1.2170740485175422,0.4007960654421725,0.0,1.0,0.0,0.0,1.0,7.0,0.0,0.0,2.0
0.7945737706641879,-0.5187364111865821,-0.18134678231020368,-0.05811325728140826,0.0,1.0,1.0,0.0,0.0,1.0,0.0,1.0,2.0
-0.6573857093257937,0.13310602631432794,0.5063457428613093,0.21712111002468434,0.0,1.0,1.0,0.0,0.0,10.0,1.0,1.0,1.0
0.6977764719981892,0.17449284774295717,-1.2170740485175422,-1.225867064142997,0.0,1.0,1.0,0.0,0.0,0.0,0.0,0.0,2.0
0.11699268000219652,-0.9946848576158179,1.0323341126932466,0.10196150310791362,0.0,1.0,1.0,0.0,0.0,10.0,1.0,1.0,1.0
1.7625467573241755,-0.9119112147585595,-1.2170740485175422,-1.053487825979664,0.0,1.0,0.0,0.0,1.0,6.0,1.0,1.0,2.0
-0.8509803066577912,-1.336126134402009,-1.2170740485175422,0.7937906552490758,0.0,1.0,0.0,0.0,1.0,3.0,1.0,0.0,2.0
-0.07660191732980101,-1.2119656701161212,-1.2170740485175422,0.7667828710118287,0.0,1.0,1.0,0.0,0.0,3.0,0.0,0.0,1.0
0.7945737706641879,-0.1152149022574473,0.2143781474882064,0.285764314876858,0.0,1.0,0.0,0.0,1.0,6.0,1.0,0.0,1.0
-1.2381695013217864,-0.8187908665441438,-1.2170740485175422,0.33960592913168347,1.0,0.0,0.0,0.0,1.0,5.0,1.0,0.0,2.0
0.11699268000219652,-0.7774040451155146,-1.2170740485175422,0.2192953638163174,0.0,1.0,1.0,0.0,0.0,9.0,1.0,0.0,2.0
0.6977764719981892,-0.1255616076146046,0.5516997201785233,0.593825756930758,1.0,0.0,0.0,1.0,0.0,10.0,1.0,1.0,2.0
-2.0125478906497762,1.2402034995301592,-1.2170740485175422,-1.0144269278158267,0.0,1.0,0.0,0.0,1.0,1.0,0.0,0.0,2.0
-0.36699381332779735,-0.6739369915439416,-1.2170740485175422,-0.5061720115989649,1.0,0.0,1.0,0.0,0.0,7.0,1.0,0.0,2.0
0.11699268000219652,-0.8705243933299304,-0.7565248372483859,-0.08207284172740913,0.0,1.0,0.0,0.0,1.0,8.0,1.0,1.0,1.0
0.6977764719981892,-1.0050315629729754,0.19116890835855968,-0.050959042089113754,1.0,0.0,0.0,0.0,1.0,7.0,0.0,1.0,3.0
0.7945737706641879,1.4574843120304626,-1.2170740485175422,-1.6404024049714143,0.0,1.0,0.0,0.0,1.0,0.0,1.0,1.0,1.0
0.5041818746661916,0.16414614238579986,1.039993954114282,-0.7426888663708453,1.0,0.0,0.0,1.0,0.0,5.0,0.0,1.0,2.0
0.2137899786681953,-1.9155416344028178,1.2280016673141134,1.426787620527351,0.0,1.0,0.0,1.0,0.0,2.0,1.0,0.0,2.0
0.6977764719981892,0.7952951691723953,0.5464661114241761,-1.3843593629959974,1.0,0.0,1.0,0.0,0.0,2.0,1.0,0.0,1.0
1.0849656666621843,-1.987968571902919,0.5413603006536634,0.9717510405962435,0.0,1.0,0.0,1.0,0.0,5.0,1.0,0.0,1.0
-1.1413722026557875,-1.8017278754740875,0.8494752918484155,0.5795197619052446,0.0,1.0,1.0,0.0,0.0,1.0,1.0,1.0,1.0
1.2785602639941818,-3.0329858129758063,1.0904006939823034,0.7323545476719754,1.0,0.0,0.0,0.0,1.0,8.0,1.0,0.0,3.0
0.020195381336197752,-1.3568195451163236,-0.035655312464662754,0.16990871712719488,1.0,0.0,1.0,0.0,0.0,1.0,0.0,1.0,1.0
0.5041818746661916,0.07102579417138415,1.169791855831853,0.5335252224996522,1.0,0.0,1.0,0.0,0.0,6.0,1.0,0.0,1.0
0.6977764719981892,-0.6739369915439416,0.5024753126011989,-0.356461965480134,0.0,1.0,0.0,1.0,0.0,8.0,1.0,1.0,1.0
2.3433305493201684,1.46783101738762,0.6520031332444944,1.467905005476106,1.0,0.0,1.0,0.0,0.0,9.0,1.0,1.0,1.0
0.11699268000219652,-1.1705788486874922,-1.2170740485175422,-1.2925545017034408,0.0,1.0,0.0,0.0,1.0,8.0,1.0,1.0,2.0
0.2137899786681953,-0.42561606297216636,-1.2170740485175422,-0.7608736925865206,0.0,1.0,1.0,0.0,0.0,6.0,0.0,0.0,3.0
-0.94777760532379,1.2195100888158448,-1.2170740485175422,1.2599837890586036,0.0,1.0,1.0,0.0,0.0,8.0,1.0,1.0,2.0
-0.6573857093257937,-0.7153238129725709,-1.2170740485175422,-0.6991199446043064,1.0,0.0,1.0,0.0,0.0,4.0,1.0,0.0,2.0
-0.1733992159957998,-0.29110889332912143,1.0368625016298798,-0.10483109833238113,1.0,0.0,1.0,0.0,0.0,4.0,1.0,1.0,1.0
1.3753575626601806,-1.2119656701161212,-1.2170740485175422,-0.3346795920475005,1.0,0.0,1.0,0.0,0.0,7.0,1.0,1.0,2.0
0.11699268000219652,-1.5120201254736831,-0.4475583417512785,0.9602843263441546,0.0,1.0,0.0,1.0,0.0,6.0,1.0,1.0,2.0
-1.334966799987785,-0.45665617904363826,0.7307101338120304,0.2684035097997512,1.0,0.0,0.0,0.0,1.0,4.0,0.0,1.0,1.0
1.3753575626601806,1.3540172584588896,0.0941983702596889,1.4455903321312877,1.0,0.0,0.0,1.0,0.0,1.0,1.0,0.0,1.0
-0.4637911119937961,-1.5844470629737841,-1.2170740485175422,0.8466273359768777,0.0,1.0,1.0,0.0,0.0,2.0,1.0,1.0,2.0
2.3433305493201684,1.46783101738762,0.45040494841279305,-0.3407177169664037,0.0,1.0,1.0,0.0,0.0,4.0,1.0,1.0,2.0
-1.2381695013217864,-0.45665617904363826,-1.2170740485175422,-1.21838390152131,0.0,1.0,1.0,0.0,0.0,1.0,1.0,0.0,1.0
-0.6573857093257937,1.5712980709591928,1.8713425050164745,-0.792904926779346,1.0,0.0,1.0,0.0,0.0,9.0,1.0,1.0,1.0
-1.0445749039897887,0.6918281156008222,-1.2170740485175422,0.8178834886273421,0.0,1.0,0.0,0.0,1.0,6.0,1.0,0.0,2.0
-1.9157505919837776,1.1470831513157436,-1.2170740485175422,-0.7716351964320747,1.0,0.0,0.0,0.0,1.0,6.0,1.0,0.0,2.0
-0.8509803066577912,0.15379943702864254,0.5536637903250546,-0.43504613212368654,0.0,1.0,0.0,1.0,0.0,3.0,0.0,1.0,1.0
-0.36699381332779735,1.3126304370302604,1.2256869966609867,0.5458627515754001,1.0,0.0,0.0,1.0,0.0,1.0,1.0,1.0,3.0
-0.27019651466179856,-0.9636447415443461,0.8181551406780603,1.2612520892742045,1.0,0.0,0.0,1.0,0.0,0.0,1.0,1.0,2.0
-1.1413722026557875,0.008945562028440329,0.5078566526098154,-0.9641052771959875,0.0,1.0,1.0,0.0,0.0,10.0,0.0,0.0,2.0
0.5041818746661916,0.3710802495289459,0.31598960105035717,-1.7059836676489881,0.0,1.0,0.0,1.0,0.0,8.0,1.0,1.0,2.0
0.8913710693301867,0.29865331202884476,0.6334307907736045,0.6905966632864026,1.0,0.0,0.0,1.0,0.0,8.0,1.0,0.0,1.0
0.11699268000219652,1.0022292763155414,0.44669639559887314,-1.0733932333820775,1.0,0.0,0.0,1.0,0.0,3.0,0.0,0.0,2.0
-0.1733992159957998,0.6297478834578785,0.2936582295807372,-0.6820209406278002,0.0,1.0,0.0,1.0,0.0,7.0,1.0,0.0,2.0
-0.5605884106597949,0.4124670709575751,-1.2170740485175422,0.00956084861299371,1.0,0.0,1.0,0.0,0.0,6.0,1.0,1.0,2.0
-0.94777760532379,-0.5290831165437394,-1.2170740485175422,-1.1326378656997975,0.0,1.0,1.0,0.0,0.0,8.0,0.0,1.0,2.0
-0.36699381332779735,0.7332149370294515,0.7147103084924696,0.44153249064985417,1.0,0.0,0.0,0.0,1.0,1.0,1.0,0.0,1.0
-0.7541830079917924,0.019292267385597632,0.43184209032057763,-1.5449770345049039,1.0,0.0,1.0,0.0,0.0,7.0,1.0,1.0,1.0
-0.07660191732980101,0.34004013345747397,0.9239746040802621,0.4788849844223299,1.0,0.0,1.0,0.0,0.0,5.0,0.0,0.0,1.0
1.568952159992178,-0.24972207190049223,1.3459791396639702,0.014393296835376608,1.0,0.0,1.0,0.0,0.0,2.0,1.0,0.0,1.0
-0.4637911119937961,0.5987077673864065,0.5780404117925724,-0.7450290724880417,1.0,0.0,1.0,0.0,0.0,2.0,1.0,0.0,1.0
1.0849656666621843,0.18483955310011446,1.1896048836351152,0.4351243651057166,0.0,1.0,1.0,0.0,0.0,4.0,1.0,1.0,3.0
0.31058727733419406,0.4745473031005189,0.9167385054081431,1.3013334028906156,0.0,1.0,1.0,0.0,0.0,9.0,0.0,0.0,2.0
0.40738457600019284,-1.9983152772600763,0.5008864380449445,0.012275578165135739,1.0,0.0,0.0,1.0,0.0,1.0,1.0,0.0,2.0
0.6977764719981892,-0.860177687972773,1.2076623368705055,-0.6147871128633783,0.0,1.0,0.0,1.0,0.0,8.0,0.0,0.0,1.0
0.6977764719981892,-1.6982608219025146,0.95421498285135,-0.9674324995555814,1.0,0.0,0.0,1.0,0.0,4.0,1.0,1.0,2.0
-0.5605884106597949,0.12275932095717065,0.3385093740760203,-1.0958183676563849,1.0,0.0,0.0,0.0,1.0,8.0,1.0,1.0,1.0
1.0849656666621843,-0.5290831165437394,0.30499624165349787,-0.8588081787175255,1.0,0.0,0.0,0.0,1.0,6.0,1.0,1.0,1.0
-0.36699381332779735,-0.10486819690028999,-1.2170740485175422,-0.1167191297045067,0.0,1.0,1.0,0.0,0.0,5.0,1.0,0.0,2.0
1.665749458658177,1.8092722941738109,1.588149567439116,1.0775442565091995,1.0,0.0,0.0,0.0,1.0,8.0,0.0,1.0,2.0
0.6009791733321904,0.5262808298863054,-0.011600195358993027,1.2377886222626977,0.0,1.0,1.0,0.0,0.0,9.0,1.0,1.0,1.0
-0.36699381332779735,-0.49804300047226746,0.856528776043005,0.5327325131206241,0.0,1.0,1.0,0.0,0.0,6.0,1.0,0.0,2.0
-1.334966799987785,1.4574843120304626,1.079467134396748,0.5354366314653662,0.0,1.0,0.0,0.0,1.0,8.0,1.0,1.0,1.0
-0.07660191732980101,-0.41526935761500905,-1.2170740485175422,-0.6376586136653545,0.0,1.0,1.0,0.0,0.0,7.0,1.0,1.0,1.0
-1.2381695013217864,-1.9155416344028178,0.4792160795432845,-1.548474905953992,0.0,1.0,1.0,0.0,0.0,9.0,1.0,0.0,1.0
0.11699268000219652,-1.7706877594026156,1.174767457335817,-0.357110466811057,0.0,1.0,1.0,0.0,0.0,6.0,0.0,1.0,1.0
0.5041818746661916,1.1884699727443728,0.6608763321271451,1.7010034858772862,0.0,1.0,0.0,1.0,0.0,3.0,0.0,0.0,1.0
0.020195381336197752,0.2883066066716875,1.1329022846011998,1.6371836836280729,0.0,1.0,0.0,1.0,0.0,2.0,1.0,1.0,2.0
-1.1413722026557875,1.0850029191727997,-1.2170740485175422,1.0102227558180648,0.0,1.0,1.0,0.0,0.0,8.0,1.0,1.0,2.0
-0.36699381332779735,-0.022094554043031577,0.5239755952954411,1.6112952947943908,1.0,0.0,1.0,0.0,0.0,4.0,1.0,1.0,1.0
-0.6573857093257937,0.5883610620292492,1.2213989322348353,1.2690276689391542,0.0,1.0,0.0,1.0,0.0,3.0,1.0,1.0,2.0
-0.1733992159957998,1.5195645441734065,0.5788988284387074,-0.28494695041545787,1.0,0.0,1.0,0.0,0.0,4.0,1.0,1.0,1.0
-0.27019651466179856,-1.439593187973582,-1.2170740485175422,0.6196870089061719,0.0,1.0,0.0,0.0,1.0,1.0,0.0,1.0,1.0
0.6009791733321904,-0.06348137547166079,1.2812979276342464,-1.677083435455971,0.0,1.0,1.0,0.0,0.0,6.0,0.0,1.0,1.0
-0.07660191732980101,0.5573209459577774,1.8282750667207255,0.11811297844988725,0.0,1.0,1.0,0.0,0.0,1.0,0.0,1.0,1.0
-0.8509803066577912,0.7435616423866088,-1.2170740485175422,1.127032492462608,0.0,1.0,0.0,0.0,1.0,1.0,1.0,0.0,3.0
-0.27019651466179856,1.8920459370310694,1.079793139819662,-0.17179147006348447,0.0,1.0,1.0,0.0,0.0,8.0,1.0,0.0,1.0
-0.07660191732980101,0.9298023388154402,-1.2170740485175422,-1.4869551263972318,0.0,1.0,1.0,0.0,0.0,9.0,1.0,0.0,2.0
-0.8509803066577912,-0.41526935761500905,-1.2170740485175422,0.8528801204028517,0.0,1.0,1.0,0.0,0.0,9.0,1.0,1.0,2.0
-0.4637911119937961,0.10206591024285605,-1.2170740485175422,1.4907344093569226,1.0,0.0,1.0,0.0,0.0,0.0,1.0,0.0,2.0
-0.7541830079917924,-1.2430057861875932,-1.2170740485175422,-0.9962247061781846,0.0,1.0,1.0,0.0,0.0,3.0,1.0,1.0,1.0
0.8913710693301867,1.2091633834586875,0.7574703886182916,-1.3103067037748015,0.0,1.0,0.0,1.0,0.0,3.0,1.0,1.0,1.0
0.11699268000219652,0.029638972742754933,-1.2170740485175422,1.183417665317422,1.0,0.0,1.0,0.0,0.0,3.0,1.0,0.0,2.0
0.6009791733321904,0.5987077673864065,-1.2170740485175422,1.0970241718903042,1.0,0.0,0.0,0.0,1.0,2.0,0.0,1.0,2.0
-0.07660191732980101,0.4848940084576762,0.3102472116433849,0.09339895455318543,0.0,1.0,0.0,0.0,1.0,10.0,1.0,1.0,1.0
0.8913710693301867,0.09171920488569875,0.23040803346560024,1.5263835434104072,1.0,0.0,1.0,0.0,0.0,0.0,0.0,1.0,2.0
-1.2381695013217864,-1.305086018330537,1.252793029408416,-0.6377302828038578,0.0,1.0,1.0,0.0,0.0,7.0,1.0,1.0,1.0
0.11699268000219652,-0.6946304022582562,0.10819506265275397,-0.33062750245454914,1.0,0.0,1.0,0.0,0.0,4.0,0.0,0.0,1.0
1.2785602639941818,-1.0878052058302337,-1.2170740485175422,0.6518704530412066,1.0,0.0,1.0,0.0,0.0,2.0,1.0,0.0,1.0
1.0849656666621843,-0.5394298219008967,0.7305937492330413,-1.6669215518056133,0.0,1.0,1.0,0.0,0.0,3.0,0.0,0.0,1.0
-1.0445749039897887,0.14345273167148526,0.9900570928711019,-0.16845485417602857,0.0,1.0,1.0,0.0,0.0,8.0,1.0,0.0,1.0
-0.6573857093257937,-1.2843926076162224,-1.2170740485175422,-0.969950312931059,1.0,0.0,1.0,0.0,0.0,7.0,1.0,1.0,2.0
-1.2381695013217864,-0.10486819690028999,0.2545774453719068,-1.2472752620491243,1.0,0.0,1.0,0.0,0.0,4.0,0.0,1.0,2.0
-0.94777760532379,1.8713525263167547,0.29132571543552777,-1.5558608281668846,0.0,1.0,0.0,0.0,1.0,8.0,0.0,1.0,1.0
0.7945737706641879,1.612684892387822,0.31201018081158,0.48735725073705055,0.0,1.0,1.0,0.0,0.0,1.0,0.0,0.0,1.0
-0.27019651466179856,-0.5911633486866832,1.2565829228258831,0.6188078442799686,0.0,1.0,1.0,0.0,0.0,6.0,0.0,0.0,1.0
0.020195381336197752,-0.30145559868627875,0.12451205202527808,-1.06070936145497,1.0,0.0,1.0,0.0,0.0,9.0,0.0,0.0,2.0
0.6977764719981892,-1.4706333040450539,-1.2170740485175422,-0.49775436690922037,1.0,0.0,1.0,0.0,0.0,1.0,1.0,0.0,1.0
-0.5605884106597949,-0.1566017236860765,-1.2170740485175422,-0.1318785441317123,1.0,0.0,0.0,0.0,1.0,0.0,1.0,0.0,1.0
1.7625467573241755,-0.5911633486866832,-1.2170740485175422,-1.400020635346946,0.0,1.0,1.0,0.0,0.0,6.0,1.0,0.0,1.0
0.6977764719981892,-0.42561606297216636,0.6619033778110694,0.1411594771968496,1.0,0.0,0.0,0.0,1.0,5.0,0.0,0.0,1.0
-0.07660191732980101,2.057593222745586,-1.2170740485175422,-1.4502050360874668,0.0,1.0,1.0,0.0,0.0,5.0,1.0,0.0,2.0
-0.6573857093257937,0.2779599013145302,1.0274445136060772,0.31967268905412305,0.0,1.0,0.0,1.0,0.0,4.0,1.0,1.0,1.0
1.4721548613261792,0.9711891602440694,-1.2170740485175422,1.2881935969537581,1.0,0.0,0.0,0.0,1.0,8.0,1.0,0.0,1.0
0.5041818746661916,1.2091633834586875,-0.24286117637572172,1.3601007048295661,1.0,0.0,0.0,0.0,1.0,6.0,1.0,1.0,1.0
-0.1733992159957998,0.18483955310011446,0.8008408447750827,1.0855132732664194,0.0,1.0,1.0,0.0,0.0,1.0,1.0,1.0,1.0
-1.6253586959857813,-1.0464183844016044,1.018938151200295,0.5224236381546468,1.0,0.0,1.0,0.0,0.0,7.0,1.0,0.0,1.0
-0.7541830079917924,0.008945562028440329,0.9187210620554802,1.0123404744883053,0.0,1.0,0.0,0.0,1.0,1.0,0.0,0.0,1.0
-0.36699381332779735,-1.4706333040450539,-1.2170740485175422,-0.5640885034495181,0.0,1.0,1.0,0.0,0.0,8.0,0.0,1.0,2.0
-0.07660191732980101,-1.0464183844016044,0.44496493385813934,-0.1562206539067634,0.0,1.0,0.0,1.0,0.0,2.0,0.0,1.0,1.0
-0.4637911119937961,-1.5637536522594695,-1.2170740485175422,-1.5138319231070683,1.0,0.0,1.0,0.0,0.0,4.0,1.0,0.0,2.0
0.6009791733321904,-0.44630947368648094,-1.2170740485175422,-1.0987159230933983,0.0,1.0,0.0,0.0,1.0,4.0,0.0,0.0,2.0
-0.07660191732980101,-1.6361805897595707,0.9371140050924588,-0.17883139733345682,0.0,1.0,1.0,0.0,0.0,3.0,1.0,0.0,1.0
-0.8509803066577912,-0.9429513308300315,0.5332485848520502,-1.251491738379662,1.0,0.0,1.0,0.0,0.0,0.0,1.0,0.0,1.0
3.6016954319781522,-0.1566017236860765,0.8169972427188636,-1.0449268430129128,0.0,1.0,0.0,0.0,1.0,9.0,1.0,1.0,1.0
-0.36699381332779735,-0.5911633486866832,0.9346464591152731,-0.6000904166604899,0.0,1.0,1.0,0.0,0.0,2.0,1.0,1.0,1.0
-0.6573857093257937,0.8470286959581818,-1.2170740485175422,0.5525907789295077,1.0,0.0,0.0,0.0,1.0,5.0,1.0,0.0,2.0
-0.7541830079917924,-0.787750750472672,-1.2170740485175422,-0.07257842041791823,1.0,0.0,0.0,0.0,1.0,6.0,1.0,1.0,2.0
-1.818953293317779,0.3814269548861032,0.9952681963201195,1.6999519326193924,0.0,1.0,1.0,0.0,0.0,8.0,1.0,1.0,2.0
-1.1413722026557875,0.46420059774336164,0.3282257355579412,-1.6329950863895029,1.0,0.0,0.0,1.0,0.0,2.0,1.0,1.0,2.0
-0.27019651466179856,0.2676131959573729,-1.2170740485175422,-1.6009768987631527,0.0,1.0,1.0,0.0,0.0,4.0,1.0,0.0,2.0
3.0209116399821596,2.057593222745586,0.34137944351424004,-0.6536451804070825,1.0,0.0,0.0,1.0,0.0,1.0,1.0,0.0,3.0
-0.1733992159957998,0.9298023388154402,1.529217496407963,0.17368404555665398,1.0,0.0,0.0,1.0,0.0,8.0,0.0,0.0,2.0
0.6977764719981892,-0.053134670114503485,-1.2170740485175422,0.5775359879841482,1.0,0.0,1.0,0.0,0.0,8.0,1.0,0.0,2.0
-0.07660191732980101,0.8470286959581818,-1.2170740485175422,-1.7149656198273366,1.0,0.0,0.0,0.0,1.0,5.0,1.0,1.0,2.0
0.31058727733419406,-0.7463639290440427,0.9942390608578433,-0.2510916322751917,1.0,0.0,0.0,1.0,0.0,3.0,1.0,1.0,2.0
-0.07660191732980101,1.2402034995301592,0.9958036618347779,-0.4674685893565458,1.0,0.0,0.0,1.0,0.0,5.0,1.0,0.0,2.0
-0.7541830079917924,0.16414614238579986,-1.2170740485175422,-1.3831448146342737,0.0,1.0,0.0,0.0,1.0,5.0,1.0,1.0,2.0
-0.4637911119937961,-2.6501577147609865,0.487085381056064,-1.434811305326368,1.0,0.0,0.0,1.0,0.0,5.0,1.0,1.0,1.0
1.9561413546561732,-0.5083897058294248,-1.2170740485175422,1.087011367006202,0.0,1.0,1.0,0.0,0.0,7.0,1.0,1.0,2.0
0.020195381336197752,0.17449284774295717,0.7457870808609057,0.22767091158490224,1.0,0.0,0.0,1.0,0.0,0.0,1.0,0.0,1.0
0.020195381336197752,0.050332383457069536,-1.2170740485175422,0.7168860165964196,1.0,0.0,1.0,0.0,0.0,6.0,1.0,0.0,2.0
-0.4637911119937961,0.22622637452874367,-0.5393897933781854,-1.3787629078408317,1.0,0.0,1.0,0.0,0.0,8.0,1.0,0.0,1.0
-0.5605884106597949,-0.41526935761500905,-1.2170740485175422,-1.6722010623725434,1.0,0.0,0.0,0.0,1.0,7.0,1.0,1.0,2.0
-0.1733992159957998,1.4781777227447772,-1.2170740485175422,-0.5540414295841413,1.0,0.0,0.0,0.0,1.0,9.0,1.0,0.0,2.0
0.2137899786681953,-0.4773495897579529,-1.2170740485175422,-0.04602135156383179,0.0,1.0,1.0,0.0,0.0,10.0,0.0,1.0,2.0
-0.6573857093257937,-1.4913267147593685,-1.2170740485175422,-0.5554795091181386,0.0,1.0,0.0,0.0,1.0,7.0,1.0,0.0,2.0
-0.36699381332779735,0.10206591024285605,0.7778370469326568,-0.22927533776972295,0.0,1.0,0.0,1.0,0.0,8.0,1.0,0.0,1.0
1.8593440559901744,0.29865331202884476,-1.2170740485175422,-0.5940569885055178,1.0,0.0,0.0,0.0,1.0,8.0,1.0,1.0,2.0
-1.1413722026557875,-0.653243580829627,-1.2170740485175422,-1.3880209253657934,1.0,0.0,1.0,0.0,0.0,8.0,1.0,0.0,1.0
-0.07660191732980101,0.4124670709575751,0.6276176704070255,0.13579438115384274,1.0,0.0,0.0,1.0,0.0,5.0,1.0,0.0,1.0
-0.7541830079917924,0.54697424060062,0.9062156676448485,-0.7894775067892231,0.0,1.0,1.0,0.0,0.0,5.0,1.0,1.0,3.0
-0.7541830079917924,-0.2186819558290203,0.5893543110381947,0.5446382878231558,1.0,0.0,0.0,1.0,0.0,2.0,1.0,1.0,2.0
0.5041818746661916,-1.1084986165445483,-1.2170740485175422,-0.5325512992405504,0.0,1.0,1.0,0.0,0.0,1.0,0.0,0.0,2.0
0.40738457600019284,1.2712436156016311,0.6534394539810517,-1.441289882329471,1.0,0.0,0.0,0.0,1.0,1.0,1.0,0.0,1.0
0.6009791733321904,-0.1462550183289192,1.3216763034474968,0.7875916226769792,1.0,0.0,0.0,0.0,1.0,2.0,1.0,1.0,1.0
-0.7541830079917924,2.0265531066741143,-1.2170740485175422,-0.4093494408400792,0.0,1.0,0.0,0.0,1.0,5.0,1.0,1.0,2.0
-0.36699381332779735,-0.9119112147585595,1.7338993903263322,-0.5888688039039135,1.0,0.0,1.0,0.0,0.0,2.0,1.0,1.0,1.0
0.020195381336197752,1.46783101738762,0.9983726424381265,-0.2759070714819601,0.0,1.0,1.0,0.0,0.0,3.0,0.0,0.0,1.0
-0.8509803066577912,-1.7396476433311436,-1.2170740485175422,0.6349029584547696,1.0,0.0,1.0,0.0,0.0,9.0,0.0,0.0,2.0
-0.6573857093257937,0.6918281156008222,1.5148676314734077,-1.2503747783351724,0.0,1.0,0.0,1.0,0.0,9.0,1.0,1.0,2.0
2.827317042650162,0.5676676513149347,0.6217195121367379,-1.2395457802523868,0.0,1.0,0.0,0.0,1.0,4.0,1.0,1.0,1.0
0.020195381336197752,0.6711347048865076,-0.081237557878789,-0.4067509127066754,0.0,1.0,1.0,0.0,0.0,1.0,1.0,1.0,2.0
-0.94777760532379,0.2883066066716875,-1.2170740485175422,-0.6292207902861283,0.0,1.0,1.0,0.0,0.0,3.0,1.0,1.0,2.0
-0.8509803066577912,-0.6946304022582562,-1.2170740485175422,1.4845755602095694,1.0,0.0,0.0,0.0,1.0,5.0,1.0,1.0,2.0
1.9561413546561732,-0.30145559868627875,0.7019914351855704,-0.6858886387479031,0.0,1.0,1.0,0.0,0.0,5.0,1.0,1.0,1.0
0.5041818746661916,-1.0464183844016044,-1.2170740485175422,-1.2803323042753332,0.0,1.0,1.0,0.0,0.0,9.0,1.0,0.0,2.0
-0.27019651466179856,-0.08417478618597539,1.372075166458653,-0.2707401092951551,0.0,1.0,1.0,0.0,0.0,7.0,0.0,1.0,2.0
0.31058727733419406,1.3540172584588896,0.8152897330530874,-1.044222676331696,0.0,1.0,0.0,1.0,0.0,7.0,1.0,0.0,1.0
0.6009791733321904,-1.036071679044447,-1.2170740485175422,-0.847422527131802,1.0,0.0,1.0,0.0,0.0,6.0,1.0,1.0,2.0
0.11699268000219652,0.5780143566720919,-1.2170740485175422,-1.0229529459844247,1.0,0.0,1.0,0.0,0.0,5.0,1.0,0.0,2.0
-1.5285613973197827,-0.2807621879719641,-1.2170740485175422,1.6840476462235672,1.0,0.0,0.0,0.0,1.0,6.0,0.0,1.0,2.0
-0.6573857093257937,-1.543060241545155,1.5694175980525682,0.3984466397513337,1.0,0.0,0.0,1.0,0.0,1.0,0.0,1.0,1.0
0.11699268000219652,-0.2186819558290203,-1.2170740485175422,-0.9978515260405217,0.0,1.0,1.0,0.0,0.0,8.0,1.0,1.0,2.0
-0.1733992159957998,-1.3982063665449527,0.6017262811386593,-1.6785770063860423,1.0,0.0,1.0,0.0,0.0,8.0,0.0,0.0,1.0
-0.4637911119937961,0.2676131959573729,-1.2170740485175422,-1.6296581225936075,1.0,0.0,0.0,0.0,1.0,4.0,1.0,1.0,2.0
-1.0445749039897887,-0.33249571475775064,-1.2170740485175422,-0.8082708248652978,1.0,0.0,1.0,0.0,0.0,3.0,1.0,0.0,2.0
1.8593440559901744,0.4124670709575751,-1.2170740485175422,1.6538107498066192,0.0,1.0,1.0,0.0,0.0,3.0,0.0,1.0,1.0
0.31058727733419406,-0.8291375719013011,0.5323170259635948,-0.7706203475145302,1.0,0.0,1.0,0.0,0.0,4.0,1.0,0.0,3.0
-0.36699381332779735,0.2779599013145302,-1.2170740485175422,0.4463600681540864,1.0,0.0,1.0,0.0,0.0,4.0,1.0,0.0,1.0
0.40738457600019284,0.8780688120296537,1.6143270955895273,-0.8176163413627527,0.0,1.0,1.0,0.0,0.0,4.0,1.0,1.0,1.0
0.11699268000219652,0.2779599013145302,-1.2170740485175422,1.5218334228865458,0.0,1.0,1.0,0.0,0.0,1.0,1.0,1.0,2.0
0.40738457600019284,-0.2704154826148068,0.7497496221206859,-0.4982412647700715,0.0,1.0,1.0,0.0,0.0,4.0,1.0,0.0,1.0
0.8913710693301867,1.1677765620300582,0.004497367286569714,1.0170254095324096,1.0,0.0,0.0,0.0,1.0,1.0,1.0,0.0,1.0
1.4721548613261792,-2.2052493844032224,-1.2170740485175422,1.5987154474906453,1.0,0.0,0.0,0.0,1.0,2.0,0.0,0.0,1.0
-0.5605884106597949,-0.011747848685874276,0.35934173145852283,-0.8253553906415717,0.0,1.0,1.0,0.0,0.0,0.0,1.0,0.0,1.0
0.8913710693301867,-0.24972207190049223,0.9170686903877608,-0.364598848059334,0.0,1.0,0.0,0.0,1.0,1.0,1.0,0.0,1.0
-0.7541830079917924,-1.4913267147593685,0.5020432107388747,-0.9716661973538662,1.0,0.0,1.0,0.0,0.0,0.0,0.0,1.0,1.0
-0.94777760532379,-0.06348137547166079,0.8748114430838698,1.6806701510944893,0.0,1.0,1.0,0.0,0.0,1.0,0.0,1.0,2.0
-0.6573857093257937,-0.26006877725764954,-1.2170740485175422,1.518861241089295,1.0,0.0,1.0,0.0,0.0,0.0,0.0,0.0,2.0
3.1177089386481582,-0.6118567594009978,-1.2170740485175422,-1.441126365362983,0.0,1.0,1.0,0.0,0.0,4.0,0.0,1.0,2.0
-0.36699381332779735,-1.7913811701169302,0.26946647312128197,1.370191789112519,0.0,1.0,1.0,0.0,0.0,1.0,1.0,0.0,1.0
-0.07660191732980101,-0.41526935761500905,-0.07543456489960827,-1.6945646168530886,0.0,1.0,1.0,0.0,0.0,4.0,1.0,0.0,2.0
-1.0445749039897887,-0.41526935761500905,-1.2170740485175422,-1.2953128937647198,0.0,1.0,1.0,0.0,0.0,2.0,0.0,0.0,2.0
2.3433305493201684,-1.2430057861875932,0.6270060083586093,-1.3107753364425876,1.0,0.0,1.0,0.0,0.0,1.0,0.0,1.0,1.0
0.40738457600019284,0.4331604816718897,0.852776177131512,-1.10488590531081,0.0,1.0,1.0,0.0,0.0,6.0,1.0,0.0,1.0
-0.07660191732980101,0.2883066066716875,0.5601276355200142,-0.9278024231849896,0.0,1.0,0.0,1.0,0.0,7.0,1.0,0.0,2.0
0.6009791733321904,-1.201618964758964,-1.2170740485175422,0.4487947314125625,0.0,1.0,1.0,0.0,0.0,2.0,1.0,0.0,2.0
0.5041818746661916,0.22622637452874367,0.9280829475681406,-1.6377876990955815,1.0,0.0,1.0,0.0,0.0,8.0,0.0,1.0,1.0
-1.334966799987785,0.019292267385597632,1.3270931696880977,1.7308192391284174,1.0,0.0,0.0,1.0,0.0,2.0,1.0,1.0,3.0
1.4721548613261792,-0.1255616076146046,-1.2170740485175422,-0.8004500171032348,1.0,0.0,0.0,0.0,1.0,2.0,1.0,1.0,2.0
-0.1733992159957998,-0.26006877725764954,0.9365062010963846,0.8494351310365423,1.0,0.0,1.0,0.0,0.0,2.0,1.0,0.0,2.0
-0.94777760532379,0.08137249952854145,0.7632661477493305,-0.746042355817609,0.0,1.0,1.0,0.0,0.0,6.0,1.0,1.0,1.0
-0.27019651466179856,-1.6879141165453573,-1.2170740485175422,0.6404390514957103,1.0,0.0,1.0,0.0,0.0,0.0,1.0,0.0,2.0
-1.4317640986537838,-0.5601232326152112,0.44220144311587234,-0.6860514598975125,1.0,0.0,1.0,0.0,0.0,1.0,1.0,0.0,1.0
0.2137899786681953,0.6090544727435638,1.1806336259221009,-1.0041930271185262,1.0,0.0,0.0,1.0,0.0,9.0,1.0,0.0,2.0
-1.2381695013217864,-0.1152149022574473,0.2361701953908261,-1.6797026641415154,0.0,1.0,0.0,1.0,0.0,5.0,1.0,1.0,1.0
1.0849656666621843,0.050332383457069536,-1.2170740485175422,-0.4821184918743433,0.0,1.0,1.0,0.0,0.0,7.0,0.0,1.0,2.0
0.5041818746661916,0.49524071381483353,1.3340246429773652,0.12737847600629473,0.0,1.0,1.0,0.0,0.0,8.0,1.0,0.0,1.0
0.020195381336197752,-1.9983152772600763,-1.2170740485175422,0.28675307066145206,1.0,0.0,1.0,0.0,0.0,9.0,1.0,0.0,2.0
0.11699268000219652,-0.5187364111865821,0.26273594005816897,1.1271072927770651,1.0,0.0,1.0,0.0,0.0,3.0,0.0,1.0,1.0
0.6977764719981892,-0.42561606297216636,0.2602031286955282,-0.7908726196309622,0.0,1.0,0.0,0.0,1.0,5.0,1.0,0.0,1.0
0.40738457600019284,0.7125215263151369,0.5644282386162778,-0.4696198811911825,1.0,0.0,0.0,1.0,0.0,10.0,0.0,0.0,1.0
-0.4637911119937961,0.24691978524305827,0.14842860075099126,0.8066594405116906,1.0,0.0,1.0,0.0,0.0,10.0,0.0,0.0,1.0
-0.94777760532379,0.5262808298863054,0.20363122118470386,-0.19671458693222751,1.0,0.0,1.0,0.0,0.0,10.0,1.0,0.0,1.0
0.40738457600019284,0.5055874191719908,-1.2170740485175422,-0.7024852629380076,1.0,0.0,0.0,0.0,1.0,0.0,1.0,0.0,2.0
-0.6573857093257937,0.6607879995293504,0.4685281492901811,0.24859986561584355,1.0,0.0,0.0,1.0,0.0,3.0,1.0,0.0,2.0
-0.6573857093257937,0.11241261560001335,0.9362073627920466,-0.8894803085920832,1.0,0.0,1.0,0.0,0.0,4.0,1.0,1.0,1.0
-1.6253586959857813,-1.3257794290448517,0.7661973030163016,0.43571876667432285,0.0,1.0,1.0,0.0,0.0,8.0,1.0,1.0,1.0
0.31058727733419406,0.4745473031005189,-1.2170740485175422,-0.6705333518693509,1.0,0.0,1.0,0.0,0.0,10.0,1.0,0.0,2.0
-0.36699381332779735,-0.7049771076154135,1.1941398634111664,-1.003979237382554,0.0,1.0,0.0,1.0,0.0,8.0,1.0,0.0,2.0
0.40738457600019284,-0.011747848685874276,-1.2170740485175422,-1.4535054694972316,1.0,0.0,1.0,0.0,0.0,6.0,1.0,1.0,2.0
0.5041818746661916,0.10206591024285605,1.051727898808659,1.5635716504452966,0.0,1.0,0.0,1.0,0.0,1.0,1.0,0.0,1.0
1.4721548613261792,0.9608424548869121,0.29088284317708174,0.6994712857112153,0.0,1.0,1.0,0.0,0.0,6.0,0.0,1.0,2.0
1.7625467573241755,-0.49804300047226746,0.47083751512133737,-0.2165112729473483,0.0,1.0,0.0,0.0,1.0,6.0,1.0,1.0,2.0
2.052938653322172,-0.6118567594009978,-1.2170740485175422,-1.5002626242018497,0.0,1.0,1.0,0.0,0.0,9.0,1.0,1.0,4.0
-0.1733992159957998,-0.1772951344003911,0.22482221668284794,1.623361455287457,0.0,1.0,0.0,1.0,0.0,1.0,1.0,1.0,2.0
-0.4637911119937961,0.25726649060021556,-0.2028080022244813,-1.0300330566791405,1.0,0.0,1.0,0.0,0.0,1.0,1.0,1.0,1.0
3.1177089386481582,0.7125215263151369,1.726867286171806,1.7017908026755049,0.0,1.0,1.0,0.0,0.0,5.0,1.0,1.0,2.0
0.020195381336197752,-0.46700288440079557,0.9691628458989436,-1.1855008135147695,0.0,1.0,0.0,1.0,0.0,8.0,1.0,0.0,2.0
-0.4637911119937961,-0.4359627683293237,-1.2170740485175422,1.4145819487501115,0.0,1.0,1.0,0.0,0.0,1.0,1.0,1.0,1.0
-0.27019651466179856,1.022922687029856,-1.2170740485175422,-0.6965523803220035,1.0,0.0,0.0,0.0,1.0,6.0,1.0,1.0,2.0
-0.7541830079917924,0.3917736602432605,1.030235492971282,0.3619096433606626,1.0,0.0,0.0,0.0,1.0,3.0,0.0,1.0,1.0
0.5041818746661916,-1.2533524915447505,-1.2170740485175422,-0.7647953165147207,0.0,1.0,0.0,0.0,1.0,6.0,0.0,0.0,2.0
0.020195381336197752,-1.1395387326160202,0.3923232564187292,1.7386621390763783,1.0,0.0,0.0,1.0,0.0,9.0,1.0,1.0,1.0
-1.818953293317779,0.3503868388146313,0.4663218256069972,-1.064031887050633,0.0,1.0,1.0,0.0,0.0,4.0,1.0,0.0,2.0
-1.1413722026557875,-0.42561606297216636,-1.2170740485175422,-1.4840370443622974,1.0,0.0,1.0,0.0,0.0,2.0,1.0,0.0,2.0
2.3433305493201684,-1.708607527259672,0.34236919469218985,-0.2567162680139435,0.0,1.0,1.0,0.0,0.0,9.0,1.0,1.0,1.0
1.2785602639941818,0.6400945888150358,1.7711729985172135,-0.9304658362423296,1.0,0.0,1.0,0.0,0.0,0.0,1.0,1.0,1.0
-0.36699381332779735,-0.5911633486866832,-1.2170740485175422,0.06300619515541499,0.0,1.0,1.0,0.0,0.0,2.0,1.0,0.0,2.0
-0.1733992159957998,-0.6118567594009978,-1.2170740485175422,0.4673739118442256,1.0,0.0,1.0,0.0,0.0,7.0,1.0,1.0,2.0
-0.94777760532379,-0.8705243933299304,0.8686964301215152,0.16349780831554256,0.0,1.0,0.0,1.0,0.0,5.0,1.0,0.0,1.0
-0.1733992159957998,-1.0153782683301327,-1.2170740485175422,-1.147774318170007,0.0,1.0,1.0,0.0,0.0,2.0,1.0,0.0,2.0
-0.36699381332779735,-1.4188997772592673,0.728524064903643,-1.5629788608814879,0.0,1.0,1.0,0.0,0.0,3.0,1.0,0.0,1.0
-1.334966799987785,1.6023381870306648,-1.2170740485175422,-1.415931532003118,0.0,1.0,0.0,0.0,1.0,7.0,1.0,0.0,2.0
-1.1413722026557875,-0.1359083129717619,0.9546244186561638,1.507574743408782,0.0,1.0,0.0,1.0,0.0,4.0,1.0,1.0,1.0
-0.94777760532379,0.5676676513149347,2.1505267654581277,0.5811636292811092,1.0,0.0,0.0,0.0,1.0,1.0,1.0,1.0,1.0
0.6009791733321904,-0.2393753665433349,-1.2170740485175422,1.635941476545422,1.0,0.0,1.0,0.0,0.0,8.0,1.0,0.0,2.0
-0.07660191732980101,-0.34284242011490795,0.8160229237502824,-0.13718379992315324,0.0,1.0,0.0,0.0,1.0,5.0,1.0,0.0,1.0
-1.334966799987785,1.674765124530766,0.7700870235381229,0.57579957696342,1.0,0.0,0.0,1.0,0.0,5.0,0.0,1.0,1.0
-0.1733992159957998,-0.41526935761500905,0.6721614567323819,1.064697215524043,0.0,1.0,0.0,1.0,0.0,1.0,0.0,1.0,2.0
-0.36699381332779735,-0.6118567594009978,0.07352740806683429,-0.47280654854128445,0.0,1.0,0.0,0.0,1.0,6.0,1.0,0.0,1.0
-0.4637911119937961,2.016206401316957,1.0718539111081804,-0.5473478451655284,1.0,0.0,1.0,0.0,0.0,10.0,0.0,1.0,2.0
0.31058727733419406,-0.9843381522586606,0.6462933765302498,0.4449188574441352,0.0,1.0,0.0,1.0,0.0,0.0,0.0,1.0,2.0
0.40738457600019284,0.3193467227431594,0.806023173583715,1.6257698514587628,1.0,0.0,1.0,0.0,0.0,5.0,1.0,1.0,1.0
-0.07660191732980101,-1.4809800094022112,1.4566952752493025,-1.3437006953245074,1.0,0.0,1.0,0.0,0.0,3.0,0.0,1.0,2.0
-0.27019651466179856,1.3540172584588896,0.08840598692444923,0.14168029613053626,0.0,1.0,1.0,0.0,0.0,5.0,0.0,1.0,2.0
0.9881683679961855,1.6644184191736087,-0.15483247834075647,-0.14441890382759337,1.0,0.0,0.0,0.0,1.0,8.0,0.0,0.0,2.0
-0.36699381332779735,-1.749994348688301,0.9227260418910246,-0.3461817929604018,1.0,0.0,1.0,0.0,0.0,2.0,0.0,1.0,1.0
-0.7541830079917924,-1.1498854379731775,-1.2170740485175422,1.447175750889344,1.0,0.0,1.0,0.0,0.0,7.0,0.0,1.0,1.0
-0.1733992159957998,0.09171920488569875,0.34744510555705077,-1.331912861582911,0.0,1.0,1.0,0.0,0.0,2.0,1.0,0.0,1.0
-0.8509803066577912,0.888415517386811,1.5857387669817966,-1.1816743425447278,0.0,1.0,1.0,0.0,0.0,8.0,0.0,0.0,1.0
-0.7541830079917924,-1.2430057861875932,0.6645755613145717,0.3244141592196193,1.0,0.0,0.0,1.0,0.0,7.0,1.0,0.0,1.0
-1.4317640986537838,-0.9739914469015034,-1.2170740485175422,-1.3802044664592221,1.0,0.0,1.0,0.0,0.0,4.0,0.0,0.0,1.0
-0.1733992159957998,-1.1084986165445483,0.06463379365720608,-0.7358218495952231,0.0,1.0,0.0,1.0,0.0,2.0,1.0,1.0,1.0
-0.1733992159957998,0.06067908881422684,-1.2170740485175422,-1.6037050227902092,1.0,0.0,1.0,0.0,0.0,2.0,1.0,1.0,2.0
0.6977764719981892,-0.5290831165437394,0.3181448055400073,-1.3919209789707545,0.0,1.0,1.0,0.0,0.0,10.0,0.0,0.0,1.0
0.40738457600019284,0.7125215263151369,0.9984772921079083,1.2646311499912595,1.0,0.0,1.0,0.0,0.0,6.0,1.0,0.0,2.0
-0.27019651466179856,2.057593222745586,0.45598947917809796,-0.5438624984202561,0.0,1.0,1.0,0.0,0.0,1.0,0.0,1.0,2.0
0.40738457600019284,-1.3568195451163236,-1.2170740485175422,-1.1073221341572634,0.0,1.0,0.0,0.0,1.0,7.0,1.0,1.0,2.0
1.8593440559901744,-1.6775674111882,-1.2170740485175422,1.5927357711895507,0.0,1.0,0.0,0.0,1.0,4.0,1.0,1.0,2.0
-0.5605884106597949,0.6814814102436649,0.3760882506584763,1.6457554517564439,0.0,1.0,0.0,0.0,1.0,1.0,0.0,0.0,1.0
0.8913710693301867,-0.6428968754724697,0.8101975862179532,0.5932273544150994,0.0,1.0,0.0,1.0,0.0,5.0,0.0,1.0,1.0
1.181762965328183,1.333323847744575,0.8200619830481823,1.659534017587923,0.0,1.0,0.0,1.0,0.0,4.0,1.0,0.0,1.0
0.020195381336197752,0.9504957495297548,0.7070612374675561,-1.2824350628826822,0.0,1.0,0.0,1.0,0.0,3.0,0.0,1.0,1.0
0.11699268000219652,0.5055874191719908,1.1712383039558085,1.5650359970664633,1.0,0.0,0.0,1.0,0.0,4.0,1.0,0.0,1.0
-0.94777760532379,1.2091633834586875,0.32590077676523527,-0.455271963198729,0.0,1.0,1.0,0.0,0.0,2.0,1.0,1.0,2.0
0.40738457600019284,2.057593222745586,0.26578171163013875,-0.7812103324994915,1.0,0.0,0.0,1.0,0.0,8.0,1.0,0.0,2.0
-0.27019651466179856,1.1988166781015301,-1.2170740485175422,-0.6038198211759568,0.0,1.0,1.0,0.0,0.0,3.0,0.0,0.0,1.0
-0.4637911119937961,1.095349624529957,0.42036952867238353,1.5160678842298625,1.0,0.0,0.0,1.0,0.0,9.0,0.0,0.0,2.0
-0.5605884106597949,-0.9015645094014022,0.9682917298305157,-0.6382152671682927,1.0,0.0,1.0,0.0,0.0,4.0,1.0,0.0,1.0
-0.4637911119937961,0.9504957495297548,0.9006250282966687,0.15107086677088521,1.0,0.0,0.0,1.0,0.0,1.0,1.0,1.0,1.0
-0.8509803066577912,-1.0878052058302337,-1.2170740485175422,1.7166567563341302,1.0,0.0,1.0,0.0,0.0,5.0,0.0,1.0,2.0
-0.27019651466179856,0.008945562028440329,-1.2170740485175422,0.8951038541886965,0.0,1.0,1.0,0.0,0.0,1.0,1.0,1.0,2.0
-1.334966799987785,0.13310602631432794,1.5609281146257834,0.14177197000430122,0.0,1.0,0.0,1.0,0.0,6.0,1.0,1.0,2.0
0.5041818746661916,0.050332383457069536,1.0908694473418783,0.4798605196862293,0.0,1.0,1.0,0.0,0.0,10.0,0.0,0.0,1.0
0.7945737706641879,1.1988166781015301,-1.2170740485175422,0.38453917384308023,0.0,1.0,0.0,0.0,1.0,5.0,1.0,0.0,1.0
-0.8509803066577912,1.2815903209587884,-1.2170740485175422,-0.8788315270808742,0.0,1.0,1.0,0.0,0.0,4.0,1.0,0.0,2.0
-0.94777760532379,0.6504412941721931,-1.2170740485175422,-1.0829135738702989,0.0,1.0,0.0,0.0,1.0,4.0,1.0,1.0,2.0
-0.5605884106597949,1.095349624529957,0.024788311323719656,1.6417962537167952,0.0,1.0,0.0,0.0,1.0,5.0,0.0,1.0,1.0
0.6977764719981892,0.6090544727435638,0.720477453735304,1.1607669124202047,1.0,0.0,0.0,1.0,0.0,10.0,1.0,0.0,1.0
-0.5605884106597949,-0.18764183975754842,0.27559064895794905,1.0429336291471336,1.0,0.0,0.0,0.0,1.0,4.0,1.0,1.0,1.0
-1.2381695013217864,0.6504412941721931,0.22855407856300206,-0.9333579990985332,1.0,0.0,1.0,0.0,0.0,9.0,1.0,0.0,1.0
3.1177089386481582,-2.2466362058318516,0.7038641980933367,0.45211029883943865,0.0,1.0,0.0,1.0,0.0,9.0,1.0,0.0,1.0
-0.8509803066577912,-1.5637536522594695,0.8002957341295688,-0.5401490976929989,0.0,1.0,0.0,1.0,0.0,2.0,1.0,1.0,2.0
-0.4637911119937961,1.3540172584588896,1.1527738261983187,-1.003978193657236,0.0,1.0,0.0,0.0,1.0,6.0,0.0,1.0,1.0
-0.94777760532379,0.06067908881422684,0.1314604042935433,0.9254526031688907,0.0,1.0,0.0,0.0,1.0,7.0,1.0,0.0,1.0
-0.6573857093257937,0.050332383457069536,0.45883607879790267,-1.440764018723414,1.0,0.0,0.0,0.0,1.0,1.0,1.0,1.0,1.0
1.2785602639941818,-0.8084441611869866,-1.2170740485175422,1.3632852847290322,0.0,1.0,1.0,0.0,0.0,8.0,0.0,1.0,2.0
-0.6573857093257937,1.674765124530766,0.7584075738330794,-1.2765197496428646,0.0,1.0,1.0,0.0,0.0,1.0,1.0,1.0,1.0
-0.4637911119937961,-1.7603410540454583,-1.2170740485175422,0.4417527166919542,1.0,0.0,1.0,0.0,0.0,5.0,1.0,1.0,2.0
0.6977764719981892,-2.6087708933323572,0.8350114536175849,0.6981824588976936,0.0,1.0,0.0,1.0,0.0,2.0,1.0,0.0,1.0
-0.8509803066577912,0.5573209459577774,-1.2170740485175422,1.41671149630729,0.0,1.0,1.0,0.0,0.0,1.0,1.0,1.0,1.0
-0.94777760532379,0.3814269548861032,1.1066549900042675,0.7583753156668253,0.0,1.0,0.0,1.0,0.0,9.0,1.0,0.0,2.0
-0.1733992159957998,0.9815358656012267,-1.2170740485175422,1.2382212464070126,1.0,0.0,1.0,0.0,0.0,4.0,0.0,1.0,2.0
0.9881683679961855,2.057593222745586,0.8512262046030412,-0.592999346849935,0.0,1.0,1.0,0.0,0.0,6.0,1.0,0.0,1.0
-0.8509803066577912,-2.132822446903121,-1.2170740485175422,0.488472123330904,1.0,0.0,1.0,0.0,0.0,3.0,1.0,1.0,2.0
-0.36699381332779735,0.050332383457069536,-1.2170740485175422,-1.711247174427709,0.0,1.0,1.0,0.0,0.0,6.0,1.0,0.0,2.0
-0.36699381332779735,-0.8394842772584584,0.16006721940208007,0.09857409258831465,0.0,1.0,0.0,1.0,0.0,6.0,1.0,0.0,1.0
-1.6253586959857813,-0.5601232326152112,0.4150204998521327,-0.5102023569144577,1.0,0.0,0.0,1.0,0.0,6.0,1.0,0.0,1.0
-2.0125478906497762,0.23657307988590098,-1.2170740485175422,-0.7672350244455672,0.0,1.0,1.0,0.0,0.0,7.0,1.0,1.0,2.0
0.40738457600019284,1.9334327584596984,0.7618798209410409,0.7985740483815119,0.0,1.0,0.0,0.0,1.0,9.0,1.0,0.0,2.0
-0.4637911119937961,-0.1566017236860765,-1.2170740485175422,-0.9585302184098411,1.0,0.0,1.0,0.0,0.0,3.0,1.0,1.0,2.0
-1.2381695013217864,0.34004013345747397,0.6160697159859779,-0.05172531042675226,1.0,0.0,0.0,1.0,0.0,2.0,0.0,0.0,1.0
-0.6573857093257937,0.029638972742754933,0.6237128391801973,0.4572306412953722,1.0,0.0,0.0,1.0,0.0,1.0,1.0,1.0,1.0
-0.36699381332779735,-1.274045902259065,1.3017052562503857,1.7301848280892873,0.0,1.0,1.0,0.0,0.0,3.0,1.0,0.0,1.0
-1.5285613973197827,-0.1979885451147057,0.7517947113664029,0.8240572978375865,0.0,1.0,0.0,1.0,0.0,3.0,1.0,0.0,1.0
-0.6573857093257937,0.24691978524305827,-1.2170740485175422,1.5949333348466188,0.0,1.0,0.0,0.0,1.0,10.0,1.0,0.0,2.0
-0.7541830079917924,1.3747106691732043,-1.2170740485175422,0.7540170666472578,0.0,1.0,1.0,0.0,0.0,7.0,1.0,1.0,2.0
0.11699268000219652,-0.7049771076154135,-0.3421261303529227,0.17012876921507505,1.0,0.0,0.0,0.0,1.0,3.0,1.0,0.0,1.0
0.40738457600019284,-0.5187364111865821,-1.2170740485175422,0.192349159372833,1.0,0.0,1.0,0.0,0.0,8.0,0.0,1.0,3.0
-0.36699381332779735,0.5159341245291481,-1.2170740485175422,1.237478461889029,1.0,0.0,0.0,0.0,1.0,9.0,0.0,0.0,2.0
-1.334966799987785,0.14345273167148526,0.2444968368583348,0.21566633088559928,0.0,1.0,1.0,0.0,0.0,7.0,0.0,1.0,1.0
0.7945737706641879,0.20553296381442906,0.6252063876931634,0.9277957665078217,1.0,0.0,0.0,1.0,0.0,7.0,1.0,0.0,2.0
-0.07660191732980101,1.405750785244676,1.3288101637325482,-1.2460400131352605,1.0,0.0,0.0,1.0,0.0,3.0,1.0,1.0,1.0
-1.0445749039897887,-0.35318912547206527,-1.2170740485175422,-1.6049166139301982,1.0,0.0,1.0,0.0,0.0,0.0,1.0,1.0,2.0
0.31058727733419406,-0.3221490094005933,-1.2170740485175422,-1.6286704105343315,0.0,1.0,1.0,0.0,0.0,4.0,1.0,0.0,2.0
0.31058727733419406,0.12275932095717065,0.1047697551816223,-0.4957505882528622,1.0,0.0,1.0,0.0,0.0,1.0,1.0,0.0,2.0
-1.1413722026557875,-0.9326046254728741,0.9633203078832555,0.9258140800373612,1.0,0.0,1.0,0.0,0.0,9.0,1.0,0.0,1.0
0.40738457600019284,0.784948463815238,0.34870331287714385,0.1314455256621375,0.0,1.0,0.0,0.0,1.0,2.0,1.0,1.0,1.0
0.020195381336197752,-0.37388253618637984,0.6025363113783361,-0.8296301416356981,0.0,1.0,0.0,1.0,0.0,5.0,1.0,1.0,2.0
0.2137899786681953,-0.7774040451155146,0.5931548140996032,1.5860534937952158,1.0,0.0,1.0,0.0,0.0,4.0,0.0,0.0,1.0
-0.36699381332779735,0.5573209459577774,0.9771308492508104,0.2924749468089986,0.0,1.0,0.0,1.0,0.0,4.0,1.0,0.0,2.0
-0.6573857093257937,0.753908347743766,-1.2170740485175422,0.8726952455652575,1.0,0.0,1.0,0.0,0.0,6.0,1.0,1.0,2.0
2.7305197439841633,-0.2186819558290203,-1.2170740485175422,-1.2616624936952228,0.0,1.0,1.0,0.0,0.0,5.0,1.0,1.0,2.0
0.9881683679961855,-1.201618964758964,0.636555330914227,0.20114463262769716,1.0,0.0,0.0,0.0,1.0,7.0,1.0,0.0,1.0
0.5041818746661916,-0.1359083129717619,0.030963284849558834,0.19983040849810377,0.0,1.0,0.0,0.0,1.0,9.0,1.0,1.0,2.0
0.6977764719981892,0.5780143566720919,0.8321421879402698,0.8028484514671992,1.0,0.0,1.0,0.0,0.0,7.0,1.0,1.0,2.0
-0.94777760532379,0.9918825709583841,0.6754023814519936,1.3140440637675521,0.0,1.0,0.0,1.0,0.0,7.0,1.0,1.0,1.0
0.020195381336197752,-0.0014011433287169732,-1.2170740485175422,0.6539613827616187,1.0,0.0,1.0,0.0,0.0,8.0,1.0,0.0,1.0
1.0849656666621843,-0.1152149022574473,0.6728094487736871,-0.30092203617868774,1.0,0.0,1.0,0.0,0.0,9.0,0.0,0.0,2.0
0.2137899786681953,-0.5808166433295259,1.015433110647425,0.2158942109133645,1.0,0.0,0.0,1.0,0.0,2.0,0.0,1.0,1.0
-1.818953293317779,-0.022094554043031577,-1.2170740485175422,-0.722765019821147,0.0,1.0,0.0,0.0,1.0,5.0,1.0,1.0,2.0
3.2145062373141573,1.6851118298879233,-1.2170740485175422,0.5391595996747054,1.0,0.0,0.0,0.0,1.0,2.0,0.0,1.0,2.0
-1.6253586959857813,-0.653243580829627,-0.1371699932138971,1.1076719096761953,1.0,0.0,0.0,0.0,1.0,9.0,1.0,1.0,1.0
-0.1733992159957998,0.039985678099912235,-1.2170740485175422,0.7403018201517375,0.0,1.0,1.0,0.0,0.0,4.0,1.0,1.0,2.0
-1.2381695013217864,0.6400945888150358,0.7578864152625234,0.7797233254129472,1.0,0.0,0.0,0.0,1.0,4.0,1.0,0.0,2.0
1.0849656666621843,0.6814814102436649,0.23461073848368083,0.43084770061517386,0.0,1.0,1.0,0.0,0.0,9.0,1.0,1.0,1.0
-0.36699381332779735,1.1470831513157436,0.7590431879564534,0.8691335329175509,0.0,1.0,0.0,0.0,1.0,9.0,0.0,0.0,2.0
0.31058727733419406,-1.0774585004730763,1.0769142290114917,-0.23746840756187576,1.0,0.0,0.0,1.0,0.0,1.0,1.0,0.0,1.0
-0.4637911119937961,-0.1359083129717619,0.6242339977507534,-0.03658955377342155,0.0,1.0,1.0,0.0,0.0,6.0,1.0,1.0,1.0
0.020195381336197752,1.0436160977441706,-1.2170740485175422,1.536509070628854,0.0,1.0,1.0,0.0,0.0,3.0,1.0,0.0,1.0
-1.5285613973197827,-0.7360172236868854,0.6142760431512263,1.6766184094099772,1.0,0.0,1.0,0.0,0.0,5.0,0.0,0.0,2.0
-0.07660191732980101,1.0539628031013277,1.222608913900651,1.4085299074936348,1.0,0.0,0.0,1.0,0.0,9.0,1.0,1.0,1.0
-0.5605884106597949,-0.10486819690028999,1.1330199551976363,-0.7664746705513975,0.0,1.0,1.0,0.0,0.0,2.0,1.0,1.0,2.0
0.5041818746661916,-0.8808710986870877,-1.2170740485175422,-0.5809357956701646,0.0,1.0,0.0,0.0,1.0,5.0,1.0,0.0,2.0
0.11699268000219652,-1.3982063665449527,-1.2170740485175422,-1.1584029209917346,1.0,0.0,1.0,0.0,0.0,9.0,0.0,1.0,2.0
-1.2381695013217864,-0.860177687972773,-1.2170740485175422,1.1591701866378705,1.0,0.0,0.0,0.0,1.0,6.0,0.0,0.0,2.0
2.1497359519881707,-0.9119112147585595,0.1040211322750587,0.12121527800345003,0.0,1.0,0.0,0.0,1.0,1.0,1.0,0.0,1.0
0.8913710693301867,0.9815358656012267,1.4398768998244762,0.9380962916712547,0.0,1.0,1.0,0.0,0.0,5.0,1.0,0.0,1.0
-1.0445749039897887,-0.5911633486866832,1.7570505979186652,-1.4503880359265577,0.0,1.0,0.0,1.0,0.0,5.0,1.0,0.0,1.0
-1.5285613973197827,-1.098151911187391,-1.2170740485175422,1.5613161600330785,0.0,1.0,1.0,0.0,0.0,2.0,1.0,0.0,2.0
-0.5605884106597949,1.2402034995301592,-1.2170740485175422,-1.5862060980626855,1.0,0.0,0.0,0.0,1.0,5.0,1.0,0.0,2.0
-1.334966799987785,1.405750785244676,-1.2170740485175422,-0.9141431899482025,0.0,1.0,1.0,0.0,0.0,5.0,1.0,0.0,2.0
-0.6573857093257937,1.9644728745311704,0.6648551093571988,0.2369866819107938,0.0,1.0,0.0,1.0,0.0,2.0,1.0,0.0,1.0
-1.1413722026557875,-0.24972207190049223,1.7611406156579186,-0.3971609905305868,0.0,1.0,0.0,1.0,0.0,0.0,1.0,1.0,2.0
0.7945737706641879,1.022922687029856,0.734074033950049,-0.789492814760554,1.0,0.0,1.0,0.0,0.0,7.0,1.0,0.0,2.0
0.11699268000219652,0.3917736602432605,0.03871539802244455,0.3374824699721935,1.0,0.0,0.0,1.0,0.0,4.0,1.0,0.0,4.0
-0.1733992159957998,-0.38422924154353716,-0.00901594329845659,0.5550527530004719,1.0,0.0,1.0,0.0,0.0,8.0,0.0,1.0,4.0
0.31058727733419406,0.5987077673864065,0.6885901688706485,-0.39515164533919916,0.0,1.0,1.0,0.0,0.0,9.0,0.0,1.0,1.0
-0.1733992159957998,-1.0567650897587617,0.5920557514386248,-0.9119769380506744,0.0,1.0,1.0,0.0,0.0,2.0,0.0,0.0,2.0
0.2137899786681953,0.039985678099912235,0.8013620033456387,1.1164772983215805,0.0,1.0,0.0,1.0,0.0,8.0,0.0,0.0,1.0
2.7305197439841633,0.19518625845727178,1.334377654766675,0.32614169857514425,0.0,1.0,0.0,0.0,1.0,6.0,1.0,1.0,1.0
-0.8509803066577912,-0.787750750472672,-1.2170740485175422,1.4870117890560228,1.0,0.0,0.0,0.0,1.0,8.0,1.0,0.0,2.0
0.6977764719981892,-0.6946304022582562,0.1872734007582249,0.35692237588277487,1.0,0.0,0.0,1.0,0.0,6.0,1.0,0.0,2.0
-0.4637911119937961,0.16414614238579986,-1.2170740485175422,1.1128190410819583,1.0,0.0,0.0,0.0,1.0,5.0,1.0,0.0,2.0
1.8593440559901744,0.5780143566720919,0.4281740470562507,0.25769488803697616,1.0,0.0,1.0,0.0,0.0,3.0,1.0,1.0,1.0
-1.4317640986537838,0.9815358656012267,-1.2170740485175422,-0.1000878886246881,1.0,0.0,1.0,0.0,0.0,4.0,0.0,1.0,1.0
0.2137899786681953,-0.1772951344003911,-1.2170740485175422,1.1253280890182988,1.0,0.0,0.0,0.0,1.0,4.0,1.0,1.0,2.0
-0.8509803066577912,0.8056418745295526,-1.2170740485175422,0.904747354264443,0.0,1.0,1.0,0.0,0.0,9.0,1.0,0.0,2.0
-0.5605884106597949,-0.8291375719013011,-1.2170740485175422,0.05030771107385531,1.0,0.0,1.0,0.0,0.0,1.0,1.0,0.0,2.0
1.181762965328183,-0.4773495897579529,0.4669789805226152,1.1431549174498972,1.0,0.0,1.0,0.0,0.0,9.0,1.0,1.0,1.0
-1.818953293317779,-0.7153238129725709,-1.2170740485175422,-0.767051676698037,0.0,1.0,1.0,0.0,0.0,4.0,1.0,1.0,1.0
-0.6573857093257937,-0.07382808082881809,1.0580335638575895,1.1694707118013037,1.0,0.0,0.0,1.0,0.0,8.0,1.0,1.0,1.0
-0.4637911119937961,0.7332149370294515,-1.2170740485175422,0.5842913261507434,0.0,1.0,1.0,0.0,0.0,8.0,1.0,1.0,2.0
2.2465332506541693,-0.26006877725764954,-1.2170740485175422,-0.6061948181370869,0.0,1.0,0.0,0.0,1.0,3.0,1.0,1.0,1.0
1.181762965328183,1.4264441959589906,0.46563300251173717,-0.4452064501860673,0.0,1.0,0.0,1.0,0.0,3.0,1.0,0.0,1.0
-1.1413722026557875,-0.6325501701153124,0.7698147093436376,-1.7079133418077679,1.0,0.0,0.0,1.0,0.0,8.0,1.0,0.0,2.0
-0.5605884106597949,-0.1462550183289192,0.44474679314862514,-0.2685663773661813,1.0,0.0,1.0,0.0,0.0,7.0,1.0,0.0,1.0
0.2137899786681953,-0.16694842904323381,-1.2170740485175422,-0.6586688043168808,1.0,0.0,0.0,0.0,1.0,10.0,1.0,1.0,2.0
0.5041818746661916,-1.0050315629729754,0.268868635760425,0.4553287998117397,1.0,0.0,1.0,0.0,0.0,6.0,1.0,0.0,1.0
-1.1413722026557875,-0.1462550183289192,-1.2170740485175422,-0.14903512695492882,0.0,1.0,1.0,0.0,0.0,1.0,1.0,0.0,2.0
-0.27019651466179856,-0.7049771076154135,-1.2170740485175422,-1.6401639137362494,0.0,1.0,1.0,0.0,0.0,8.0,0.0,1.0,2.0
-1.334966799987785,-0.5083897058294248,-1.2170740485175422,0.024622848677185265,1.0,0.0,1.0,0.0,0.0,0.0,1.0,1.0,2.0
-0.94777760532379,1.3229771423874177,-0.471374259611733,0.48847334101044154,1.0,0.0,1.0,0.0,0.0,3.0,1.0,0.0,3.0
-0.1733992159957998,0.6918281156008222,-1.2170740485175422,-1.7345998326012875,0.0,1.0,1.0,0.0,0.0,8.0,1.0,1.0,2.0
-0.94777760532379,-0.5083897058294248,0.45325813887201577,1.0675770276306502,0.0,1.0,0.0,0.0,1.0,5.0,1.0,0.0,1.0
0.40738457600019284,0.6918281156008222,0.28022625959925845,1.1776034194792315,1.0,0.0,1.0,0.0,0.0,0.0,1.0,0.0,1.0
-0.94777760532379,1.1677765620300582,-1.2170740485175422,-0.5912775479836592,0.0,1.0,0.0,0.0,1.0,5.0,1.0,0.0,2.0
1.181762965328183,-1.0774585004730763,-1.2170740485175422,-0.7471382674015188,1.0,0.0,1.0,0.0,0.0,1.0,1.0,1.0,2.0
0.6009791733321904,0.5366275352434627,-1.2170740485175422,0.5574841111287743,1.0,0.0,1.0,0.0,0.0,5.0,1.0,0.0,2.0
-0.6573857093257937,-0.8291375719013011,0.8944741675979682,0.4418061206373922,0.0,1.0,1.0,0.0,0.0,5.0,1.0,0.0,1.0
0.9881683679961855,-0.07382808082881809,-1.2170740485175422,0.7868114380017678,0.0,1.0,0.0,0.0,1.0,10.0,1.0,1.0,2.0
0.9881683679961855,-0.5290831165437394,-1.2170740485175422,0.8389670879595686,1.0,0.0,1.0,0.0,0.0,6.0,0.0,1.0,1.0
-0.94777760532379,0.7125215263151369,0.4906111586402733,-0.5210757133232585,1.0,0.0,0.0,1.0,0.0,7.0,1.0,1.0,1.0
-1.0445749039897887,1.7575387673880243,-1.2170740485175422,-1.097730472438978,1.0,0.0,1.0,0.0,0.0,8.0,1.0,1.0,1.0
0.11699268000219652,1.0022292763155414,-1.2170740485175422,0.5655213179401045,1.0,0.0,0.0,0.0,1.0,4.0,1.0,0.0,2.0
-0.94777760532379,-0.5601232326152112,-1.2170740485175422,1.3040804879276162,1.0,0.0,1.0,0.0,0.0,5.0,1.0,1.0,2.0
2.3433305493201684,0.3090000173860021,-1.2170740485175422,-0.7793881620484671,1.0,0.0,1.0,0.0,0.0,7.0,1.0,1.0,2.0
-0.5605884106597949,0.06067908881422684,0.13822067651012734,0.07055076361664474,0.0,1.0,1.0,0.0,0.0,1.0,0.0,0.0,2.0
-0.4637911119937961,-0.30145559868627875,0.36915999241282677,0.679259197019527,1.0,0.0,0.0,1.0,0.0,7.0,1.0,0.0,1.0
-1.5285613973197827,0.20553296381442906,0.7753396010498192,1.0384123850237372,1.0,0.0,0.0,1.0,0.0,9.0,1.0,1.0,1.0
3.311303535980156,1.2195100888158448,-1.2170740485175422,-1.2188377480804244,1.0,0.0,1.0,0.0,0.0,1.0,1.0,1.0,1.0
0.6009791733321904,-1.40855307190211,0.7274084447680295,-1.0536508210834932,0.0,1.0,0.0,1.0,0.0,7.0,1.0,1.0,3.0
0.8913710693301867,-2.0397020986887053,1.1112250137557602,-0.11666972670612072,1.0,0.0,0.0,0.0,1.0,5.0,1.0,1.0,1.0
0.6977764719981892,0.6400945888150358,-1.2170740485175422,-0.7681308886768585,0.0,1.0,1.0,0.0,0.0,5.0,1.0,1.0,1.0
1.4721548613261792,-1.7293009379739863,0.94324412875982,-0.8680994214984439,0.0,1.0,0.0,1.0,0.0,3.0,0.0,0.0,1.0
1.8593440559901744,-0.18764183975754842,0.3632566900727493,0.5597053325597177,0.0,1.0,0.0,0.0,1.0,6.0,1.0,1.0,1.0
0.11699268000219652,0.5987077673864065,0.8979364480707124,0.07152803842274087,1.0,0.0,1.0,0.0,0.0,9.0,1.0,1.0,1.0
0.6009791733321904,-0.2393753665433349,-0.35435824605598354,0.26378850435195356,1.0,0.0,0.0,1.0,0.0,6.0,1.0,0.0,1.0
-0.4637911119937961,0.46420059774336164,1.2079817514540017,-1.593801809064498,0.0,1.0,1.0,0.0,0.0,9.0,0.0,1.0,1.0
0.2137899786681953,0.34004013345747397,-1.2170740485175422,0.6703443911699705,1.0,0.0,0.0,0.0,1.0,7.0,1.0,1.0,1.0
-0.6573857093257937,0.9608424548869121,0.3278642039030427,-0.34870726032154475,0.0,1.0,0.0,1.0,0.0,4.0,1.0,1.0,1.0
-0.07660191732980101,0.9091089281011256,0.8464444702292718,-1.514484773293483,0.0,1.0,0.0,0.0,1.0,0.0,1.0,0.0,1.0
0.6009791733321904,0.19518625845727178,-0.4473135161797311,-0.7918126682340493,1.0,0.0,1.0,0.0,0.0,5.0,1.0,1.0,1.0
-0.6573857093257937,1.6644184191736087,0.9217493116397294,-0.1821782765198733,0.0,1.0,1.0,0.0,0.0,5.0,1.0,0.0,2.0
-1.334966799987785,0.6400945888150358,0.7308078711380324,-0.758261422069763,1.0,0.0,1.0,0.0,0.0,4.0,1.0,1.0,1.0
-0.27019651466179856,1.612684892387822,-1.2170740485175422,0.8201704647533201,1.0,0.0,1.0,0.0,0.0,4.0,0.0,1.0,2.0
-0.1733992159957998,0.19518625845727178,1.656253997161619,1.6462136471710498,0.0,1.0,0.0,0.0,1.0,0.0,1.0,1.0,1.0
-0.1733992159957998,-1.8327679915455595,-1.2170740485175422,-0.7424952553243547,0.0,1.0,0.0,0.0,1.0,3.0,0.0,0.0,2.0
2.440127847986167,0.8470286959581818,-1.2170740485175422,-0.427684911409987,0.0,1.0,1.0,0.0,0.0,3.0,1.0,1.0,2.0
0.11699268000219652,1.064309508458485,1.3650105903635799,-1.6752497840264484,0.0,1.0,0.0,0.0,1.0,2.0,0.0,1.0,1.0
2.052938653322172,1.540257954887721,0.20625099947722464,0.5542082052639824,0.0,1.0,1.0,0.0,0.0,6.0,1.0,1.0,2.0
0.40738457600019284,1.4264441959589906,0.7063971702081585,0.8446094670287265,0.0,1.0,0.0,1.0,0.0,8.0,0.0,1.0,2.0
-0.94777760532379,-0.20833525047186302,0.34002816068139174,-1.1871565097775716,1.0,0.0,0.0,1.0,0.0,2.0,1.0,1.0,2.0
-0.1733992159957998,-0.34284242011490795,-1.2170740485175422,1.3715726377082456,0.0,1.0,1.0,0.0,0.0,5.0,0.0,1.0,1.0
0.9881683679961855,0.6090544727435638,0.8592795673629792,1.6248720737310554,0.0,1.0,0.0,1.0,0.0,10.0,1.0,1.0,1.0
-0.36699381332779735,0.5780143566720919,-1.2170740485175422,-0.5123828730579988,1.0,0.0,1.0,0.0,0.0,9.0,1.0,1.0,2.0
0.31058727733419406,0.3193467227431594,-1.2170740485175422,-0.1370209787735438,1.0,0.0,1.0,0.0,0.0,0.0,0.0,1.0,1.0
0.11699268000219652,-0.9636447415443461,1.383363666859689,-0.13012038883352584,0.0,1.0,0.0,0.0,1.0,4.0,0.0,0.0,1.0
0.31058727733419406,1.0125759816726987,2.3559265786165042,0.021747037517630567,0.0,1.0,0.0,0.0,1.0,9.0,0.0,0.0,1.0
-0.07660191732980101,1.064309508458485,-1.2170740485175422,1.4062394522832637,0.0,1.0,1.0,0.0,0.0,2.0,1.0,0.0,2.0
-0.1733992159957998,-0.41526935761500905,-1.2170740485175422,0.19003087148731496,1.0,0.0,1.0,0.0,0.0,6.0,1.0,0.0,2.0
-0.07660191732980101,1.364363963816047,0.617673701247239,0.9291119041338314,0.0,1.0,1.0,0.0,0.0,9.0,1.0,0.0,1.0
3.311303535980156,0.5366275352434627,0.9974729124814941,1.0405727224777968,0.0,1.0,0.0,0.0,1.0,5.0,1.0,1.0,1.0
0.2137899786681953,0.753908347743766,0.8388269066318196,1.735832773693475,0.0,1.0,0.0,1.0,0.0,2.0,0.0,1.0,2.0
0.5041818746661916,1.4988711334590918,1.440580672872562,-0.7419693917182976,0.0,1.0,1.0,0.0,0.0,8.0,1.0,1.0,1.0
0.5041818746661916,0.5573209459577774,0.4986593773304215,0.6533925524633035,1.0,0.0,0.0,1.0,0.0,10.0,1.0,0.0,1.0
0.40738457600019284,0.3503868388146313,-1.2170740485175422,0.13833863557070986,0.0,1.0,0.0,0.0,1.0,9.0,1.0,0.0,2.0
1.4721548613261792,-0.35318912547206527,0.42487927035602935,-0.9486320493565003,0.0,1.0,1.0,0.0,0.0,6.0,1.0,1.0,1.0
-1.0445749039897887,1.095349624529957,-0.005305622210546483,1.7372638950586854,0.0,1.0,1.0,0.0,0.0,3.0,1.0,1.0,1.0
-1.0445749039897887,1.0332693923870133,0.919839093473808,-0.925927370651186,1.0,0.0,0.0,1.0,0.0,10.0,1.0,1.0,2.0
-0.8509803066577912,0.5055874191719908,0.6537193235280404,0.6011617542826058,1.0,0.0,0.0,1.0,0.0,4.0,1.0,1.0,1.0
3.0209116399821596,0.888415517386811,0.1901970006726922,-0.9964416270901109,1.0,0.0,1.0,0.0,0.0,9.0,1.0,1.0,2.0
-0.1733992159957998,-2.029355393331548,1.5166392812593728,-0.7907981672249442,1.0,0.0,0.0,1.0,0.0,6.0,0.0,1.0,1.0
0.2137899786681953,-1.5844470629737841,0.19016758302358308,-1.5182981976970495,1.0,0.0,0.0,1.0,0.0,4.0,1.0,1.0,2.0
0.6977764719981892,-0.5601232326152112,-1.2170740485175422,-0.7165440690173724,1.0,0.0,0.0,0.0,1.0,4.0,1.0,0.0,2.0
1.9561413546561732,0.9711891602440694,-1.2170740485175422,-1.1086748021694033,1.0,0.0,0.0,0.0,1.0,8.0,1.0,1.0,1.0
-0.27019651466179856,0.22622637452874367,-0.04216754406608072,1.6748933054135278,0.0,1.0,0.0,1.0,0.0,5.0,0.0,0.0,2.0
-0.27019651466179856,0.5159341245291481,-1.2170740485175422,1.2055509044111261,0.0,1.0,0.0,0.0,1.0,8.0,1.0,0.0,2.0
0.7945737706641879,0.4848940084576762,-1.2170740485175422,-0.8635936593005981,1.0,0.0,0.0,0.0,1.0,6.0,1.0,0.0,1.0
0.020195381336197752,1.540257954887721,0.31413419937813075,-1.4951774204982888,0.0,1.0,0.0,1.0,0.0,4.0,1.0,0.0,1.0
-0.07660191732980101,1.1160430352442716,0.45621613975320086,-0.14432601227429062,1.0,0.0,1.0,0.0,0.0,1.0,0.0,0.0,1.0
-1.334966799987785,-1.2843926076162224,-1.2170740485175422,-0.05392774480197147,1.0,0.0,1.0,0.0,0.0,6.0,0.0,1.0,2.0
-0.6573857093257937,0.3607335441717886,-1.2170740485175422,1.3783187563011983,0.0,1.0,1.0,0.0,0.0,6.0,1.0,1.0,2.0
-0.94777760532379,-0.41526935761500905,0.05103367689448084,-1.2686655426706255,1.0,0.0,0.0,1.0,0.0,4.0,1.0,1.0,2.0
-1.1413722026557875,-0.5704699379723686,1.210726916447643,1.2257142859213075,1.0,0.0,0.0,1.0,0.0,2.0,1.0,0.0,1.0
-0.36699381332779735,0.4331604816718897,0.7786817996434131,-0.19402073188644564,1.0,0.0,1.0,0.0,0.0,5.0,1.0,0.0,1.0
0.5041818746661916,-1.4292464826164246,-0.195300714623143,-0.821567711462516,0.0,1.0,1.0,0.0,0.0,1.0,0.0,1.0,2.0
-0.1733992159957998,2.0265531066741143,0.5947986659017335,0.28247675407934847,1.0,0.0,0.0,0.0,1.0,9.0,1.0,0.0,1.0
0.6009791733321904,-0.0014011433287169732,0.9679203922925808,-1.4112184163754278,1.0,0.0,0.0,0.0,1.0,10.0,1.0,0.0,1.0
-1.0445749039897887,2.057593222745586,-1.2170740485175422,1.4953577646072642,1.0,0.0,1.0,0.0,0.0,9.0,1.0,0.0,2.0
0.40738457600019284,-0.6739369915439416,0.913828890933416,-0.5707761734246624,1.0,0.0,1.0,0.0,0.0,8.0,1.0,0.0,1.0
1.181762965328183,-1.6775674111882,-1.2170740485175422,1.291428971485367,1.0,0.0,1.0,0.0,0.0,3.0,0.0,1.0,2.0
-0.8509803066577912,-1.201618964758964,0.7589681166879618,-0.6517734330034527,1.0,0.0,0.0,0.0,1.0,5.0,0.0,0.0,1.0
-0.36699381332779735,-0.5497765272580539,-1.2170740485175422,-0.19482805341992585,1.0,0.0,0.0,0.0,1.0,8.0,0.0,1.0,3.0
0.020195381336197752,-0.4773495897579529,0.5700065000465266,-1.5693678514614622,0.0,1.0,1.0,0.0,0.0,6.0,0.0,0.0,1.0
-1.0445749039897887,0.2779599013145302,1.0120471874606196,-0.7952261718865985,0.0,1.0,0.0,0.0,1.0,5.0,1.0,1.0,1.0
-0.36699381332779735,-1.3982063665449527,-0.29484505589079013,0.032026340266264344,0.0,1.0,1.0,0.0,0.0,10.0,1.0,1.0,1.0
-0.27019651466179856,-1.0567650897587617,1.0241709561937378,-0.27615756555828225,0.0,1.0,0.0,1.0,0.0,6.0,0.0,0.0,1.0
0.020195381336197752,0.919455633458283,-1.2170740485175422,-1.405749469663279,0.0,1.0,1.0,0.0,0.0,9.0,1.0,0.0,2.0
0.7945737706641879,0.3917736602432605,0.2919380204926678,0.9918822405757867,0.0,1.0,1.0,0.0,0.0,1.0,1.0,0.0,3.0
0.5041818746661916,-0.44630947368648094,0.8107799913694413,0.5664992885630792,1.0,0.0,0.0,1.0,0.0,5.0,0.0,1.0,1.0
0.6009791733321904,-0.7360172236868854,1.6657724552984994,1.2080243594605884,0.0,1.0,0.0,1.0,0.0,2.0,1.0,1.0,2.0
-1.334966799987785,-1.3464728397591663,-1.2170740485175422,1.0092820113980991,0.0,1.0,1.0,0.0,0.0,7.0,1.0,1.0,2.0
-0.36699381332779735,0.18483955310011446,-1.2170740485175422,-0.8828256899186758,1.0,0.0,1.0,0.0,0.0,7.0,1.0,1.0,1.0
-0.7541830079917924,0.6607879995293504,-1.2170740485175422,0.871717622850722,0.0,1.0,0.0,0.0,1.0,7.0,1.0,1.0,1.0
1.2785602639941818,0.6918281156008222,0.06050873194251164,-1.1731015306910393,0.0,1.0,1.0,0.0,0.0,8.0,1.0,1.0,3.0
0.11699268000219652,1.3126304370302604,0.45943311239785495,0.307001689739271,0.0,1.0,0.0,0.0,1.0,8.0,1.0,1.0,2.0
-1.0445749039897887,0.5987077673864065,0.7874368456730848,0.7896244516880222,0.0,1.0,0.0,1.0,0.0,8.0,1.0,0.0,2.0
-1.2381695013217864,-0.2807621879719641,-0.016546218461667178,-1.1938015609688972,0.0,1.0,1.0,0.0,0.0,9.0,0.0,0.0,2.0
-0.94777760532379,0.029638972742754933,0.26113243705345063,-1.0923112766336542,0.0,1.0,1.0,0.0,0.0,2.0,1.0,0.0,1.0
-1.5285613973197827,1.1988166781015301,1.0261072162129692,-1.2493463609884938,0.0,1.0,0.0,1.0,0.0,2.0,0.0,1.0,1.0
-0.8509803066577912,-1.2843926076162224,0.8190694990831566,1.085634693311748,1.0,0.0,0.0,1.0,0.0,6.0,1.0,1.0,1.0
-1.7221559946517802,0.6504412941721931,0.1718653042166458,-1.2616569271601934,0.0,1.0,0.0,1.0,0.0,6.0,0.0,0.0,2.0
-0.6573857093257937,-0.5704699379723686,0.3375453432470184,-1.0101577433567295,0.0,1.0,0.0,1.0,0.0,3.0,0.0,0.0,2.0
-1.2381695013217864,0.5262808298863054,-0.3049907690376365,0.010150727371888667,0.0,1.0,1.0,0.0,0.0,5.0,1.0,1.0,2.0
0.31058727733419406,0.7435616423866088,0.3759114232594597,-1.4324462237557591,0.0,1.0,1.0,0.0,0.0,2.0,1.0,1.0,1.0
3.4081008346461545,-0.6015100540438405,1.37801849609178,-0.5971243232609273,0.0,1.0,0.0,1.0,0.0,5.0,1.0,1.0,2.0
0.31058727733419406,1.126389740601429,0.03667995390758313,-0.03396127946845439,0.0,1.0,0.0,1.0,0.0,0.0,1.0,1.0,2.0
0.6977764719981892,0.23657307988590098,1.5912834312062318,-0.16819583634294263,0.0,1.0,1.0,0.0,0.0,2.0,1.0,0.0,1.0
-0.07660191732980101,-0.5187364111865821,-0.2523389642108283,-1.07570925986274,0.0,1.0,1.0,0.0,0.0,4.0,1.0,1.0,1.0
0.6977764719981892,0.4538538923862043,0.7529381416293163,-0.757759216237581,0.0,1.0,0.0,0.0,1.0,3.0,1.0,1.0,1.0
0.31058727733419406,-0.5704699379723686,-1.2170740485175422,0.37764902115624194,0.0,1.0,1.0,0.0,0.0,7.0,1.0,1.0,2.0
-1.0445749039897887,1.2091633834586875,0.5370224030514255,-0.8514586129365437,1.0,0.0,1.0,0.0,0.0,3.0,0.0,1.0,2.0
-1.0445749039897887,0.753908347743766,0.35206206894537295,-0.058458208499010345,0.0,1.0,1.0,0.0,0.0,5.0,1.0,1.0,1.0
0.40738457600019284,1.5712980709591928,-1.2170740485175422,-0.48371887069529085,0.0,1.0,0.0,0.0,1.0,3.0,1.0,0.0,1.0
1.0849656666621843,-0.2393753665433349,1.082559202596824,0.16960742841872942,1.0,0.0,1.0,0.0,0.0,4.0,0.0,1.0,1.0
-0.6573857093257937,-0.6015100540438405,-1.2170740485175422,0.9066436292130458,1.0,0.0,1.0,0.0,0.0,3.0,1.0,1.0,2.0
-0.27019651466179856,-0.022094554043031577,0.17515863414723865,-1.3922182667321676,1.0,0.0,0.0,0.0,1.0,6.0,0.0,0.0,1.0
0.020195381336197752,1.064309508458485,0.8630892332987002,-0.2117677153312161,1.0,0.0,0.0,1.0,0.0,8.0,1.0,1.0,1.0
-0.4637911119937961,-0.7670573397583573,-1.2170740485175422,-0.27528849027681973,1.0,0.0,1.0,0.0,0.0,2.0,1.0,1.0,2.0
-1.6253586959857813,-1.274045902259065,0.286718075673699,-1.7203571569117329,0.0,1.0,0.0,1.0,0.0,5.0,0.0,1.0,2.0
-0.36699381332779735,0.17449284774295717,0.4303586691950097,-0.7978245260657826,1.0,0.0,1.0,0.0,0.0,6.0,1.0,1.0,1.0
-0.94777760532379,1.0850029191727997,0.6703525124404426,-1.6520394204045585,0.0,1.0,0.0,0.0,1.0,2.0,1.0,0.0,2.0
1.0849656666621843,0.4124670709575751,0.9844828502453761,-1.690029804300558,0.0,1.0,1.0,0.0,0.0,6.0,1.0,1.0,1.0
2.2465332506541693,-0.6635902861867843,0.732629193347903,-1.6191966897769812,0.0,1.0,0.0,0.0,1.0,7.0,0.0,1.0,1.0
0.2137899786681953,-0.06348137547166079,-1.2170740485175422,-1.238399769853213,0.0,1.0,1.0,0.0,0.0,7.0,0.0,1.0,1.0
-0.7541830079917924,-0.34284242011490795,-1.2170740485175422,-1.2295545456915238,1.0,0.0,1.0,0.0,0.0,4.0,1.0,0.0,2.0
-1.2381695013217864,0.7746017584580807,0.08148464102257937,-1.4026422993915655,1.0,0.0,0.0,0.0,1.0,1.0,1.0,1.0,1.0
0.40738457600019284,-0.6325501701153124,0.08625319371751314,1.4397940035777235,0.0,1.0,1.0,0.0,0.0,7.0,1.0,1.0,2.0
-0.7541830079917924,-1.8741548129741887,-0.3211552045904637,0.06843078354154836,0.0,1.0,0.0,0.0,1.0,4.0,1.0,1.0,2.0
-0.8509803066577912,-0.35318912547206527,0.9049474936895378,0.749424327339578,0.0,1.0,1.0,0.0,0.0,3.0,1.0,0.0,1.0
-0.1733992159957998,-0.7463639290440427,-1.2170740485175422,-1.176140336954423,0.0,1.0,0.0,0.0,1.0,4.0,1.0,1.0,2.0
2.3433305493201684,-1.2636991969019078,0.3283027358526038,0.15437164808908949,0.0,1.0,0.0,0.0,1.0,4.0,1.0,0.0,3.0
-1.5285613973197827,1.4988711334590918,1.1392987746323524,0.44509855215305244,1.0,0.0,0.0,0.0,1.0,3.0,0.0,0.0,2.0
-1.2381695013217864,-0.35318912547206527,1.450576082730244,1.1998612097942185,1.0,0.0,1.0,0.0,0.0,2.0,0.0,1.0,2.0
-1.2381695013217864,1.022922687029856,1.2184849774512234,-1.3905373471075138,1.0,0.0,1.0,0.0,0.0,1.0,1.0,1.0,2.0
-0.8509803066577912,-1.305086018330537,-1.2170740485175422,0.8582335615131408,1.0,0.0,0.0,0.0,1.0,5.0,0.0,1.0,2.0
-0.4637911119937961,0.9091089281011256,-1.2170740485175422,-0.6831940878852425,0.0,1.0,1.0,0.0,0.0,9.0,1.0,0.0,1.0
-1.1413722026557875,-0.1255616076146046,-1.2170740485175422,1.6071397024407372,0.0,1.0,1.0,0.0,0.0,8.0,1.0,0.0,2.0
-0.5605884106597949,0.8470286959581818,1.7931381765186882,1.5755402226211284,1.0,0.0,0.0,1.0,0.0,7.0,0.0,1.0,1.0
-0.1733992159957998,0.22622637452874367,-1.2170740485175422,1.4518236336846588,1.0,0.0,0.0,0.0,1.0,8.0,1.0,1.0,2.0
3.1177089386481582,0.15379943702864254,-0.36487384997113637,0.21507610421826492,0.0,1.0,0.0,1.0,0.0,1.0,1.0,1.0,2.0
0.6009791733321904,-1.1084986165445483,-1.2170740485175422,0.8966059488755311,1.0,0.0,1.0,0.0,0.0,6.0,0.0,1.0,2.0
-0.8509803066577912,0.3710802495289459,-1.2170740485175422,1.3802959199619471,1.0,0.0,1.0,0.0,0.0,6.0,0.0,0.0,2.0
0.6009791733321904,0.20553296381442906,0.38344250218357495,0.15679813549924115,0.0,1.0,0.0,1.0,0.0,6.0,1.0,1.0,1.0
1.181762965328183,-0.03244125940018888,0.6568919285707594,-1.6653968430702215,1.0,0.0,0.0,1.0,0.0,2.0,1.0,0.0,1.0
0.9881683679961855,2.057593222745586,0.7519226701024185,-0.6977390960085801,0.0,1.0,1.0,0.0,0.0,5.0,0.0,1.0,1.0
-0.1733992159957998,-0.36353583082922253,1.1015467679510411,0.9584698098787956,0.0,1.0,1.0,0.0,0.0,5.0,0.0,0.0,2.0
1.181762965328183,0.6090544727435638,0.28848184860279874,0.7226374649613097,1.0,0.0,0.0,0.0,1.0,4.0,0.0,1.0,1.0
-0.27019651466179856,0.9815358656012267,0.8270031014683058,0.9713857367349402,0.0,1.0,1.0,0.0,0.0,9.0,1.0,1.0,1.0
-1.1413722026557875,-0.41526935761500905,-1.2170740485175422,1.0022443455329824,0.0,1.0,1.0,0.0,0.0,7.0,1.0,1.0,2.0
-1.0445749039897887,0.42281377631473244,-0.22713045020702785,-0.5162749247688552,0.0,1.0,1.0,0.0,0.0,5.0,1.0,1.0,1.0
0.2137899786681953,-0.653243580829627,0.4887727966992248,1.7205449810521538,0.0,1.0,0.0,1.0,0.0,6.0,1.0,0.0,2.0
0.6009791733321904,-0.1566017236860765,-1.2170740485175422,1.0368560166203658,0.0,1.0,0.0,0.0,1.0,3.0,1.0,1.0,2.0
0.9881683679961855,1.923086053102541,0.44353407869573336,-0.8503599180851193,0.0,1.0,1.0,0.0,0.0,8.0,1.0,1.0,1.0
-0.94777760532379,-0.3221490094005933,-1.2170740485175422,0.9312393642403733,1.0,0.0,1.0,0.0,0.0,3.0,0.0,1.0,2.0
0.31058727733419406,-2.319063143331953,-0.00047710895212784273,-0.7438402693508293,0.0,1.0,0.0,1.0,0.0,1.0,1.0,1.0,1.0
-0.4637911119937961,1.2608969102444738,0.8241531260527019,-1.0965275790099722,0.0,1.0,0.0,1.0,0.0,10.0,0.0,0.0,1.0
-1.2381695013217864,-0.42561606297216636,-1.2170740485175422,1.1510966233946291,0.0,1.0,1.0,0.0,0.0,8.0,1.0,0.0,2.0
-1.0445749039897887,-0.8498309826156157,-1.2170740485175422,-0.4502189410258069,0.0,1.0,1.0,0.0,0.0,7.0,1.0,0.0,2.0
-0.27019651466179856,0.9504957495297548,-1.2170740485175422,1.5838936782038153,0.0,1.0,1.0,0.0,0.0,4.0,1.0,1.0,2.0
-0.27019651466179856,0.4848940084576762,0.10552014636217633,-0.11497384701857552,0.0,1.0,1.0,0.0,0.0,2.0,1.0,1.0,2.0
-1.6253586959857813,-0.5083897058294248,1.059253351406442,-1.208618111629137,1.0,0.0,0.0,0.0,1.0,7.0,1.0,0.0,1.0
0.020195381336197752,-1.0567650897587617,-1.2170740485175422,-0.32354513035497773,1.0,0.0,0.0,0.0,1.0,7.0,0.0,0.0,1.0
0.9881683679961855,-1.1188453219017056,-0.2600812715006778,0.07645059493091179,0.0,1.0,0.0,1.0,0.0,6.0,1.0,0.0,1.0
0.2137899786681953,1.3229771423874177,0.387010879095729,-0.22494300792888614,1.0,0.0,1.0,0.0,0.0,10.0,1.0,0.0,1.0
0.6977764719981892,-0.022094554043031577,-1.2170740485175422,-0.5785020021827867,1.0,0.0,1.0,0.0,0.0,2.0,1.0,1.0,2.0
-0.36699381332779735,0.5780143566720919,-0.30601942224337003,-1.4241856597263747,1.0,0.0,0.0,0.0,1.0,3.0,1.0,0.0,1.0
0.2137899786681953,-0.022094554043031577,-1.2170740485175422,0.534184335037975,0.0,1.0,1.0,0.0,0.0,0.0,0.0,1.0,2.0
1.0849656666621843,-0.8084441611869866,1.3437736197416912,0.9751273180457837,0.0,1.0,0.0,0.0,1.0,0.0,0.0,1.0,1.0
-0.1733992159957998,1.1781232673872155,0.4339918292360764,-1.5789977831080744,0.0,1.0,0.0,1.0,0.0,7.0,1.0,0.0,1.0
0.5041818746661916,-0.24972207190049223,-1.2170740485175422,-0.2937926964398059,1.0,0.0,1.0,0.0,0.0,5.0,1.0,0.0,2.0
0.7945737706641879,0.42281377631473244,-1.2170740485175422,0.886187482751163,1.0,0.0,0.0,0.0,1.0,3.0,1.0,0.0,2.0
1.665749458658177,-0.5083897058294248,0.6459668888507928,-1.6644378334571905,1.0,0.0,1.0,0.0,0.0,3.0,1.0,0.0,3.0
-1.7221559946517802,-0.9326046254728741,-1.2170740485175422,-1.094456306116383,0.0,1.0,1.0,0.0,0.0,4.0,1.0,1.0,1.0
0.31058727733419406,-1.0878052058302337,0.1710507729159032,-0.7389324989513301,1.0,0.0,0.0,1.0,0.0,9.0,1.0,0.0,2.0
-1.0445749039897887,0.6194011781007212,-1.2170740485175422,-0.6187951920387535,0.0,1.0,1.0,0.0,0.0,8.0,1.0,1.0,2.0
-0.27019651466179856,-0.20833525047186302,-1.2170740485175422,0.5789657177156012,0.0,1.0,1.0,0.0,0.0,1.0,0.0,0.0,2.0
-0.6573857093257937,0.3814269548861032,0.7791352815458003,0.6766898931950274,0.0,1.0,0.0,0.0,1.0,6.0,1.0,1.0,1.0
-0.94777760532379,-2.846745116546975,0.6323273878037412,0.33900526521116914,1.0,0.0,0.0,1.0,0.0,4.0,1.0,0.0,4.0
-0.1733992159957998,-0.2186819558290203,-1.2170740485175422,-0.2993933264962437,0.0,1.0,1.0,0.0,0.0,6.0,1.0,1.0,2.0
1.0849656666621843,0.24691978524305827,0.9242239307128757,-1.5932228894214422,1.0,0.0,0.0,0.0,1.0,1.0,0.0,1.0,1.0
2.924114341316161,0.050332383457069536,1.41886128495572,-1.1089614787234165,0.0,1.0,0.0,0.0,1.0,6.0,1.0,1.0,1.0
-0.94777760532379,-1.3154327236876944,1.3394554946577069,-1.6900240638113089,0.0,1.0,0.0,0.0,1.0,3.0,1.0,0.0,1.0
-0.4637911119937961,1.6644184191736087,0.4518298557445047,1.1512216964785706,0.0,1.0,1.0,0.0,0.0,5.0,1.0,1.0,1.0
-1.334966799987785,-0.38422924154353716,-0.008020244289812411,-0.7113623207218959,1.0,0.0,0.0,0.0,1.0,10.0,1.0,0.0,1.0
0.020195381336197752,-0.4773495897579529,-1.2170740485175422,1.7313969410919359,0.0,1.0,1.0,0.0,0.0,3.0,1.0,0.0,2.0
-0.8509803066577912,0.6297478834578785,0.22280879561677305,1.3525723141107655,1.0,0.0,1.0,0.0,0.0,1.0,1.0,1.0,1.0
-0.07660191732980101,0.4331604816718897,1.971264935413655,-1.488709106794146,0.0,1.0,1.0,0.0,0.0,7.0,1.0,1.0,2.0
-0.7541830079917924,-1.0567650897587617,0.9534052741160352,-1.3310196066649147,1.0,0.0,0.0,1.0,0.0,9.0,1.0,1.0,2.0
-0.36699381332779735,0.9401490441725975,0.05489639104990696,0.47209155028162736,1.0,0.0,1.0,0.0,0.0,2.0,1.0,1.0,1.0
-0.5605884106597949,-0.5601232326152112,-1.2170740485175422,-0.8781882443765411,0.0,1.0,1.0,0.0,0.0,9.0,1.0,0.0,2.0
0.2137899786681953,0.06067908881422684,0.5415890510071185,-0.5809213574699321,0.0,1.0,0.0,0.0,1.0,8.0,1.0,1.0,1.0
-0.94777760532379,0.8159885798867099,-1.2170740485175422,-1.4905197962666727,0.0,1.0,0.0,0.0,1.0,2.0,1.0,0.0,2.0
-0.36699381332779735,-0.5601232326152112,0.8326929249121161,0.9654050167085276,0.0,1.0,0.0,0.0,1.0,0.0,1.0,1.0,1.0
-0.07660191732980101,0.6090544727435638,0.8821697134134916,0.9591652788490292,0.0,1.0,1.0,0.0,0.0,3.0,1.0,1.0,1.0
-0.27019651466179856,0.11241261560001335,1.4660277431128539,0.6786376585926523,1.0,0.0,1.0,0.0,0.0,4.0,1.0,0.0,2.0
-0.8509803066577912,0.46420059774336164,0.6159460975588472,1.63269723034861,0.0,1.0,0.0,1.0,0.0,4.0,1.0,1.0,1.0
0.8913710693301867,-0.5083897058294248,0.014208567288378122,0.4737895174198088,1.0,0.0,0.0,1.0,0.0,7.0,0.0,0.0,2.0
0.11699268000219652,0.16414614238579986,-0.044462602953134776,-0.016128884501827024,0.0,1.0,1.0,0.0,0.0,8.0,1.0,0.0,2.0
0.9881683679961855,-0.2704154826148068,1.5709297938185216,1.1432660741962648,0.0,1.0,1.0,0.0,0.0,6.0,1.0,0.0,1.0
-0.94777760532379,1.8713525263167547,-1.2170740485175422,1.3728611166133275,1.0,0.0,1.0,0.0,0.0,5.0,1.0,0.0,2.0
-0.6573857093257937,0.29865331202884476,1.6033872666689155,-0.3915495753125297,0.0,1.0,0.0,1.0,0.0,7.0,0.0,1.0,1.0
-0.1733992159957998,0.753908347743766,-0.1143372356919747,1.0090062939599251,1.0,0.0,1.0,0.0,0.0,10.0,1.0,0.0,1.0
2.7305197439841633,-0.6842836969010989,0.615162752181204,-0.11676818479445299,1.0,0.0,1.0,0.0,0.0,5.0,0.0,1.0,2.0
-0.07660191732980101,0.25726649060021556,-1.2170740485175422,-1.117027909843651,0.0,1.0,1.0,0.0,0.0,1.0,0.0,1.0,2.0
0.5041818746661916,0.3710802495289459,-1.2170740485175422,0.0553784765771836,1.0,0.0,1.0,0.0,0.0,9.0,0.0,0.0,2.0
-0.1733992159957998,-0.8291375719013011,1.0269135491524848,0.07469522290023982,0.0,1.0,0.0,1.0,0.0,9.0,1.0,0.0,3.0
-0.7541830079917924,0.16414614238579986,0.38263375796134563,1.5620839939586941,0.0,1.0,1.0,0.0,0.0,3.0,1.0,1.0,1.0
-1.334966799987785,1.2091633834586875,0.043160035072816266,-1.5924204386061127,0.0,1.0,1.0,0.0,0.0,0.0,1.0,1.0,1.0
-0.07660191732980101,-1.036071679044447,-1.2170740485175422,-1.7333219649036047,1.0,0.0,1.0,0.0,0.0,10.0,1.0,1.0,2.0
-0.36699381332779735,-0.1566017236860765,0.3177583572970655,1.2077302028751293,0.0,1.0,1.0,0.0,0.0,9.0,0.0,0.0,1.0
0.020195381336197752,-0.29110889332912143,1.3694799832498137,-0.3667708404461113,1.0,0.0,1.0,0.0,0.0,1.0,0.0,0.0,1.0
-0.5605884106597949,-1.439593187973582,1.6228803976321389,-0.09024608073851978,0.0,1.0,0.0,0.0,1.0,3.0,1.0,0.0,1.0
-0.7541830079917924,-0.6015100540438405,-1.2170740485175422,-1.3806143026007605,0.0,1.0,1.0,0.0,0.0,9.0,0.0,1.0,2.0
-0.4637911119937961,-1.2533524915447505,-1.2170740485175422,0.7308482780838684,1.0,0.0,1.0,0.0,0.0,8.0,0.0,1.0,2.0
-0.8509803066577912,0.784948463815238,0.6963154364293199,0.661806196205996,1.0,0.0,0.0,1.0,0.0,8.0,1.0,1.0,2.0
0.6009791733321904,-1.377512955830638,-1.2170740485175422,-1.1074903478876825,1.0,0.0,1.0,0.0,0.0,8.0,1.0,1.0,2.0
0.2137899786681953,0.6194011781007212,1.1259679177726751,0.02776968051098332,1.0,0.0,1.0,0.0,0.0,3.0,1.0,1.0,1.0
-0.5605884106597949,1.643725008459294,-1.2170740485175422,-0.38083834423645974,0.0,1.0,1.0,0.0,0.0,6.0,1.0,1.0,2.0
-0.1733992159957998,-0.2704154826148068,1.077049421595649,-1.117365033121368,1.0,0.0,0.0,1.0,0.0,4.0,1.0,0.0,1.0
-0.4637911119937961,-0.4773495897579529,-1.2170740485175422,-1.1111546935249934,1.0,0.0,1.0,0.0,0.0,2.0,0.0,0.0,1.0
0.9881683679961855,1.3229771423874177,0.48947705200385344,0.29633412117233765,0.0,1.0,1.0,0.0,0.0,9.0,0.0,0.0,1.0
0.020195381336197752,0.888415517386811,0.8735347492629703,-0.7741363102024642,1.0,0.0,0.0,0.0,1.0,7.0,0.0,0.0,2.0
2.3433305493201684,0.3917736602432605,-1.2170740485175422,1.5076164924215023,1.0,0.0,0.0,0.0,1.0,1.0,1.0,1.0,2.0
-1.1413722026557875,1.8713525263167547,0.3677857220181062,-1.1993413070484509,1.0,0.0,1.0,0.0,0.0,10.0,1.0,0.0,1.0
-0.27019651466179856,-0.6842836969010989,-1.2170740485175422,1.3996340626540225,0.0,1.0,0.0,0.0,1.0,10.0,1.0,1.0,2.0
0.40738457600019284,-0.7256705183297281,0.03715642337184228,-1.2036898146317168,0.0,1.0,0.0,0.0,1.0,9.0,0.0,1.0,1.0
-0.07660191732980101,-0.6739369915439416,-1.2170740485175422,-1.0771743023007856,1.0,0.0,1.0,0.0,0.0,6.0,1.0,1.0,2.0
0.31058727733419406,1.405750785244676,-0.019727986378698627,-0.9669207262413174,1.0,0.0,0.0,1.0,0.0,2.0,0.0,1.0,2.0
0.11699268000219652,-0.6325501701153124,0.6740375954359474,-0.13326008854431717,1.0,0.0,0.0,1.0,0.0,2.0,0.0,0.0,2.0
0.5041818746661916,-0.26006877725764954,-1.2170740485175422,1.1207725759136276,0.0,1.0,1.0,0.0,0.0,10.0,0.0,0.0,2.0
0.31058727733419406,0.07102579417138415,0.4365985866019421,0.06794405963491679,0.0,1.0,1.0,0.0,0.0,8.0,0.0,1.0,1.0
0.11699268000219652,0.06067908881422684,0.3770384567999189,0.33878034240513805,0.0,1.0,0.0,1.0,0.0,7.0,0.0,1.0,1.0
1.3753575626601806,-0.41526935761500905,0.12630395658603952,-1.7155922029265813,0.0,1.0,1.0,0.0,0.0,3.0,0.0,0.0,1.0
-2.0125478906497762,0.050332383457069536,1.2225450952848242,0.47238361941645046,0.0,1.0,1.0,0.0,0.0,10.0,0.0,1.0,1.0
-0.6573857093257937,-1.4188997772592673,-1.2170740485175422,-0.06960797816286399,0.0,1.0,1.0,0.0,0.0,8.0,1.0,0.0,2.0
-0.94777760532379,-0.3945759469006945,1.76824312926769,-0.39342358412101525,1.0,0.0,1.0,0.0,0.0,6.0,1.0,1.0,2.0
2.5369251466521656,-0.1979885451147057,0.8642218931654919,-0.25535107529798745,0.0,1.0,0.0,1.0,0.0,6.0,1.0,1.0,1.0
-0.8509803066577912,0.9815358656012267,0.5940672434785286,-1.5333767234121096,0.0,1.0,0.0,0.0,1.0,1.0,0.0,0.0,1.0
0.40738457600019284,-0.8498309826156157,1.37982406458792,1.3625588519076977,0.0,1.0,0.0,0.0,1.0,8.0,0.0,1.0,2.0
0.2137899786681953,1.6230315977449794,-1.2170740485175422,-0.3473850342978468,0.0,1.0,1.0,0.0,0.0,0.0,1.0,1.0,1.0
-1.0445749039897887,1.0850029191727997,1.6758254144369529,-0.17257322032667344,0.0,1.0,1.0,0.0,0.0,8.0,1.0,0.0,1.0
-0.27019651466179856,0.7746017584580807,-1.2170740485175422,1.658370089904123,0.0,1.0,0.0,0.0,1.0,2.0,1.0,0.0,1.0
0.8913710693301867,-0.7049771076154135,0.2497338214084815,-0.6930550307355743,0.0,1.0,1.0,0.0,0.0,3.0,1.0,0.0,1.0
-0.94777760532379,-0.18764183975754842,1.5155257509021114,-1.66277083017011,1.0,0.0,1.0,0.0,0.0,7.0,1.0,0.0,1.0
0.6009791733321904,-0.0014011433287169732,-1.2170740485175422,-0.5587167971461638,0.0,1.0,1.0,0.0,0.0,1.0,1.0,0.0,1.0
0.2137899786681953,-0.7256705183297281,0.8391667367422931,-0.9681029191181827,0.0,1.0,0.0,1.0,0.0,2.0,1.0,1.0,2.0
-0.4637911119937961,0.8366819906010244,0.7495428948160174,1.53300911172913,1.0,0.0,1.0,0.0,0.0,8.0,1.0,0.0,2.0
-0.1733992159957998,0.19518625845727178,1.5246815521188268,1.7116084309251391,0.0,1.0,1.0,0.0,0.0,4.0,1.0,0.0,2.0
-1.0445749039897887,-1.0878052058302337,-1.2170740485175422,1.0332115017640973,0.0,1.0,1.0,0.0,0.0,8.0,1.0,0.0,1.0
0.5041818746661916,1.0022292763155414,0.5931686387871627,-1.701448681142238,0.0,1.0,1.0,0.0,0.0,4.0,0.0,1.0,1.0
-0.27019651466179856,-0.3221490094005933,1.5046648513023333,-0.9470868140231877,0.0,1.0,0.0,0.0,1.0,7.0,1.0,0.0,1.0
-1.2381695013217864,0.5987077673864065,1.2995275464554064,-1.6603568674637743,0.0,1.0,1.0,0.0,0.0,6.0,0.0,1.0,1.0
-0.6573857093257937,-0.6946304022582562,-0.571285758860611,0.6537312413289975,0.0,1.0,0.0,1.0,0.0,8.0,1.0,1.0,1.0
-0.7541830079917924,-1.6361805897595707,-1.2170740485175422,1.3344304545873482,1.0,0.0,1.0,0.0,0.0,3.0,1.0,1.0,1.0
0.11699268000219652,0.8263352852438672,1.5370284448790674,1.0412826296482627,1.0,0.0,0.0,0.0,1.0,5.0,1.0,1.0,1.0
-0.7541830079917924,-1.0050315629729754,-1.2170740485175422,1.6143274907974274,0.0,1.0,1.0,0.0,0.0,1.0,0.0,1.0,2.0
-0.1733992159957998,-1.1188453219017056,-1.2170740485175422,-0.3643125194137603,0.0,1.0,0.0,0.0,1.0,3.0,1.0,1.0,2.0
0.020195381336197752,0.2883066066716875,-1.2170740485175422,0.003511242715592334,0.0,1.0,0.0,0.0,1.0,5.0,1.0,1.0,2.0
-0.8509803066577912,-1.0774585004730763,-0.05335026953206863,-0.39629469851663907,1.0,0.0,0.0,1.0,0.0,9.0,1.0,0.0,1.0
-0.8509803066577912,0.20553296381442906,-1.2170740485175422,0.03825546691836318,0.0,1.0,1.0,0.0,0.0,2.0,0.0,1.0,1.0
-0.5605884106597949,1.0332693923870133,0.057395122950191876,0.3077088136422222,0.0,1.0,0.0,0.0,1.0,4.0,1.0,0.0,1.0
0.2137899786681953,0.06067908881422684,0.32387015521580137,-0.5497442384956776,1.0,0.0,1.0,0.0,0.0,5.0,1.0,1.0,1.0
-0.8509803066577912,-0.09452149154313269,0.8687448165279735,-1.7269507176540368,1.0,0.0,0.0,1.0,0.0,5.0,1.0,0.0,1.0
0.11699268000219652,-0.09452149154313269,-1.2170740485175422,1.4630358529133731,1.0,0.0,1.0,0.0,0.0,7.0,1.0,0.0,2.0
1.2785602639941818,-0.7980974558298293,0.6401364072486742,1.6769009110627187,0.0,1.0,0.0,0.0,1.0,7.0,1.0,0.0,1.0
-0.5605884106597949,-0.48769629511511015,-1.2170740485175422,-1.0034994716447092,0.0,1.0,1.0,0.0,0.0,3.0,1.0,0.0,1.0
1.665749458658177,1.1056963298871143,-1.2170740485175422,-1.5519379865591467,0.0,1.0,0.0,0.0,1.0,1.0,1.0,1.0,2.0
0.31058727733419406,0.09171920488569875,-1.2170740485175422,0.27225398645210686,0.0,1.0,0.0,0.0,1.0,5.0,1.0,0.0,2.0
-0.1733992159957998,0.29865331202884476,0.7785126883490812,-0.12233054492256355,1.0,0.0,0.0,0.0,1.0,6.0,1.0,0.0,2.0
0.40738457600019284,-0.2704154826148068,2.025234265115318,0.5768706130939173,0.0,1.0,1.0,0.0,0.0,8.0,1.0,0.0,1.0
1.3753575626601806,-1.2843926076162224,-1.2170740485175422,-0.8375394920955723,0.0,1.0,0.0,0.0,1.0,8.0,1.0,1.0,1.0
-0.1733992159957998,0.3090000173860021,0.7317469853789912,0.8090156504170961,1.0,0.0,0.0,0.0,1.0,6.0,1.0,1.0,1.0
-1.0445749039897887,-1.067111795115919,0.659796077471335,1.0215718770176583,1.0,0.0,1.0,0.0,0.0,8.0,1.0,1.0,2.0
0.31058727733419406,1.364363963816047,1.0287509465804474,-1.6996800885908714,1.0,0.0,0.0,1.0,0.0,2.0,1.0,0.0,1.0
2.7305197439841633,0.06067908881422684,0.7085035060348075,0.13352079950277929,0.0,1.0,0.0,0.0,1.0,5.0,1.0,1.0,2.0
0.5041818746661916,-0.18764183975754842,-1.2170740485175422,-1.219373874985442,1.0,0.0,1.0,0.0,0.0,7.0,1.0,0.0,2.0
0.8913710693301867,0.050332383457069536,-1.2170740485175422,-0.25428769315315564,1.0,0.0,1.0,0.0,0.0,9.0,1.0,1.0,2.0
-0.1733992159957998,0.9918825709583841,-1.2170740485175422,1.4036899792398065,0.0,1.0,0.0,0.0,1.0,1.0,0.0,1.0,2.0
-0.4637911119937961,-0.1255616076146046,1.193244795267781,0.9878880777379846,0.0,1.0,0.0,0.0,1.0,7.0,0.0,0.0,2.0
-0.27019651466179856,1.0332693923870133,1.5130037099355922,-1.2542156875054464,1.0,0.0,0.0,1.0,0.0,6.0,1.0,1.0,2.0
0.11699268000219652,0.3503868388146313,-1.2170740485175422,-0.4697799190732772,1.0,0.0,1.0,0.0,0.0,7.0,1.0,0.0,1.0
1.665749458658177,1.1470831513157436,0.3946414636198364,-0.395159125370645,0.0,1.0,0.0,1.0,0.0,10.0,1.0,1.0,3.0
-0.1733992159957998,0.17449284774295717,1.2417638222752103,1.038974952970144,0.0,1.0,0.0,1.0,0.0,10.0,1.0,1.0,2.0
-0.8509803066577912,0.6090544727435638,-1.2170740485175422,-1.580678876686948,0.0,1.0,1.0,0.0,0.0,6.0,1.0,1.0,2.0
-0.1733992159957998,-0.022094554043031577,0.6273524293085007,0.11823996503024509,1.0,0.0,0.0,1.0,0.0,8.0,1.0,1.0,1.0
0.11699268000219652,0.9918825709583841,-1.2170740485175422,-0.7313183488022329,1.0,0.0,1.0,0.0,0.0,3.0,0.0,0.0,1.0
-0.1733992159957998,1.2298567941730019,1.058329026366128,1.3997772269768092,0.0,1.0,0.0,1.0,0.0,5.0,0.0,1.0,2.0
-0.27019651466179856,0.9918825709583841,0.43229637598386944,1.4061575198457996,0.0,1.0,0.0,1.0,0.0,8.0,1.0,1.0,2.0
-0.94777760532379,-1.1395387326160202,0.8325897220119628,-0.23805237187730205,0.0,1.0,1.0,0.0,0.0,7.0,0.0,0.0,1.0
-1.6253586959857813,0.11241261560001335,0.8142318229504256,-0.04306917450184251,1.0,0.0,1.0,0.0,0.0,2.0,1.0,1.0,2.0
-0.1733992159957998,0.784948463815238,0.4096066879029694,-1.1360487600390516,0.0,1.0,0.0,1.0,0.0,9.0,1.0,1.0,1.0
-1.0445749039897887,0.2883066066716875,-1.2170740485175422,-0.662712022244629,1.0,0.0,0.0,0.0,1.0,9.0,0.0,1.0,2.0
-1.334966799987785,-1.2533524915447505,1.396118548655115,-0.6215325356394524,0.0,1.0,1.0,0.0,0.0,9.0,1.0,0.0,1.0
3.1177089386481582,-0.48769629511511015,-1.2170740485175422,0.5240459352072724,1.0,0.0,0.0,0.0,1.0,10.0,1.0,1.0,2.0
-0.4637911119937961,-1.5534069469023122,-1.2170740485175422,-1.2607801978930655,1.0,0.0,1.0,0.0,0.0,5.0,1.0,0.0,1.0
0.31058727733419406,-0.1359083129717619,1.1166913916680854,1.6284384831426928,0.0,1.0,0.0,1.0,0.0,8.0,1.0,0.0,1.0
-1.4317640986537838,-0.7256705183297281,0.3182410960963807,-0.9411565407204787,1.0,0.0,1.0,0.0,0.0,3.0,1.0,1.0,1.0
-0.5605884106597949,0.5159341245291481,0.7741643418550831,-0.03590382623948925,1.0,0.0,0.0,0.0,1.0,7.0,1.0,0.0,1.0
1.0849656666621843,-0.022094554043031577,1.2809074605867818,-0.21756926251137043,1.0,0.0,0.0,1.0,0.0,5.0,1.0,1.0,1.0
-0.7541830079917924,0.13310602631432794,0.6238530150819632,-0.3589836058484442,1.0,0.0,1.0,0.0,0.0,9.0,0.0,1.0,2.0
0.8913710693301867,-0.29110889332912143,0.687347072255562,1.0216602457612494,0.0,1.0,1.0,0.0,0.0,5.0,1.0,1.0,1.0
1.568952159992178,1.8092722941738109,0.6361711332018184,0.7004697829321112,0.0,1.0,1.0,0.0,0.0,4.0,1.0,0.0,1.0
0.6009791733321904,-0.08417478618597539,1.2077589489312406,-1.6967273896662232,1.0,0.0,0.0,1.0,0.0,2.0,0.0,1.0,1.0
0.2137899786681953,0.5159341245291481,1.4200027861924625,-0.8776470727991532,0.0,1.0,0.0,1.0,0.0,9.0,1.0,0.0,1.0
-0.7541830079917924,1.436790901316148,1.2149482687187112,1.2625323923309626,1.0,0.0,1.0,0.0,0.0,2.0,1.0,1.0,1.0
-0.4637911119937961,-0.6222034647581551,1.2044212513987125,-0.47983273342790317,1.0,0.0,0.0,1.0,0.0,4.0,1.0,1.0,1.0
-0.6573857093257937,0.3296934281003167,-1.2170740485175422,-1.3023390786513385,1.0,0.0,1.0,0.0,0.0,9.0,1.0,1.0,2.0
-0.6573857093257937,0.7332149370294515,0.4998820584185305,-0.3976593693699361,1.0,0.0,0.0,1.0,0.0,5.0,1.0,1.0,1.0
0.40738457600019284,0.25726649060021556,-1.2170740485175422,-0.7782565898495254,1.0,0.0,1.0,0.0,0.0,2.0,1.0,1.0,1.0
0.8913710693301867,0.7435616423866088,-1.2170740485175422,0.8843117344004804,0.0,1.0,1.0,0.0,0.0,7.0,1.0,1.0,2.0
0.11699268000219652,1.1056963298871143,0.28595594958393783,0.4063591213871619,1.0,0.0,0.0,0.0,1.0,5.0,0.0,0.0,2.0
2.1497359519881707,-1.6568740004738853,-1.2170740485175422,0.6958662584628115,1.0,0.0,0.0,0.0,1.0,8.0,0.0,1.0,2.0
-0.1733992159957998,-1.3464728397591663,-1.2170740485175422,-0.234602511792842,0.0,1.0,1.0,0.0,0.0,2.0,1.0,1.0,2.0
0.2137899786681953,-0.1462550183289192,1.0015375313761612,0.7034630131899416,0.0,1.0,0.0,1.0,0.0,2.0,1.0,0.0,2.0
-0.8509803066577912,1.5092178388162492,-0.10123786197282807,-0.4387320480842362,0.0,1.0,1.0,0.0,0.0,10.0,1.0,1.0,1.0
-0.4637911119937961,-0.2186819558290203,0.5019623523918699,0.668268073604011,1.0,0.0,0.0,1.0,0.0,9.0,1.0,0.0,2.0
0.11699268000219652,0.4848940084576762,1.2067007173242172,0.258738265446546,1.0,0.0,0.0,1.0,0.0,8.0,1.0,0.0,1.0
-0.8509803066577912,0.8573754013153391,0.7608268941559878,-0.40628106235935163,1.0,0.0,0.0,1.0,0.0,7.0,1.0,1.0,1.0
-1.4317640986537838,1.2298567941730019,0.41981830944399473,1.1724107120679161,0.0,1.0,1.0,0.0,0.0,9.0,1.0,0.0,1.0
1.4721548613261792,0.2779599013145302,0.7714188553570794,0.09329284247918773,1.0,0.0,0.0,1.0,0.0,1.0,0.0,1.0,2.0
1.7625467573241755,0.4848940084576762,0.5730550044055721,0.10187313436432213,1.0,0.0,1.0,0.0,0.0,9.0,1.0,0.0,2.0
0.5041818746661916,0.4538538923862043,-1.2170740485175422,-0.5024591327343666,0.0,1.0,0.0,0.0,1.0,8.0,1.0,1.0,2.0
-0.6573857093257937,0.5780143566720919,-1.2170740485175422,0.46301566282465817,0.0,1.0,0.0,0.0,1.0,9.0,1.0,0.0,2.0
-1.9157505919837776,-0.09452149154313269,0.6139813844035923,1.3268968452419576,1.0,0.0,0.0,1.0,0.0,3.0,1.0,1.0,1.0
-0.1733992159957998,-0.6118567594009978,2.202011830955789,1.331381732933443,0.0,1.0,1.0,0.0,0.0,4.0,0.0,0.0,1.0
0.020195381336197752,0.18483955310011446,0.7031433853140728,1.2475448446727895,0.0,1.0,1.0,0.0,0.0,3.0,1.0,1.0,1.0
-0.07660191732980101,-0.6325501701153124,-1.2170740485175422,0.8504877280197548,1.0,0.0,0.0,0.0,1.0,9.0,1.0,1.0,2.0
-1.4317640986537838,-0.011747848685874276,0.533223507511826,0.08061279754491309,0.0,1.0,0.0,0.0,1.0,8.0,1.0,0.0,1.0
1.9561413546561732,0.17449284774295717,0.7146860349131502,-0.8594015365608138,1.0,0.0,0.0,1.0,0.0,5.0,0.0,1.0,1.0
-0.1733992159957998,-0.011747848685874276,0.5024466987129942,-1.3109826898724322,0.0,1.0,1.0,0.0,0.0,5.0,0.0,0.0,1.0
-0.8509803066577912,0.8470286959581818,0.4298756088913328,-1.3620918312447092,1.0,0.0,0.0,1.0,0.0,1.0,1.0,0.0,1.0
0.020195381336197752,0.10206591024285605,0.9149657303569115,-1.0619213005033985,0.0,1.0,0.0,0.0,1.0,6.0,0.0,0.0,1.0
0.020195381336197752,0.443507187029047,0.031205216881849483,-1.2951083236023901,0.0,1.0,1.0,0.0,0.0,5.0,1.0,1.0,1.0
1.4721548613261792,-0.2807621879719641,0.6593253950855891,0.18507700321960371,0.0,1.0,0.0,1.0,0.0,3.0,1.0,0.0,1.0
0.020195381336197752,1.405750785244676,0.534086103714665,0.022781195353558017,0.0,1.0,0.0,0.0,1.0,10.0,1.0,1.0,1.0
1.0849656666621843,-0.6842836969010989,0.8059223819662757,-1.5728832922867368,0.0,1.0,0.0,1.0,0.0,2.0,1.0,0.0,1.0
-1.0445749039897887,0.8780688120296537,-1.2170740485175422,0.30567946371557303,1.0,0.0,0.0,0.0,1.0,2.0,1.0,1.0,2.0
0.9881683679961855,-1.5120201254736831,0.06896317139385498,0.6144309821588966,0.0,1.0,1.0,0.0,0.0,7.0,0.0,0.0,1.0
2.052938653322172,-0.1255616076146046,1.3877507546292898,-0.26957635556557485,1.0,0.0,1.0,0.0,0.0,5.0,1.0,1.0,1.0
1.568952159992178,0.019292267385597632,-1.2170740485175422,-1.0070498772681373,0.0,1.0,0.0,0.0,1.0,7.0,1.0,1.0,2.0
0.31058727733419406,-1.5534069469023122,0.6256479739341619,-0.1466251651956453,0.0,1.0,1.0,0.0,0.0,9.0,0.0,1.0,1.0
2.827317042650162,0.050332383457069536,1.2511970817562006,1.5084612141122111,0.0,1.0,0.0,1.0,0.0,7.0,1.0,1.0,1.0
0.7945737706641879,-0.7049771076154135,0.4316361667768139,-0.12438755357014013,0.0,1.0,0.0,0.0,1.0,5.0,1.0,0.0,1.0
1.181762965328183,1.5609513656020357,-1.2170740485175422,-1.0263803659745474,0.0,1.0,0.0,0.0,1.0,7.0,0.0,1.0,1.0
2.052938653322172,-3.115759455833065,-1.2170740485175422,0.24244797463727719,1.0,0.0,1.0,0.0,0.0,3.0,0.0,0.0,1.0
-0.36699381332779735,-0.22902866118617762,0.5886685422343723,-0.1540829305012608,0.0,1.0,0.0,1.0,0.0,8.0,1.0,1.0,1.0
-1.0445749039897887,0.07102579417138415,1.2394215022469643,1.1624295668517937,1.0,0.0,0.0,1.0,0.0,9.0,1.0,0.0,1.0
-0.4637911119937961,1.302283731673103,0.3372976241362142,1.265687921875744,1.0,0.0,0.0,1.0,0.0,5.0,1.0,1.0,1.0
0.020195381336197752,-0.26006877725764954,-1.2170740485175422,-0.2881308344980451,1.0,0.0,1.0,0.0,0.0,0.0,1.0,1.0,2.0
1.568952159992178,-1.02572497368729,-1.2170740485175422,-1.0354581669279328,0.0,1.0,0.0,0.0,1.0,3.0,1.0,1.0,1.0
-0.4637911119937961,0.29865331202884476,-1.2170740485175422,-0.07257528924196406,0.0,1.0,1.0,0.0,0.0,9.0,1.0,1.0,2.0
-0.1733992159957998,0.3193467227431594,-1.2170740485175422,0.22085208012812801,0.0,1.0,1.0,0.0,0.0,5.0,0.0,1.0,2.0
-0.6573857093257937,-0.8394842772584584,0.6691524974098437,-0.6444617892423583,0.0,1.0,1.0,0.0,0.0,9.0,0.0,1.0,2.0
0.40738457600019284,0.21587966917158638,-1.2170740485175422,-0.6148097269119351,0.0,1.0,0.0,0.0,1.0,5.0,1.0,1.0,2.0
0.31058727733419406,1.2815903209587884,0.9365264558711812,1.5304702498930722,0.0,1.0,1.0,0.0,0.0,6.0,0.0,1.0,2.0
-0.94777760532379,0.029638972742754933,-1.2170740485175422,0.8580371671991353,0.0,1.0,1.0,0.0,0.0,7.0,1.0,1.0,2.0
-0.36699381332779735,0.5883610620292492,0.7532765249701617,1.7247071836661554,1.0,0.0,0.0,0.0,1.0,8.0,0.0,0.0,1.0
-0.36699381332779735,-0.5083897058294248,-1.2170740485175422,0.9216936264360804,1.0,0.0,1.0,0.0,0.0,8.0,1.0,1.0,2.0
0.11699268000219652,-0.44630947368648094,0.32939922647868747,1.0662725449373585,1.0,0.0,0.0,1.0,0.0,7.0,0.0,0.0,1.0
0.9881683679961855,0.25726649060021556,-1.2170740485175422,-0.3568911105400554,1.0,0.0,1.0,0.0,0.0,1.0,1.0,0.0,1.0
-0.8509803066577912,0.443507187029047,-1.2170740485175422,-1.268098104006068,1.0,0.0,1.0,0.0,0.0,9.0,1.0,1.0,2.0
-0.5605884106597949,1.3126304370302604,0.6552754046393862,-1.167252667963135,0.0,1.0,0.0,0.0,1.0,5.0,1.0,1.0,2.0
0.020195381336197752,-1.3257794290448517,-1.2170740485175422,-1.6200732450898894,0.0,1.0,1.0,0.0,0.0,3.0,1.0,0.0,2.0
-0.4637911119937961,-0.5808166433295259,0.19702141300946485,0.9819859850188618,0.0,1.0,0.0,1.0,0.0,2.0,0.0,1.0,2.0
-0.36699381332779735,0.10206591024285605,0.39218372352568714,-0.2767439652327839,0.0,1.0,1.0,0.0,0.0,9.0,1.0,0.0,1.0
-0.27019651466179856,0.08137249952854145,0.7737049121220018,-0.052633177499200684,0.0,1.0,1.0,0.0,0.0,6.0,1.0,0.0,2.0
0.7945737706641879,-0.6739369915439416,1.3083341939351545,-0.5979994869400781,1.0,0.0,0.0,1.0,0.0,5.0,1.0,1.0,2.0
-0.27019651466179856,1.0539628031013277,0.8488965839970886,-0.9618078638168295,1.0,0.0,1.0,0.0,0.0,7.0,1.0,1.0,1.0
-1.0445749039897887,-0.5394298219008967,0.8218067872199329,-0.678692848497108,1.0,0.0,0.0,0.0,1.0,4.0,1.0,0.0,2.0
-0.07660191732980101,0.22622637452874367,1.5167084046971704,0.6095816603772061,1.0,0.0,1.0,0.0,0.0,2.0,0.0,0.0,2.0
0.5041818746661916,-3.022639107618649,0.8525731471270048,0.8192725130713928,1.0,0.0,1.0,0.0,0.0,6.0,1.0,0.0,1.0
-0.7541830079917924,-0.9843381522586606,0.851224757833413,0.4387925377358601,1.0,0.0,0.0,1.0,0.0,1.0,1.0,0.0,2.0
-1.4317640986537838,0.3296934281003167,0.3674135807192669,1.5330292904186116,1.0,0.0,0.0,0.0,1.0,8.0,1.0,0.0,1.0
-0.27019651466179856,-0.2186819558290203,0.557862798042974,-0.8849701975387456,1.0,0.0,1.0,0.0,0.0,2.0,1.0,1.0,1.0
-1.4317640986537838,-0.3945759469006945,1.0407531866647868,0.5069479749560841,1.0,0.0,1.0,0.0,0.0,7.0,1.0,0.0,1.0
-1.334966799987785,0.9918825709583841,-1.2170740485175422,-1.0057862738164673,1.0,0.0,1.0,0.0,0.0,4.0,0.0,1.0,2.0
1.7625467573241755,-0.1359083129717619,-1.2170740485175422,-1.1512674928551643,0.0,1.0,1.0,0.0,0.0,6.0,1.0,0.0,1.0
1.568952159992178,-0.7774040451155146,-1.2170740485175422,-0.09406959448682706,0.0,1.0,1.0,0.0,0.0,9.0,1.0,1.0,2.0
1.568952159992178,-0.2704154826148068,0.6922231681595341,0.6261469728077702,1.0,0.0,0.0,1.0,0.0,8.0,0.0,0.0,4.0
-0.07660191732980101,-0.8498309826156157,-1.2170740485175422,0.14978343159112065,0.0,1.0,1.0,0.0,0.0,7.0,1.0,1.0,1.0
0.11699268000219652,0.3917736602432605,1.2625551878515773,0.3211335565908966,1.0,0.0,0.0,0.0,1.0,5.0,0.0,1.0,1.0
-0.36699381332779735,0.5987077673864065,-1.2170740485175422,0.0891289003229899,0.0,1.0,0.0,0.0,1.0,2.0,1.0,0.0,2.0
-0.7541830079917924,2.057593222745586,-1.2170740485175422,-1.1615946330142068,1.0,0.0,1.0,0.0,0.0,4.0,1.0,1.0,2.0
0.31058727733419406,1.2505502048873165,-0.010222066911930415,-0.12124907153888632,0.0,1.0,0.0,1.0,0.0,3.0,1.0,0.0,2.0
0.020195381336197752,0.6814814102436649,-1.2170740485175422,-0.11451547764974969,1.0,0.0,0.0,0.0,1.0,6.0,1.0,0.0,2.0
-0.94777760532379,0.4331604816718897,1.2159542558669343,1.6923518727620883,0.0,1.0,1.0,0.0,0.0,2.0,0.0,0.0,1.0
-0.8509803066577912,-0.44630947368648094,0.24669303315412033,0.5760403296034413,1.0,0.0,0.0,1.0,0.0,2.0,1.0,0.0,2.0
-0.4637911119937961,0.3607335441717886,-1.2170740485175422,0.48204642841058004,0.0,1.0,0.0,0.0,1.0,9.0,1.0,0.0,2.0
1.568952159992178,2.057593222745586,-1.2170740485175422,1.2508035290698336,1.0,0.0,0.0,0.0,1.0,7.0,0.0,0.0,1.0
-1.7221559946517802,-0.8808710986870877,-1.2170740485175422,-1.674000096912352,1.0,0.0,1.0,0.0,0.0,3.0,1.0,1.0,2.0
1.3753575626601806,0.6297478834578785,0.9487399243212546,0.5713343460987572,0.0,1.0,0.0,1.0,0.0,6.0,1.0,1.0,2.0
0.5041818746661916,-1.0050315629729754,0.9661768741382777,0.2649790470313628,1.0,0.0,1.0,0.0,0.0,9.0,0.0,0.0,2.0
0.020195381336197752,-0.9119112147585595,-1.2170740485175422,-1.4308583696386277,1.0,0.0,1.0,0.0,0.0,5.0,1.0,1.0,2.0
1.181762965328183,-0.042787964757346184,0.8912994727768974,-1.217245719062021,0.0,1.0,0.0,1.0,0.0,4.0,1.0,0.0,1.0
-1.2381695013217864,-0.6015100540438405,0.008289993491112906,1.1777766778820213,0.0,1.0,0.0,0.0,1.0,9.0,1.0,0.0,1.0
0.020195381336197752,-1.02572497368729,0.9194330334647934,0.8615211223106501,0.0,1.0,0.0,1.0,0.0,2.0,0.0,1.0,1.0
0.11699268000219652,-0.787750750472672,-1.2170740485175422,0.3936566363585499,0.0,1.0,1.0,0.0,0.0,5.0,1.0,1.0,2.0
-0.4637911119937961,-0.1772951344003911,-1.2170740485175422,-0.6586449725887862,0.0,1.0,0.0,0.0,1.0,1.0,1.0,0.0,2.0
-0.4637911119937961,1.0850029191727997,0.44081559856412517,-0.17046907008556691,0.0,1.0,1.0,0.0,0.0,1.0,1.0,1.0,1.0
0.2137899786681953,-0.4773495897579529,0.441159608231303,0.7540061075314186,0.0,1.0,0.0,0.0,1.0,5.0,0.0,0.0,1.0
-0.7541830079917924,-0.9222579201157168,0.5947348472859065,1.5049059377706322,0.0,1.0,0.0,1.0,0.0,2.0,0.0,1.0,1.0
1.4721548613261792,2.057593222745586,0.5220364417369531,-1.3179692131969662,0.0,1.0,0.0,0.0,1.0,7.0,0.0,0.0,2.0
-1.5285613973197827,1.3436705531017323,0.509942572909487,1.2869919212042897,0.0,1.0,1.0,0.0,0.0,2.0,1.0,0.0,1.0
-0.6573857093257937,0.4021203656004178,0.00605682419371474,0.903935162012812,0.0,1.0,0.0,0.0,1.0,2.0,0.0,1.0,1.0
2.827317042650162,-1.6568740004738853,0.5121630427845922,0.2407056491730806,1.0,0.0,1.0,0.0,0.0,3.0,0.0,1.0,1.0
0.31058727733419406,1.1988166781015301,0.9308385614535425,-1.2393001568942155,1.0,0.0,1.0,0.0,0.0,2.0,1.0,0.0,1.0
-1.1413722026557875,-1.036071679044447,0.6134627978679311,-0.256215801723958,0.0,1.0,0.0,0.0,1.0,2.0,1.0,1.0,1.0
-0.6573857093257937,-0.2393753665433349,1.1803246602303645,-1.4517624482161562,0.0,1.0,1.0,0.0,0.0,9.0,1.0,1.0,2.0
-0.6573857093257937,-1.1188453219017056,1.1501120915865763,0.22463158345885928,1.0,0.0,1.0,0.0,0.0,7.0,1.0,0.0,1.0
0.020195381336197752,0.8263352852438672,-1.2170740485175422,0.6415160020696763,1.0,0.0,0.0,0.0,1.0,2.0,1.0,0.0,2.0
-0.8509803066577912,1.4574843120304626,-1.2170740485175422,1.7358110294160165,0.0,1.0,1.0,0.0,0.0,8.0,1.0,0.0,2.0
-0.4637911119937961,0.8677221066724964,1.0623344884582147,-0.9393562885011324,0.0,1.0,1.0,0.0,0.0,1.0,1.0,0.0,1.0
-0.4637911119937961,-0.5290831165437394,-1.2170740485175422,-1.6717428669579375,0.0,1.0,1.0,0.0,0.0,0.0,0.0,1.0,2.0
-0.5605884106597949,-0.5083897058294248,-1.2170740485175422,-0.6231101264576235,0.0,1.0,0.0,0.0,1.0,5.0,0.0,1.0,2.0
1.181762965328183,0.4745473031005189,1.1606162820968837,-0.805017533049063,0.0,1.0,0.0,1.0,0.0,1.0,1.0,1.0,1.0
-0.36699381332779735,0.46420059774336164,1.5945179258386069,-0.5354109326576761,1.0,0.0,0.0,1.0,0.0,4.0,1.0,0.0,1.0
-0.5605884106597949,-0.022094554043031577,-1.2170740485175422,-1.7021022271455317,0.0,1.0,1.0,0.0,0.0,2.0,1.0,0.0,2.0
0.6009791733321904,-0.6842836969010989,-1.2170740485175422,1.562543928915497,0.0,1.0,0.0,0.0,1.0,0.0,0.0,0.0,2.0
1.181762965328183,-1.1395387326160202,0.2356961372092807,1.3916876599453591,0.0,1.0,0.0,1.0,0.0,7.0,1.0,0.0,2.0
-0.8509803066577912,0.3193467227431594,-1.2170740485175422,1.656848164436246,1.0,0.0,1.0,0.0,0.0,9.0,1.0,1.0,2.0
-0.27019651466179856,-0.6428968754724697,0.40484376153436785,-0.5528882870619608,0.0,1.0,1.0,0.0,0.0,1.0,1.0,1.0,1.0
0.6977764719981892,-0.40492265225785173,1.3782703947592885,-0.05040656348744761,0.0,1.0,0.0,1.0,0.0,9.0,1.0,1.0,1.0
-0.1733992159957998,-0.06348137547166079,-1.2170740485175422,-1.5006815059628105,1.0,0.0,0.0,0.0,1.0,7.0,1.0,0.0,2.0
-0.5605884106597949,-0.20833525047186302,-1.2170740485175422,0.3046900121141002,1.0,0.0,1.0,0.0,0.0,8.0,0.0,0.0,2.0
1.4721548613261792,-0.8705243933299304,0.33262455823674947,-0.8319082460964731,0.0,1.0,1.0,0.0,0.0,9.0,0.0,0.0,1.0
-0.07660191732980101,-1.0464183844016044,1.0379413095160614,1.2454838350781603,0.0,1.0,1.0,0.0,0.0,9.0,1.0,1.0,3.0
0.020195381336197752,-0.6635902861867843,0.4202158495874201,-1.6135120398324436,1.0,0.0,0.0,1.0,0.0,6.0,1.0,0.0,2.0
-0.1733992159957998,-0.787750750472672,0.9256311553046858,0.19685352993692165,1.0,0.0,0.0,0.0,1.0,9.0,1.0,0.0,1.0
-0.94777760532379,-1.201618964758964,-1.2170740485175422,-0.8201792088811244,1.0,0.0,1.0,0.0,0.0,5.0,0.0,1.0,2.0
0.020195381336197752,2.057593222745586,-1.2170740485175422,-1.0918802180773164,0.0,1.0,0.0,0.0,1.0,8.0,1.0,1.0,2.0
-0.6573857093257937,-0.4773495897579529,-1.2170740485175422,-0.7677374042319691,0.0,1.0,1.0,0.0,0.0,9.0,1.0,1.0,2.0
1.2785602639941818,0.6504412941721931,0.4025951600276011,1.5119502138960965,0.0,1.0,1.0,0.0,0.0,4.0,1.0,1.0,1.0
0.6977764719981892,1.0539628031013277,0.6140490610717615,-0.1311322805293358,1.0,0.0,0.0,1.0,0.0,9.0,1.0,0.0,3.0
-0.94777760532379,-0.9222579201157168,0.716896538153038,-1.6188715693404212,1.0,0.0,0.0,0.0,1.0,9.0,1.0,1.0,1.0
-0.94777760532379,0.7332149370294515,0.5067334771216985,-1.3035045719231155,0.0,1.0,0.0,1.0,0.0,1.0,1.0,0.0,2.0
2.924114341316161,0.8366819906010244,0.9925198162828595,0.19262905171227934,1.0,0.0,0.0,0.0,1.0,9.0,0.0,1.0,1.0
0.11699268000219652,-0.09452149154313269,0.8647067217431591,-0.23935163594400394,1.0,0.0,0.0,1.0,0.0,6.0,0.0,1.0,2.0
-0.7541830079917924,-1.2636991969019078,1.4193107480535838,-0.6760810998430093,1.0,0.0,1.0,0.0,0.0,2.0,1.0,1.0,2.0
-0.8509803066577912,-0.24972207190049223,-0.28777662174337465,1.5377517995741639,1.0,0.0,0.0,1.0,0.0,6.0,1.0,0.0,1.0
0.40738457600019284,1.2712436156016311,0.5615932131534996,0.15561228958376302,1.0,0.0,0.0,0.0,1.0,1.0,0.0,0.0,1.0
-0.27019651466179856,0.2883066066716875,1.157776434068678,1.2636502221465509,0.0,1.0,1.0,0.0,0.0,6.0,0.0,1.0,1.0
1.3753575626601806,-0.5497765272580539,1.4799128734923575,0.6441206186007681,0.0,1.0,0.0,1.0,0.0,10.0,1.0,1.0,1.0
-1.5285613973197827,2.057593222745586,1.082563864410071,-0.6415036977369005,1.0,0.0,0.0,0.0,1.0,9.0,0.0,1.0,1.0
0.11699268000219652,1.4988711334590918,0.38636385156750935,1.3510241215557184,1.0,0.0,0.0,1.0,0.0,1.0,1.0,0.0,1.0
-0.1733992159957998,-0.7256705183297281,-1.2170740485175422,-0.44424326567176453,0.0,1.0,1.0,0.0,0.0,7.0,1.0,1.0,2.0
0.020195381336197752,0.54697424060062,0.7865493328822025,0.28967602341453697,1.0,0.0,0.0,1.0,0.0,1.0,1.0,0.0,1.0
0.020195381336197752,1.4988711334590918,0.17103501920217246,0.09083608703481369,0.0,1.0,0.0,1.0,0.0,5.0,0.0,0.0,2.0
1.568952159992178,-0.2393753665433349,-1.2170740485175422,-0.2429782335156467,1.0,0.0,0.0,0.0,1.0,7.0,1.0,0.0,3.0
1.0849656666621843,-0.053134670114503485,0.45682619427980814,1.4253142282867612,0.0,1.0,1.0,0.0,0.0,0.0,1.0,0.0,2.0
-0.94777760532379,-1.5947937683309414,0.1597171011520273,-0.6371190076759436,1.0,0.0,1.0,0.0,0.0,4.0,0.0,0.0,1.0
2.924114341316161,-1.8120745808312448,0.4757063771771677,0.5984311948964739,1.0,0.0,0.0,0.0,1.0,1.0,0.0,1.0,1.0
-0.6573857093257937,0.888415517386811,0.8494170995589211,1.5576559892970396,1.0,0.0,1.0,0.0,0.0,7.0,0.0,1.0,2.0
1.665749458658177,1.6954585352450806,-1.2170740485175422,-0.09759756001591796,1.0,0.0,1.0,0.0,0.0,3.0,1.0,1.0,3.0
0.9881683679961855,2.047246517388429,0.9198833003235621,1.2385185341684255,1.0,0.0,0.0,1.0,0.0,9.0,1.0,0.0,1.0
-0.07660191732980101,-0.40492265225785173,0.5610937561273684,1.6289810463538381,1.0,0.0,1.0,0.0,0.0,7.0,1.0,1.0,1.0
-0.8509803066577912,2.057593222745586,0.7366304758832856,-1.0358142512155937,0.0,1.0,1.0,0.0,0.0,9.0,0.0,0.0,1.0
-1.6253586959857813,-0.09452149154313269,0.5803365959448931,1.4470689429984676,0.0,1.0,0.0,1.0,0.0,10.0,1.0,1.0,2.0
-1.4317640986537838,-0.022094554043031577,0.40966134364448353,0.5780955987088211,0.0,1.0,0.0,1.0,0.0,7.0,0.0,0.0,1.0
-0.6573857093257937,2.057593222745586,-1.2170740485175422,1.404912181587195,0.0,1.0,1.0,0.0,0.0,4.0,1.0,1.0,1.0
-1.5285613973197827,-1.8638081076170314,0.46427400357420456,0.5545232363558018,0.0,1.0,0.0,1.0,0.0,6.0,1.0,0.0,2.0
0.8913710693301867,-1.884501518331346,-1.2170740485175422,1.0553979708490198,1.0,0.0,1.0,0.0,0.0,5.0,1.0,0.0,1.0
-0.1733992159957998,0.10206591024285605,0.9759904732793344,-0.3262664701674672,1.0,0.0,1.0,0.0,0.0,5.0,1.0,0.0,1.0
0.40738457600019284,-1.5223668308308405,0.4284735283693124,1.6496440243829065,1.0,0.0,0.0,1.0,0.0,7.0,1.0,0.0,1.0
1.2785602639941818,-0.7774040451155146,1.5193876612966328,0.8457459099458192,1.0,0.0,1.0,0.0,0.0,9.0,0.0,0.0,2.0
-0.8509803066577912,-0.653243580829627,0.5535869507825729,-1.636348923744706,1.0,0.0,0.0,1.0,0.0,0.0,1.0,0.0,1.0
-0.7541830079917924,-0.7463639290440427,-1.2170740485175422,-1.2822068349464777,0.0,1.0,1.0,0.0,0.0,6.0,1.0,0.0,2.0
-1.0445749039897887,0.09171920488569875,1.530020775056041,-1.0106703864420916,0.0,1.0,0.0,1.0,0.0,2.0,1.0,0.0,2.0
0.020195381336197752,0.2676131959573729,0.5707094693337079,0.8301020330168375,1.0,0.0,0.0,1.0,0.0,0.0,1.0,1.0,2.0
-0.94777760532379,0.18483955310011446,-1.2170740485175422,0.6660172799557238,0.0,1.0,1.0,0.0,0.0,7.0,1.0,1.0,2.0
-0.07660191732980101,-0.33249571475775064,0.3284531998939488,-0.015025666840691274,0.0,1.0,0.0,0.0,1.0,3.0,0.0,0.0,1.0
0.020195381336197752,1.1677765620300582,0.08570052771949585,0.17302319347613437,1.0,0.0,1.0,0.0,0.0,5.0,0.0,1.0,1.0
-0.7541830079917924,1.095349624529957,-0.5814697310265173,1.6118719530325913,0.0,1.0,1.0,0.0,0.0,10.0,0.0,0.0,2.0
0.31058727733419406,-0.7670573397583573,-1.2170740485175422,-0.4484675699421873,0.0,1.0,1.0,0.0,0.0,9.0,1.0,0.0,1.0
-0.6573857093257937,1.0436160977441706,0.6410200619872143,0.03163824840218461,0.0,1.0,0.0,1.0,0.0,9.0,0.0,1.0,2.0
-1.334966799987785,-0.7256705183297281,0.03496890769382652,0.8777868855749457,0.0,1.0,1.0,0.0,0.0,5.0,1.0,0.0,2.0
-0.27019651466179856,0.9711891602440694,-1.2170740485175422,-1.3960436939768912,1.0,0.0,1.0,0.0,0.0,9.0,1.0,0.0,1.0
1.8593440559901744,0.9918825709583841,0.6526919563397544,1.5801594029701982,0.0,1.0,0.0,1.0,0.0,7.0,1.0,1.0,1.0
0.6009791733321904,-1.5844470629737841,0.5383516628354872,1.1503896734458978,0.0,1.0,0.0,1.0,0.0,7.0,0.0,1.0,2.0
-0.27019651466179856,-0.1152149022574473,-1.2170740485175422,1.2726102560932206,0.0,1.0,0.0,0.0,1.0,4.0,0.0,0.0,1.0
0.11699268000219652,-0.7049771076154135,-1.2170740485175422,0.24762450430616378,1.0,0.0,0.0,0.0,1.0,4.0,1.0,0.0,2.0
2.6337224453181647,1.2402034995301592,1.0941094075484048,0.5387221048122399,1.0,0.0,1.0,0.0,0.0,7.0,1.0,1.0,1.0
0.8913710693301867,-0.1462550183289192,0.8856768437447136,0.559213390026496,1.0,0.0,1.0,0.0,0.0,7.0,1.0,1.0,2.0
-0.94777760532379,2.057593222745586,-1.2170740485175422,-0.0877364432113667,1.0,0.0,0.0,0.0,1.0,10.0,1.0,1.0,2.0
-0.5605884106597949,0.7228682316722942,-1.2170740485175422,0.30908548733667635,0.0,1.0,0.0,0.0,1.0,5.0,0.0,1.0,2.0
0.5041818746661916,-0.45665617904363826,-1.2170740485175422,-0.32561796883654415,0.0,1.0,1.0,0.0,0.0,0.0,1.0,1.0,2.0
-0.7541830079917924,0.3503868388146313,0.9565158288169173,0.45086478662661417,0.0,1.0,0.0,0.0,1.0,10.0,1.0,1.0,1.0
-0.4637911119937961,-0.1255616076146046,1.0237018813298011,-1.146508105405042,0.0,1.0,0.0,0.0,1.0,5.0,0.0,0.0,2.0
-0.1733992159957998,-0.35318912547206527,0.41790101818211245,0.41762213524801944,1.0,0.0,0.0,0.0,1.0,9.0,1.0,0.0,1.0
-0.4637911119937961,0.17449284774295717,0.07283954948465975,-0.7493551399769705,0.0,1.0,0.0,1.0,0.0,5.0,0.0,0.0,2.0
-0.36699381332779735,0.3710802495289459,-1.2170740485175422,-1.5573189124361435,0.0,1.0,1.0,0.0,0.0,8.0,1.0,0.0,2.0
-0.36699381332779735,-0.4359627683293237,1.1604576196943115,0.6982800472149276,1.0,0.0,1.0,0.0,0.0,2.0,1.0,0.0,1.0
-0.36699381332779735,2.0265531066741143,0.5792259591268879,1.456439508903555,1.0,0.0,0.0,1.0,0.0,5.0,1.0,1.0,1.0
0.40738457600019284,0.8780688120296537,2.0372488831175883,-0.4780898861010473,0.0,1.0,1.0,0.0,0.0,4.0,1.0,0.0,1.0
-0.07660191732980101,2.057593222745586,0.6376675752540412,1.0825019517697434,0.0,1.0,0.0,0.0,1.0,7.0,0.0,1.0,1.0
-0.94777760532379,0.25726649060021556,0.904209480426915,1.5553267422956825,0.0,1.0,1.0,0.0,0.0,7.0,0.0,0.0,1.0
-0.5605884106597949,-1.5844470629737841,1.9676494581124901,-0.5252433085180693,0.0,1.0,1.0,0.0,0.0,1.0,1.0,0.0,1.0
-0.8509803066577912,-0.30145559868627875,0.5171050470827431,1.6879809250844848,1.0,0.0,1.0,0.0,0.0,4.0,0.0,1.0,1.0
-0.1733992159957998,-0.46700288440079557,0.1071050021139074,1.264094153315144,0.0,1.0,1.0,0.0,0.0,6.0,0.0,0.0,1.0
0.40738457600019284,-0.24972207190049223,-0.07187068904852008,0.48490553996504676,0.0,1.0,1.0,0.0,0.0,8.0,0.0,1.0,1.0
0.11699268000219652,-0.2393753665433349,1.704891337774209,0.5088035446172849,0.0,1.0,0.0,1.0,0.0,5.0,1.0,1.0,2.0
-1.1413722026557875,-1.5947937683309414,1.1845678747980382,1.1770351110435757,0.0,1.0,0.0,0.0,1.0,7.0,0.0,0.0,1.0
0.11699268000219652,0.5262808298863054,1.1224633594763476,0.6171121385466427,0.0,1.0,1.0,0.0,0.0,7.0,0.0,1.0,1.0
3.2145062373141573,1.3540172584588896,1.1727802388752326,-1.6917576915645223,1.0,0.0,0.0,1.0,0.0,5.0,1.0,0.0,1.0
-0.27019651466179856,-0.38422924154353716,-0.5088828874911253,-0.4614937837736018,1.0,0.0,0.0,0.0,1.0,1.0,1.0,1.0,1.0
-1.0445749039897887,0.6504412941721931,0.7557469644866038,-0.5705945652193287,0.0,1.0,1.0,0.0,0.0,6.0,1.0,1.0,1.0
-0.36699381332779735,-0.1255616076146046,0.9776153563241159,-0.6993944443629428,1.0,0.0,0.0,0.0,1.0,5.0,1.0,0.0,2.0
-0.7541830079917924,0.4538538923862043,-1.2170740485175422,-1.4935676481494793,1.0,0.0,0.0,0.0,1.0,5.0,0.0,1.0,2.0
0.31058727733419406,1.4574843120304626,-1.2170740485175422,-0.12515312609090007,1.0,0.0,1.0,0.0,0.0,2.0,1.0,0.0,2.0
-1.5285613973197827,0.3503868388146313,-1.2170740485175422,0.2153612151843011,0.0,1.0,1.0,0.0,0.0,8.0,1.0,1.0,2.0
-1.4317640986537838,-0.16694842904323381,-1.2170740485175422,-0.5077709987861551,0.0,1.0,0.0,0.0,1.0,4.0,1.0,1.0,2.0
0.40738457600019284,-1.2636991969019078,0.7732929042822931,-0.3721698575619534,1.0,0.0,1.0,0.0,0.0,0.0,1.0,1.0,1.0
-0.7541830079917924,-0.22902866118617762,0.9189454721000503,0.5393175501061641,0.0,1.0,0.0,0.0,1.0,6.0,1.0,1.0,1.0
0.31058727733419406,1.3747106691732043,0.535961277905145,-1.625587245944932,1.0,0.0,0.0,0.0,1.0,2.0,1.0,0.0,2.0
-1.0445749039897887,0.5055874191719908,1.3533594330423786,-1.3422330435731669,0.0,1.0,0.0,0.0,1.0,8.0,0.0,0.0,1.0
-0.07660191732980101,1.4885244281019345,0.8068476715196751,0.47333340945583874,0.0,1.0,0.0,1.0,0.0,7.0,1.0,1.0,2.0
0.40738457600019284,-0.1462550183289192,1.551017903423991,0.08543359083457824,0.0,1.0,0.0,0.0,1.0,3.0,1.0,1.0,1.0
0.2137899786681953,0.11241261560001335,-1.2170740485175422,0.4643323223133269,1.0,0.0,1.0,0.0,0.0,4.0,1.0,0.0,2.0
0.6977764719981892,-0.49804300047226746,-1.2170740485175422,-0.700952030445852,0.0,1.0,1.0,0.0,0.0,2.0,1.0,1.0,2.0
-0.8509803066577912,0.3503868388146313,0.2383249176239332,-0.6397307563300422,0.0,1.0,0.0,1.0,0.0,3.0,0.0,1.0,1.0
-1.1413722026557875,0.6711347048865076,0.7529815447181658,-0.560955935861733,0.0,1.0,0.0,1.0,0.0,1.0,1.0,0.0,2.0
0.020195381336197752,-1.1602321433303349,-1.2170740485175422,-0.8987997319565878,0.0,1.0,0.0,0.0,1.0,2.0,1.0,1.0,2.0
-0.27019651466179856,-1.9155416344028178,0.7045599335323763,-0.33494365455295666,1.0,0.0,1.0,0.0,0.0,5.0,0.0,1.0,1.0
-1.1413722026557875,0.2779599013145302,-1.2170740485175422,-1.5070948501335382,0.0,1.0,0.0,0.0,1.0,2.0,1.0,1.0,2.0
-1.5285613973197827,-0.011747848685874276,-1.2170740485175422,1.4049193137102014,1.0,0.0,0.0,0.0,1.0,5.0,1.0,1.0,1.0
0.7945737706641879,-0.8187908665441438,0.380053846209694,1.6819835054529841,0.0,1.0,0.0,1.0,0.0,4.0,1.0,0.0,1.0
1.0849656666621843,1.2608969102444738,-1.2170740485175422,0.5134128095758335,1.0,0.0,1.0,0.0,0.0,4.0,1.0,0.0,2.0
0.6977764719981892,0.050332383457069536,1.0581403033057228,-0.8569600890877704,1.0,0.0,0.0,1.0,0.0,7.0,1.0,0.0,1.0
2.7305197439841633,-1.6258338844024134,-1.2170740485175422,-0.24298849681460707,0.0,1.0,0.0,0.0,1.0,5.0,1.0,1.0,2.0
-0.6573857093257937,1.395404079887519,-1.2170740485175422,0.5784624681581013,0.0,1.0,1.0,0.0,0.0,9.0,1.0,0.0,2.0
-0.8509803066577912,0.29865331202884476,1.0566329301051973,-1.4539045204771506,1.0,0.0,1.0,0.0,0.0,8.0,1.0,1.0,1.0
0.6009791733321904,-0.6118567594009978,0.14437635977425545,-0.5678678328260296,0.0,1.0,0.0,0.0,1.0,8.0,0.0,1.0,1.0
-0.27019651466179856,-0.6635902861867843,0.9530400451609754,-0.9597160643253192,1.0,0.0,1.0,0.0,0.0,1.0,1.0,0.0,2.0
-1.1413722026557875,0.4124670709575751,1.3607267054941319,0.7394624910418384,0.0,1.0,0.0,1.0,0.0,3.0,1.0,0.0,2.0
-0.36699381332779735,0.3607335441717886,0.4775711024758877,-1.1220435318593445,1.0,0.0,1.0,0.0,0.0,8.0,1.0,0.0,1.0
-0.6573857093257937,0.12275932095717065,0.8827940748842009,-0.9166942285796368,0.0,1.0,0.0,1.0,0.0,8.0,1.0,0.0,1.0
2.3433305493201684,0.6504412941721931,1.0026267881541033,1.1623420678793006,0.0,1.0,1.0,0.0,0.0,4.0,0.0,1.0,1.0
0.9881683679961855,0.8987622227439683,0.4992901688883679,0.4112378414319766,0.0,1.0,1.0,0.0,0.0,6.0,1.0,0.0,1.0
-1.5285613973197827,0.5883610620292492,-0.06877170850466446,0.06677891427157918,1.0,0.0,0.0,1.0,0.0,4.0,1.0,0.0,1.0
0.40738457600019284,0.8366819906010244,-1.2170740485175422,1.4488382313667132,1.0,0.0,1.0,0.0,0.0,9.0,1.0,0.0,2.0
0.11699268000219652,0.3193467227431594,-1.2170740485175422,0.09556798971822837,0.0,1.0,1.0,0.0,0.0,4.0,0.0,1.0,1.0
0.020195381336197752,1.5195645441734065,0.708540318284239,1.1200849348832793,1.0,0.0,0.0,1.0,0.0,6.0,1.0,1.0,1.0
-0.27019651466179856,1.2091633834586875,1.0549160968129276,0.45248638786236123,1.0,0.0,1.0,0.0,0.0,3.0,0.0,1.0,1.0
-1.4317640986537838,0.54697424060062,1.1652274584066928,1.4423655688070784,0.0,1.0,1.0,0.0,0.0,2.0,1.0,0.0,2.0
0.31058727733419406,1.5712980709591928,-1.2170740485175422,1.6805393375212985,0.0,1.0,1.0,0.0,0.0,5.0,1.0,0.0,1.0
-0.7541830079917924,0.07102579417138415,0.7758504714807963,0.03992351393076163,1.0,0.0,1.0,0.0,0.0,7.0,1.0,0.0,1.0
-0.5605884106597949,-0.7980974558298293,0.3947403262111046,0.054753459065915853,0.0,1.0,1.0,0.0,0.0,8.0,1.0,0.0,1.0
-0.1733992159957998,-0.4359627683293237,-1.2170740485175422,-1.3538504021794884,0.0,1.0,1.0,0.0,0.0,6.0,0.0,1.0,2.0
0.40738457600019284,-0.16694842904323381,0.052751635452017075,0.9290306675132461,0.0,1.0,0.0,1.0,0.0,5.0,0.0,0.0,2.0
-0.7541830079917924,0.784948463815238,0.34217532756199537,-0.40435051842947395,1.0,0.0,0.0,0.0,1.0,10.0,0.0,0.0,2.0
-0.27019651466179856,-0.22902866118617762,1.3832189898968572,0.8091137605969893,0.0,1.0,0.0,0.0,1.0,1.0,1.0,1.0,2.0
1.2785602639941818,0.9298023388154402,1.5355868193205395,-1.3572654714200145,0.0,1.0,1.0,0.0,0.0,1.0,0.0,0.0,2.0
-0.6573857093257937,0.7228682316722942,-1.2170740485175422,0.6307800694944132,1.0,0.0,0.0,0.0,1.0,10.0,1.0,0.0,1.0
-0.94777760532379,0.6297478834578785,0.035503408695399294,0.3946827923003728,1.0,0.0,0.0,0.0,1.0,7.0,1.0,0.0,1.0
0.40738457600019284,0.46420059774336164,-1.2170740485175422,-0.5819172453775326,1.0,0.0,0.0,0.0,1.0,4.0,1.0,1.0,2.0
-0.1733992159957998,1.436790901316148,-1.2170740485175422,0.8621122187490828,0.0,1.0,0.0,0.0,1.0,8.0,1.0,1.0,2.0
0.9881683679961855,-0.22902866118617762,-1.2170740485175422,1.678254448845957,1.0,0.0,1.0,0.0,0.0,4.0,1.0,1.0,2.0
-0.36699381332779735,0.6814814102436649,-1.2170740485175422,1.3031162596879955,0.0,1.0,0.0,0.0,1.0,1.0,0.0,0.0,3.0
-0.36699381332779735,0.9298023388154402,-1.2170740485175422,-1.1011500644892156,1.0,0.0,1.0,0.0,0.0,1.0,1.0,0.0,2.0
0.8913710693301867,0.13310602631432794,-1.2170740485175422,0.7012873677645518,0.0,1.0,1.0,0.0,0.0,10.0,1.0,0.0,1.0
0.020195381336197752,0.08137249952854145,0.4628201608499266,-1.3778218155124267,1.0,0.0,0.0,1.0,0.0,1.0,1.0,0.0,1.0
0.11699268000219652,-0.3945759469006945,0.7817169615714419,1.625617641516553,0.0,1.0,1.0,0.0,0.0,7.0,0.0,0.0,1.0
0.11699268000219652,-0.42561606297216636,-1.2170740485175422,-0.6545217357199906,0.0,1.0,1.0,0.0,0.0,0.0,1.0,0.0,2.0
-0.36699381332779735,2.057593222745586,-1.2170740485175422,-1.2964670800122184,1.0,0.0,1.0,0.0,0.0,9.0,0.0,0.0,2.0
-0.94777760532379,0.8677221066724964,-1.2170740485175422,-0.08407940365128176,0.0,1.0,0.0,0.0,1.0,10.0,1.0,1.0,2.0
-0.27019651466179856,0.050332383457069536,0.35485851388472944,-1.3634589374570816,0.0,1.0,1.0,0.0,0.0,8.0,0.0,1.0,2.0
0.11699268000219652,0.7332149370294515,-1.2170740485175422,0.20934344290909904,0.0,1.0,1.0,0.0,0.0,6.0,1.0,1.0,2.0
-0.6573857093257937,1.6230315977449794,-1.2170740485175422,-0.933403227195647,0.0,1.0,1.0,0.0,0.0,1.0,1.0,1.0,2.0
-0.36699381332779735,-0.42561606297216636,0.09958196079883835,-0.6651226798207909,1.0,0.0,1.0,0.0,0.0,7.0,1.0,1.0,1.0
-1.2381695013217864,-0.2186819558290203,-1.2170740485175422,1.439535333653077,1.0,0.0,1.0,0.0,0.0,5.0,1.0,0.0,2.0
0.11699268000219652,-0.8084441611869866,1.1581146566573421,0.18431786700497166,0.0,1.0,1.0,0.0,0.0,7.0,1.0,1.0,1.0
1.181762965328183,0.2779599013145302,1.1259055459264764,0.17151448852895207,1.0,0.0,0.0,1.0,0.0,1.0,0.0,0.0,1.0
0.11699268000219652,1.0746562138156424,0.9921563556017902,1.3378801407175884,0.0,1.0,0.0,1.0,0.0,2.0,0.0,0.0,2.0
-0.94777760532379,0.5366275352434627,0.7454630044641628,-0.29632425219863734,1.0,0.0,0.0,1.0,0.0,3.0,0.0,1.0,1.0
1.7625467573241755,-0.053134670114503485,0.23310352603533616,-1.4950916610679923,1.0,0.0,0.0,1.0,0.0,6.0,1.0,0.0,1.0
1.9561413546561732,-0.8705243933299304,-1.2170740485175422,-1.2875220061284398,0.0,1.0,1.0,0.0,0.0,3.0,1.0,0.0,2.0
-0.7541830079917924,1.2815903209587884,-1.2170740485175422,1.2075870385523428,0.0,1.0,1.0,0.0,0.0,9.0,1.0,0.0,2.0
0.8913710693301867,-1.8741548129741887,1.0427175783156797,0.29767669983973705,1.0,0.0,0.0,0.0,1.0,6.0,1.0,1.0,1.0
-0.5605884106597949,-0.1152149022574473,0.0959050761645605,-1.1295392191848477,0.0,1.0,0.0,1.0,0.0,8.0,0.0,0.0,2.0
0.2137899786681953,-0.011747848685874276,-1.2170740485175422,1.595873035541267,0.0,1.0,0.0,0.0,1.0,9.0,0.0,1.0,2.0
-0.36699381332779735,-0.6015100540438405,1.3812880346995964,-1.3890284682061116,0.0,1.0,0.0,0.0,1.0,4.0,1.0,1.0,1.0
0.020195381336197752,0.6297478834578785,1.4047546380709026,-1.324770475277554,1.0,0.0,0.0,0.0,1.0,5.0,1.0,1.0,2.0
3.8920873279761485,0.3090000173860021,-1.2170740485175422,1.2369936514788138,1.0,0.0,1.0,0.0,0.0,0.0,0.0,1.0,2.0
0.31058727733419406,-1.5844470629737841,1.2269972876876996,-0.8073827885738917,0.0,1.0,0.0,1.0,0.0,3.0,1.0,1.0,1.0
0.11699268000219652,0.12275932095717065,1.2941674257346716,-1.1524636020696029,0.0,1.0,1.0,0.0,0.0,6.0,0.0,1.0,1.0
-0.4637911119937961,1.674765124530766,-1.2170740485175422,-0.9861384926133825,0.0,1.0,1.0,0.0,0.0,0.0,1.0,0.0,2.0
-0.4637911119937961,1.095349624529957,0.8630271829568635,-0.9548912700886018,1.0,0.0,0.0,1.0,0.0,1.0,0.0,0.0,2.0
-1.1413722026557875,-0.1772951344003911,0.5034166773726906,1.2797288106704832,0.0,1.0,0.0,1.0,0.0,3.0,1.0,0.0,1.0
0.6977764719981892,-0.07382808082881809,-1.0167898520127148,0.9902978655430483,1.0,0.0,0.0,0.0,1.0,6.0,0.0,0.0,1.0
-0.4637911119937961,-1.02572497368729,-1.2170740485175422,0.7032620960662251,1.0,0.0,0.0,0.0,1.0,4.0,1.0,0.0,2.0
-0.36699381332779735,-1.2843926076162224,-1.2170740485175422,-0.03178424240930685,1.0,0.0,0.0,0.0,1.0,8.0,1.0,0.0,1.0
-1.6253586959857813,-1.2223123754732785,0.6435295642836211,-0.9742591589522405,1.0,0.0,0.0,1.0,0.0,10.0,0.0,0.0,1.0
0.6977764719981892,1.095349624529957,-1.2170740485175422,-1.0854506961641597,0.0,1.0,1.0,0.0,0.0,0.0,1.0,0.0,2.0
0.6009791733321904,0.6297478834578785,0.5993395935084785,1.7141446834479015,0.0,1.0,0.0,0.0,1.0,6.0,0.0,0.0,1.0
-0.7541830079917924,2.057593222745586,-1.2170740485175422,0.382841554613338,0.0,1.0,1.0,0.0,0.0,3.0,1.0,0.0,2.0
2.440127847986167,-0.4773495897579529,0.8655620840978564,-1.5004751962582843,1.0,0.0,1.0,0.0,0.0,2.0,1.0,1.0,1.0
0.40738457600019284,0.4745473031005189,0.4452507512358224,-0.5734472404676678,0.0,1.0,0.0,1.0,0.0,8.0,1.0,0.0,1.0
-0.27019651466179856,-0.6222034647581551,0.9565655012408227,0.3855555883486015,0.0,1.0,0.0,0.0,1.0,7.0,1.0,1.0,1.0
1.8593440559901744,0.784948463815238,0.5015826557405269,-1.2868731568890772,0.0,1.0,0.0,1.0,0.0,5.0,1.0,0.0,1.0
0.2137899786681953,-0.0014011433287169732,-0.596294136399161,0.08729211771751333,1.0,0.0,1.0,0.0,0.0,4.0,1.0,1.0,1.0
-0.8509803066577912,-0.1462550183289192,0.7470849939696873,0.047102778530688394,0.0,1.0,0.0,1.0,0.0,1.0,1.0,0.0,1.0
-0.27019651466179856,0.20553296381442906,0.6588278670856289,1.6237438066622871,0.0,1.0,0.0,1.0,0.0,2.0,0.0,0.0,1.0
-0.7541830079917924,-0.2186819558290203,-1.2170740485175422,-1.1373744651471431,0.0,1.0,1.0,0.0,0.0,0.0,1.0,1.0,2.0
-1.334966799987785,-1.1188453219017056,1.1390065271674323,1.0706671503888365,1.0,0.0,0.0,1.0,0.0,1.0,0.0,1.0,1.0
-0.4637911119937961,0.8159885798867099,-0.024334983131803583,-0.05189352415717139,1.0,0.0,1.0,0.0,0.0,5.0,1.0,0.0,2.0
-0.1733992159957998,-0.36353583082922253,-1.2170740485175422,-0.23686496037384694,1.0,0.0,1.0,0.0,0.0,6.0,1.0,0.0,2.0
-0.1733992159957998,-1.2430057861875932,1.0882294142745614,-0.26886766607464646,0.0,1.0,0.0,0.0,1.0,1.0,0.0,1.0,2.0
-0.1733992159957998,0.4538538923862043,-1.2170740485175422,-0.0028883590717813973,0.0,1.0,1.0,0.0,0.0,2.0,1.0,1.0,2.0
-0.36699381332779735,-1.781034464759773,0.8071331673929962,-1.382331578657325,0.0,1.0,0.0,0.0,1.0,4.0,1.0,1.0,1.0
1.4721548613261792,-1.0567650897587617,0.2759492870735908,-1.6915143296112063,0.0,1.0,0.0,1.0,0.0,5.0,1.0,0.0,1.0
0.020195381336197752,1.5299112495305638,1.4738467291930042,0.6902284022033647,1.0,0.0,0.0,1.0,0.0,7.0,0.0,1.0,2.0
-0.07660191732980101,0.08137249952854145,-1.2170740485175422,-1.1160490694495782,1.0,0.0,0.0,0.0,1.0,9.0,1.0,1.0,2.0
0.2137899786681953,1.1781232673872155,-1.2170740485175422,1.5891921497806891,0.0,1.0,1.0,0.0,0.0,2.0,0.0,1.0,2.0
0.31058727733419406,-1.615487179045256,-1.2170740485175422,0.5313577529225862,1.0,0.0,0.0,0.0,1.0,7.0,0.0,0.0,2.0
1.3753575626601806,-0.2186819558290203,1.0021688051906505,0.24792440138087188,0.0,1.0,1.0,0.0,0.0,5.0,0.0,1.0,1.0
-0.6573857093257937,0.17449284774295717,-1.2170740485175422,-1.0299196385279168,1.0,0.0,1.0,0.0,0.0,2.0,1.0,1.0,2.0
-0.5605884106597949,-2.0086619826172334,0.8379422873801937,-0.693129657095812,1.0,0.0,1.0,0.0,0.0,7.0,0.0,1.0,1.0
-0.5605884106597949,-0.40492265225785173,-0.10019088301846904,-1.5809832965713673,0.0,1.0,0.0,0.0,1.0,5.0,1.0,0.0,1.0
-0.6573857093257937,1.1367364459585863,0.4469584216537795,1.3527321780386405,1.0,0.0,0.0,0.0,1.0,4.0,1.0,1.0,2.0
-0.36699381332779735,0.443507187029047,-1.2170740485175422,0.5864299193273443,1.0,0.0,0.0,0.0,1.0,7.0,1.0,0.0,1.0
-0.5605884106597949,0.21587966917158638,-1.2170740485175422,1.441720546560549,0.0,1.0,0.0,0.0,1.0,2.0,1.0,1.0,2.0
0.9881683679961855,1.8920459370310694,0.8951221596392733,1.6439903382894705,1.0,0.0,1.0,0.0,0.0,2.0,0.0,0.0,1.0
0.31058727733419406,-0.6739369915439416,-1.2170740485175422,0.4096889530600507,0.0,1.0,0.0,0.0,1.0,6.0,1.0,1.0,2.0
0.40738457600019284,-1.0153782683301327,0.1525477146349916,1.0561699796759074,0.0,1.0,0.0,1.0,0.0,6.0,1.0,1.0,2.0
0.5041818746661916,1.1781232673872155,-1.2170740485175422,1.044443377819634,0.0,1.0,1.0,0.0,0.0,6.0,1.0,1.0,2.0
0.9881683679961855,1.2712436156016311,1.0779428822172257,-1.5941909446538958,0.0,1.0,1.0,0.0,0.0,1.0,1.0,1.0,1.0
-0.94777760532379,1.2919370263159458,1.6470642772347288,0.27762778020609713,1.0,0.0,1.0,0.0,0.0,7.0,1.0,1.0,2.0
-0.6573857093257937,0.9091089281011256,0.4246601651334299,-0.6241011436470731,0.0,1.0,0.0,1.0,0.0,3.0,1.0,0.0,1.0
2.052938653322172,0.4124670709575751,0.4076593359832544,1.3480949064507253,1.0,0.0,1.0,0.0,0.0,6.0,1.0,0.0,1.0
-0.1733992159957998,-2.319063143331953,-1.2170740485175422,0.376200504369065,0.0,1.0,1.0,0.0,0.0,5.0,1.0,1.0,2.0
0.2137899786681953,0.34004013345747397,0.9398514539814161,1.35071917980864,1.0,0.0,0.0,0.0,1.0,1.0,0.0,0.0,1.0
1.0849656666621843,0.8677221066724964,-1.2170740485175422,1.1623387627491268,0.0,1.0,0.0,0.0,1.0,9.0,0.0,0.0,1.0
-0.7541830079917924,0.15379943702864254,0.06234339658339873,-1.6666226984562231,1.0,0.0,1.0,0.0,0.0,2.0,0.0,0.0,1.0
-0.27019651466179856,-1.2947393129733797,-1.2170740485175422,1.0583031802716987,0.0,1.0,1.0,0.0,0.0,1.0,1.0,0.0,1.0
-0.4637911119937961,1.9334327584596984,-1.2170740485175422,-1.2591958228603277,1.0,0.0,1.0,0.0,0.0,8.0,1.0,0.0,2.0
1.0849656666621843,0.3193467227431594,0.8411809615692725,0.0417745607822511,1.0,0.0,0.0,0.0,1.0,10.0,1.0,1.0,1.0
0.020195381336197752,-0.24972207190049223,0.7856880226968109,-0.11700302299100507,1.0,0.0,0.0,1.0,0.0,5.0,1.0,0.0,1.0
0.6009791733321904,1.6540717138164513,-1.2170740485175422,0.8047904763755753,1.0,0.0,1.0,0.0,0.0,5.0,1.0,1.0,2.0
-1.0445749039897887,-1.3154327236876944,0.28720145748173803,-0.8382483555407203,0.0,1.0,1.0,0.0,0.0,1.0,1.0,1.0,1.0
-0.7541830079917924,1.2919370263159458,-1.2170740485175422,-0.12543406215566413,1.0,0.0,1.0,0.0,0.0,5.0,1.0,0.0,2.0
-0.07660191732980101,-0.9636447415443461,0.5994403851259181,0.9221956583140432,0.0,1.0,1.0,0.0,0.0,8.0,1.0,1.0,1.0
-0.4637911119937961,-2.1431691522602785,1.1028848691050537,0.22282437307072625,0.0,1.0,1.0,0.0,0.0,2.0,1.0,0.0,1.0
-0.27019651466179856,-0.6635902861867843,-0.07920147075520374,-1.20513520024294,1.0,0.0,1.0,0.0,0.0,1.0,1.0,0.0,1.0
-0.7541830079917924,-0.40492265225785173,0.6796370761540782,-0.795472317107429,1.0,0.0,1.0,0.0,0.0,8.0,1.0,1.0,1.0
0.40738457600019284,0.5883610620292492,0.6957939563544019,1.4201810132185722,1.0,0.0,0.0,1.0,0.0,0.0,1.0,0.0,1.0
-0.6573857093257937,0.2779599013145302,-1.2170740485175422,-0.16654762011158636,1.0,0.0,1.0,0.0,0.0,5.0,1.0,0.0,2.0
-0.94777760532379,2.057593222745586,-1.2170740485175422,-1.33286230371386,1.0,0.0,0.0,0.0,1.0,7.0,1.0,0.0,2.0
-0.4637911119937961,-0.9532980361871888,-0.10788946571510723,-0.5736909503294229,1.0,0.0,1.0,0.0,0.0,5.0,1.0,1.0,2.0
0.020195381336197752,0.2883066066716875,-1.2170740485175422,-1.5237107832420258,0.0,1.0,0.0,0.0,1.0,6.0,1.0,0.0,2.0
-0.94777760532379,1.095349624529957,0.8776311970894602,-0.38947151820437315,0.0,1.0,1.0,0.0,0.0,8.0,1.0,0.0,1.0
0.020195381336197752,-0.06348137547166079,-1.2170740485175422,-0.05208765706632117,0.0,1.0,1.0,0.0,0.0,8.0,0.0,0.0,2.0
1.7625467573241755,0.24691978524305827,-1.2170740485175422,-0.07645986092137505,1.0,0.0,1.0,0.0,0.0,8.0,0.0,1.0,2.0
-0.94777760532379,-0.6118567594009978,-1.2170740485175422,-0.15067951619345238,0.0,1.0,1.0,0.0,0.0,7.0,1.0,1.0,2.0
1.9561413546561732,-0.891217804044245,-0.10580081262835996,1.2324106536074353,0.0,1.0,0.0,1.0,0.0,9.0,1.0,1.0,1.0
1.4721548613261792,0.34004013345747397,-1.2170740485175422,-0.08645683597148715,0.0,1.0,1.0,0.0,0.0,6.0,1.0,1.0,2.0
-1.334966799987785,1.2195100888158448,-1.2170740485175422,1.531963646868924,1.0,0.0,1.0,0.0,0.0,10.0,0.0,0.0,2.0
-0.5605884106597949,1.2298567941730019,-1.2170740485175422,0.4570335511644881,1.0,0.0,1.0,0.0,0.0,6.0,1.0,1.0,2.0
0.5041818746661916,-0.44630947368648094,0.6187716386429509,-0.3831921187827902,0.0,1.0,0.0,1.0,0.0,7.0,1.0,1.0,1.0
1.665749458658177,0.7746017584580807,0.47843932500505915,-0.9361170869766907,1.0,0.0,0.0,0.0,1.0,2.0,1.0,1.0,1.0
0.2137899786681953,0.050332383457069536,0.4094041401550049,-1.124232745713869,1.0,0.0,0.0,0.0,1.0,6.0,1.0,1.0,2.0
-0.07660191732980101,-0.860177687972773,0.9201570612876759,0.4284072968674484,1.0,0.0,1.0,0.0,0.0,3.0,0.0,1.0,1.0
-1.0445749039897887,1.9644728745311704,-1.2170740485175422,1.3842913004792865,0.0,1.0,0.0,0.0,1.0,4.0,1.0,1.0,2.0
-0.4637911119937961,-0.9119112147585595,-1.2170740485175422,-1.1015087580901715,1.0,0.0,1.0,0.0,0.0,6.0,0.0,0.0,2.0
-0.4637911119937961,0.753908347743766,0.6835906152917266,0.9963843497350195,0.0,1.0,0.0,1.0,0.0,6.0,0.0,0.0,2.0
0.6977764719981892,0.3090000173860021,0.48640748910910697,-1.6366853512055441,0.0,1.0,1.0,0.0,0.0,0.0,1.0,0.0,1.0
1.568952159992178,-1.0050315629729754,0.5267217248021683,0.6983271888084577,1.0,0.0,0.0,1.0,0.0,0.0,0.0,1.0,1.0
-0.36699381332779735,-0.6015100540438405,0.6186071891618656,-0.49932847864299784,0.0,1.0,1.0,0.0,0.0,9.0,1.0,0.0,1.0
-0.94777760532379,1.395404079887519,0.08333779216427287,-0.6073284777866645,0.0,1.0,0.0,0.0,1.0,7.0,1.0,0.0,2.0
2.1497359519881707,-0.5394298219008967,0.7881158628853084,-0.1647186654459948,0.0,1.0,0.0,1.0,0.0,1.0,0.0,1.0,1.0
2.6337224453181647,-1.4499398933307392,-1.2170740485175422,-1.7085014810244659,1.0,0.0,0.0,0.0,1.0,4.0,1.0,0.0,1.0
1.568952159992178,-0.7256705183297281,-1.2170740485175422,-1.3466937516281186,1.0,0.0,1.0,0.0,0.0,6.0,1.0,1.0,1.0
-0.5605884106597949,-0.4773495897579529,-1.2170740485175422,-0.28107577321096144,1.0,0.0,1.0,0.0,0.0,4.0,0.0,1.0,2.0
2.052938653322172,-2.4535703129749975,-1.2170740485175422,-0.10461382951201545,0.0,1.0,0.0,0.0,1.0,3.0,1.0,1.0,2.0
-0.4637911119937961,-0.3945759469006945,0.6685493552270164,0.6880130952158899,0.0,1.0,0.0,0.0,1.0,8.0,1.0,0.0,1.0
0.5041818746661916,0.6711347048865076,1.2764317983654918,0.5916728995081441,1.0,0.0,1.0,0.0,0.0,6.0,0.0,0.0,1.0
-0.07660191732980101,0.3917736602432605,-1.2170740485175422,-0.2983122010210056,0.0,1.0,0.0,0.0,1.0,2.0,1.0,1.0,1.0
-0.94777760532379,-1.3982063665449527,0.4705436601346081,1.0005813431929542,1.0,0.0,1.0,0.0,0.0,2.0,1.0,0.0,1.0
-1.1413722026557875,1.9644728745311704,-1.2170740485175422,1.25358418727123,0.0,1.0,1.0,0.0,0.0,8.0,1.0,0.0,1.0
0.2137899786681953,0.3607335441717886,-1.2170740485175422,0.5780108830038427,1.0,0.0,1.0,0.0,0.0,10.0,1.0,0.0,1.0
2.052938653322172,0.9091089281011256,-1.2170740485175422,-0.8388250137789204,0.0,1.0,0.0,0.0,1.0,4.0,1.0,1.0,1.0
-0.7541830079917924,2.057593222745586,-0.12401982180557862,-0.8650538310204929,0.0,1.0,1.0,0.0,0.0,6.0,0.0,0.0,2.0
0.5041818746661916,-0.1772951344003911,1.1935835001129877,-0.7434313029803892,0.0,1.0,1.0,0.0,0.0,9.0,1.0,0.0,1.0
-0.27019651466179856,-0.46700288440079557,1.2851214182575272,1.609577844783607,0.0,1.0,1.0,0.0,0.0,1.0,1.0,1.0,1.0
-0.1733992159957998,0.919455633458283,-1.2170740485175422,1.6423403825159173,1.0,0.0,1.0,0.0,0.0,7.0,1.0,1.0,2.0
0.020195381336197752,-1.1602321433303349,-1.2170740485175422,-1.0988082927840421,0.0,1.0,1.0,0.0,0.0,3.0,1.0,0.0,2.0
-1.334966799987785,-2.0810889201173346,-0.02369486794736377,1.6630833794860334,0.0,1.0,0.0,0.0,1.0,9.0,0.0,1.0,2.0
-1.5285613973197827,-0.8291375719013011,1.2118476806530463,-1.4385133990293468,1.0,0.0,1.0,0.0,0.0,10.0,0.0,1.0,1.0
-0.5605884106597949,-1.067111795115919,0.07067678964250644,-0.30638593821846627,1.0,0.0,1.0,0.0,0.0,1.0,0.0,1.0,2.0
-0.5605884106597949,0.4124670709575751,-1.2170740485175422,1.1170678728973542,1.0,0.0,1.0,0.0,0.0,6.0,1.0,0.0,2.0
-1.1413722026557875,-0.18764183975754842,-1.2170740485175422,-0.9715305130625249,0.0,1.0,0.0,0.0,1.0,3.0,1.0,0.0,2.0
-0.36699381332779735,1.7989255888166535,0.6852182311235835,-1.2788481268731238,1.0,0.0,0.0,1.0,0.0,6.0,1.0,0.0,1.0
2.827317042650162,0.4331604816718897,0.353571049667708,-0.6660641200576353,0.0,1.0,1.0,0.0,0.0,4.0,1.0,1.0,1.0
-0.07660191732980101,-0.6118567594009978,-1.2170740485175422,1.4015058100576525,0.0,1.0,0.0,0.0,1.0,8.0,1.0,0.0,2.0
-1.0445749039897887,-0.2393753665433349,1.2510848767339158,0.18991136493840272,1.0,0.0,0.0,1.0,0.0,3.0,1.0,0.0,2.0
0.5041818746661916,-1.7603410540454583,1.4146725653773795,-0.0649714023918274,0.0,1.0,0.0,1.0,0.0,3.0,1.0,0.0,1.0
-0.5605884106597949,-0.03244125940018888,1.0119838511013355,-1.2312900869411534,0.0,1.0,0.0,1.0,0.0,5.0,1.0,0.0,1.0
0.020195381336197752,-1.2636991969019078,0.11341436446299893,0.4012558264447557,1.0,0.0,0.0,0.0,1.0,2.0,1.0,1.0,1.0
0.020195381336197752,0.19518625845727178,0.42144897956728905,-0.18531606273424855,1.0,0.0,1.0,0.0,0.0,8.0,0.0,0.0,1.0
-1.0445749039897887,-2.194902679046065,0.5668930518063877,0.6726508501685512,0.0,1.0,1.0,0.0,0.0,7.0,1.0,0.0,2.0
0.11699268000219652,0.21587966917158638,-1.2170740485175422,0.23158383780211897,1.0,0.0,1.0,0.0,0.0,3.0,1.0,0.0,1.0
-0.1733992159957998,-0.1979885451147057,1.0046349043982075,-0.6798232030165119,0.0,1.0,0.0,0.0,1.0,1.0,1.0,0.0,1.0
-0.27019651466179856,0.4848940084576762,-1.2170740485175422,-1.4025356654549088,0.0,1.0,1.0,0.0,0.0,6.0,0.0,1.0,2.0
-0.7541830079917924,0.8677221066724964,0.7048525025016584,-0.4684763061510838,0.0,1.0,1.0,0.0,0.0,3.0,0.0,0.0,1.0
-0.4637911119937961,-0.653243580829627,-1.2170740485175422,-0.36147306468611595,0.0,1.0,0.0,0.0,1.0,10.0,1.0,0.0,2.0
-0.36699381332779735,0.14345273167148526,0.5662228759641149,1.207751947152588,0.0,1.0,1.0,0.0,0.0,8.0,1.0,0.0,1.0
-0.07660191732980101,-1.3568195451163236,-1.2170740485175422,-0.756180059831433,1.0,0.0,1.0,0.0,0.0,4.0,1.0,0.0,2.0
3.6016954319781522,-0.7360172236868854,0.87808692952238,-0.838226437309042,0.0,1.0,0.0,1.0,0.0,2.0,1.0,1.0,2.0
-0.5605884106597949,-1.0050315629729754,0.6703808048242851,-1.515001243371678,0.0,1.0,1.0,0.0,0.0,3.0,1.0,1.0,1.0
0.11699268000219652,0.07102579417138415,1.0907826411641794,1.561222050800238,1.0,0.0,1.0,0.0,0.0,5.0,1.0,1.0,1.0
0.8913710693301867,-2.774318179046874,0.32306350077192414,0.6583004968170226,1.0,0.0,0.0,0.0,1.0,8.0,0.0,0.0,1.0
0.7945737706641879,1.2608969102444738,0.6810791839691487,0.7505915601535512,0.0,1.0,0.0,1.0,0.0,2.0,1.0,1.0,4.0
-0.8509803066577912,0.5676676513149347,0.3649744878781047,0.185466312763221,0.0,1.0,1.0,0.0,0.0,3.0,1.0,1.0,1.0
-1.7221559946517802,0.15379943702864254,0.7413284583707936,-0.0007024503474306219,1.0,0.0,0.0,1.0,0.0,1.0,1.0,1.0,2.0
-0.94777760532379,-0.6222034647581551,0.35092265748698276,1.6786143601264505,0.0,1.0,0.0,0.0,1.0,1.0,1.0,1.0,1.0
-0.27019651466179856,-1.8948482236885031,-0.22624631321194508,0.1379235808025815,0.0,1.0,1.0,0.0,0.0,3.0,0.0,0.0,1.0
-0.27019651466179856,-0.6428968754724697,1.0391721889653978,0.6344331081074457,1.0,0.0,0.0,1.0,0.0,9.0,1.0,0.0,2.0
0.8913710693301867,-0.46700288440079557,0.9113420546945193,-1.109250068773846,0.0,1.0,0.0,1.0,0.0,4.0,0.0,0.0,1.0
-1.334966799987785,0.34004013345747397,-1.2170740485175422,0.784877588941716,1.0,0.0,1.0,0.0,0.0,1.0,0.0,1.0,2.0
-0.4637911119937961,0.3917736602432605,1.4403567450845345,0.9678280250342862,0.0,1.0,1.0,0.0,0.0,1.0,1.0,0.0,1.0
-0.36699381332779735,0.019292267385597632,-1.2170740485175422,-0.9376591911340493,0.0,1.0,0.0,0.0,1.0,9.0,1.0,1.0,2.0
0.11699268000219652,1.2712436156016311,0.2782020681370617,1.5960348129655582,0.0,1.0,1.0,0.0,0.0,9.0,1.0,0.0,2.0
-0.6573857093257937,-0.053134670114503485,-1.2170740485175422,1.4513092510571,0.0,1.0,0.0,0.0,1.0,1.0,1.0,0.0,2.0
-1.334966799987785,1.436790901316148,1.2405980474591483,-0.7244132360525033,1.0,0.0,0.0,1.0,0.0,5.0,1.0,0.0,1.0
-0.6573857093257937,-0.06348137547166079,-1.2170740485175422,-0.038802425401820696,0.0,1.0,1.0,0.0,0.0,4.0,0.0,1.0,2.0
-0.27019651466179856,-1.098151911187391,-0.04018932772762825,-0.17867449062731627,0.0,1.0,0.0,0.0,1.0,8.0,1.0,0.0,2.0
2.3433305493201684,-1.4602865986878966,-1.2170740485175422,0.268466481227271,0.0,1.0,1.0,0.0,0.0,8.0,1.0,1.0,2.0
-1.2381695013217864,-0.860177687972773,0.5983048317198699,-1.3527195257974256,0.0,1.0,0.0,1.0,0.0,1.0,1.0,0.0,2.0
-1.5285613973197827,-0.33249571475775064,0.9165108803199544,0.7663490291879762,0.0,1.0,0.0,1.0,0.0,5.0,1.0,1.0,1.0
-0.36699381332779735,-0.0014011433287169732,-0.01748501119826408,0.5147757408869338,0.0,1.0,1.0,0.0,0.0,7.0,1.0,0.0,3.0
1.568952159992178,-2.2466362058318516,-1.2170740485175422,-0.4574411723179915,0.0,1.0,0.0,0.0,1.0,6.0,0.0,1.0,1.0
0.40738457600019284,1.126389740601429,1.60791244056193,0.9998644778537017,0.0,1.0,0.0,0.0,1.0,6.0,1.0,1.0,1.0
-0.5605884106597949,-0.7463639290440427,-1.2170740485175422,-0.08464005810127259,0.0,1.0,0.0,0.0,1.0,6.0,1.0,0.0,1.0
-0.36699381332779735,-1.884501518331346,-1.2170740485175422,1.5069946060861885,0.0,1.0,0.0,0.0,1.0,5.0,1.0,0.0,2.0
2.6337224453181647,-0.5601232326152112,-1.2170740485175422,-0.5101409510749149,1.0,0.0,0.0,0.0,1.0,3.0,1.0,1.0,1.0
-0.5605884106597949,1.0022292763155414,1.0759823486186744,-0.5344922804236083,0.0,1.0,1.0,0.0,0.0,1.0,0.0,0.0,1.0
-0.4637911119937961,0.9918825709583841,-1.2170740485175422,-0.8540959328609334,1.0,0.0,1.0,0.0,0.0,10.0,1.0,1.0,2.0
0.5041818746661916,-1.5534069469023122,1.0664278819932673,-0.43346245290782726,0.0,1.0,1.0,0.0,0.0,4.0,0.0,1.0,2.0
-0.6573857093257937,0.12275932095717065,0.5284834079529159,1.4350617529858694,0.0,1.0,0.0,1.0,0.0,3.0,1.0,1.0,1.0
1.665749458658177,-0.0014011433287169732,-1.2170740485175422,-0.2692023539932882,1.0,0.0,1.0,0.0,0.0,4.0,0.0,0.0,1.0
-0.36699381332779735,-1.5534069469023122,0.3866032115649054,-1.5006538472418833,0.0,1.0,1.0,0.0,0.0,6.0,1.0,1.0,1.0
0.5041818746661916,-0.8291375719013011,-1.2170740485175422,-1.068519731963853,0.0,1.0,1.0,0.0,0.0,9.0,0.0,0.0,2.0
0.7945737706641879,0.7435616423866088,0.23692942794133076,0.06124264727641861,1.0,0.0,0.0,1.0,0.0,10.0,0.0,0.0,2.0
-1.6253586959857813,-0.9119112147585595,0.9946033252998175,-1.6363323980938373,0.0,1.0,1.0,0.0,0.0,3.0,0.0,1.0,1.0
-0.1733992159957998,-0.36353583082922253,-1.2170740485175422,0.1992518367634874,0.0,1.0,1.0,0.0,0.0,9.0,1.0,0.0,1.0
0.020195381336197752,2.057593222745586,0.3400218913463357,0.3796115726625388,0.0,1.0,1.0,0.0,0.0,6.0,1.0,1.0,1.0
0.40738457600019284,0.12275932095717065,0.1915013438687107,0.8618151049418893,0.0,1.0,1.0,0.0,0.0,4.0,1.0,0.0,2.0
0.8913710693301867,-1.4499398933307392,1.1898053416047276,-0.20093141117120464,0.0,1.0,0.0,1.0,0.0,6.0,0.0,0.0,1.0
-1.2381695013217864,-0.9946848576158179,-1.2170740485175422,1.0273621171735339,1.0,0.0,0.0,0.0,1.0,9.0,0.0,1.0,2.0
-1.6253586959857813,0.8159885798867099,-0.15991031823178814,0.7990294605286037,1.0,0.0,1.0,0.0,0.0,9.0,1.0,1.0,1.0
0.020195381336197752,2.057593222745586,2.094661042278103,-0.9929976814491197,0.0,1.0,0.0,0.0,1.0,6.0,0.0,1.0,2.0
-0.27019651466179856,-1.6361805897595707,-1.2170740485175422,-0.5921777610704422,0.0,1.0,1.0,0.0,0.0,9.0,1.0,1.0,2.0
0.2137899786681953,0.46420059774336164,-1.2170740485175422,-1.2451966830783088,1.0,0.0,1.0,0.0,0.0,8.0,0.0,0.0,2.0
-1.7221559946517802,-0.653243580829627,-1.2170740485175422,0.17839872677232144,1.0,0.0,1.0,0.0,0.0,8.0,1.0,1.0,2.0
-0.1733992159957998,1.2091633834586875,0.5240024409096554,-1.0101598308073656,0.0,1.0,0.0,1.0,0.0,9.0,1.0,0.0,1.0
-0.27019651466179856,0.9608424548869121,-1.2170740485175422,1.4439791681487208,0.0,1.0,1.0,0.0,0.0,10.0,1.0,1.0,2.0
-0.4637911119937961,0.6607879995293504,0.42705939143372273,1.356736430221183,1.0,0.0,0.0,1.0,0.0,9.0,0.0,0.0,1.0
-0.7541830079917924,-1.274045902259065,0.42286697455522104,-0.3422996566400664,0.0,1.0,1.0,0.0,0.0,6.0,0.0,0.0,2.0
0.5041818746661916,-0.6842836969010989,1.4171375393196703,0.216999689979356,0.0,1.0,0.0,1.0,0.0,7.0,1.0,1.0,1.0
1.7625467573241755,-0.36353583082922253,0.6627106752636706,0.0786389390143379,1.0,0.0,0.0,1.0,0.0,7.0,1.0,1.0,1.0
-0.36699381332779735,0.7021748209579796,-1.2170740485175422,1.1359855682404914,1.0,0.0,0.0,0.0,1.0,8.0,1.0,1.0,1.0
-0.6573857093257937,-1.5947937683309414,0.5759112491562322,-1.5718625289257238,1.0,0.0,0.0,1.0,0.0,8.0,1.0,1.0,4.0
-0.27019651466179856,-0.9222579201157168,-1.2170740485175422,-1.1657258717771073,0.0,1.0,1.0,0.0,0.0,6.0,1.0,0.0,2.0
-0.36699381332779735,-1.2223123754732785,-1.2170740485175422,1.5315178022039142,1.0,0.0,1.0,0.0,0.0,8.0,1.0,1.0,2.0
1.2785602639941818,0.4848940084576762,0.3387079030194617,0.9309163312544494,0.0,1.0,0.0,1.0,0.0,8.0,1.0,1.0,1.0
-1.2381695013217864,-0.9429513308300315,0.6569178096718882,1.0038668165398277,1.0,0.0,0.0,0.0,1.0,3.0,1.0,0.0,1.0
-0.7541830079917924,1.1574298566729009,-1.2170740485175422,-0.8602726992929122,1.0,0.0,1.0,0.0,0.0,4.0,0.0,0.0,2.0
-0.6573857093257937,-0.48769629511511015,0.8381326179624081,-1.4622590197851557,1.0,0.0,1.0,0.0,0.0,7.0,1.0,0.0,1.0
-0.1733992159957998,-0.5290831165437394,1.0762721848008807,-0.19463392051077608,0.0,1.0,1.0,0.0,0.0,1.0,0.0,1.0,1.0
-0.94777760532379,-1.129192027258863,-1.2170740485175422,-1.5919653743674607,0.0,1.0,1.0,0.0,0.0,9.0,1.0,0.0,1.0
-0.5605884106597949,0.19518625845727178,0.1416271759760907,1.7075060685627035,1.0,0.0,0.0,1.0,0.0,9.0,0.0,1.0,2.0
-0.6573857093257937,0.2779599013145302,-1.2170740485175422,0.8411025499602158,1.0,0.0,1.0,0.0,0.0,9.0,1.0,1.0,1.0
1.181762965328183,0.49524071381483353,0.26580277016583975,-0.148081335968488,1.0,0.0,0.0,1.0,0.0,2.0,0.0,1.0,2.0
0.6977764719981892,-0.9843381522586606,0.9010764204207035,0.15033069156619694,0.0,1.0,0.0,0.0,1.0,3.0,1.0,1.0,1.0
-0.07660191732980101,0.11241261560001335,-1.2170740485175422,0.6332100359889585,0.0,1.0,0.0,0.0,1.0,4.0,1.0,0.0,2.0
0.11699268000219652,0.2779599013145302,0.8469579126951435,1.1967982238943005,1.0,0.0,0.0,0.0,1.0,3.0,1.0,0.0,1.0
0.020195381336197752,0.3710802495289459,-1.2170740485175422,1.5358750074981637,1.0,0.0,0.0,0.0,1.0,2.0,0.0,0.0,3.0
2.2465332506541693,1.1367364459585863,0.3720310263641318,-0.22505712189698845,0.0,1.0,0.0,1.0,0.0,5.0,0.0,0.0,1.0
0.31058727733419406,0.7021748209579796,0.988880547658918,0.8565277664350744,1.0,0.0,0.0,1.0,0.0,5.0,1.0,0.0,3.0
-0.4637911119937961,-0.8291375719013011,0.3795976315202312,1.4993715842718882,0.0,1.0,1.0,0.0,0.0,1.0,0.0,1.0,2.0
-0.94777760532379,0.07102579417138415,1.1220765897290441,-1.3855744332203797,0.0,1.0,1.0,0.0,0.0,3.0,1.0,0.0,1.0
-0.07660191732980101,0.34004013345747397,-1.2170740485175422,-0.9672383666464316,1.0,0.0,0.0,0.0,1.0,3.0,1.0,0.0,2.0
0.9881683679961855,0.13310602631432794,0.8312588547060917,0.15687293581369854,1.0,0.0,0.0,1.0,0.0,5.0,1.0,0.0,2.0
-0.1733992159957998,-1.4292464826164246,-1.2170740485175422,0.17888840790068736,1.0,0.0,1.0,0.0,0.0,6.0,1.0,0.0,2.0
-1.6253586959857813,0.6090544727435638,-1.2170740485175422,0.129321370685769,0.0,1.0,0.0,0.0,1.0,8.0,1.0,0.0,3.0
-0.1733992159957998,-0.7567106344012,0.9635434319103783,1.7320534443169635,0.0,1.0,0.0,1.0,0.0,1.0,1.0,0.0,1.0
-0.07660191732980101,-0.38422924154353716,-0.05010966631681889,-0.41429304580883003,1.0,0.0,1.0,0.0,0.0,4.0,1.0,1.0,1.0
0.7945737706641879,-0.8291375719013011,-1.2170740485175422,0.2175869594249558,1.0,0.0,1.0,0.0,0.0,7.0,0.0,0.0,2.0
1.3753575626601806,-1.925888339759975,0.6707701466064834,-0.43418784200384364,0.0,1.0,0.0,1.0,0.0,1.0,0.0,0.0,1.0
-0.6573857093257937,1.2712436156016311,-1.2170740485175422,0.2616347771582415,1.0,0.0,1.0,0.0,0.0,4.0,0.0,0.0,2.0
2.7305197439841633,0.5883610620292492,-1.2170740485175422,-1.67033644709192,1.0,0.0,1.0,0.0,0.0,1.0,0.0,1.0,2.0
-1.2381695013217864,-1.9155416344028178,1.3037726900492508,0.6543705230862782,0.0,1.0,1.0,0.0,0.0,3.0,1.0,1.0,1.0
-0.27019651466179856,0.5366275352434627,-1.2170740485175422,0.15538040860894525,0.0,1.0,1.0,0.0,0.0,2.0,1.0,0.0,2.0
-0.1733992159957998,0.8987622227439683,0.39954536965110826,0.5034438411550878,1.0,0.0,0.0,0.0,1.0,8.0,1.0,1.0,1.0
0.31058727733419406,0.16414614238579986,-1.2170740485175422,0.14769145814539084,0.0,1.0,1.0,0.0,0.0,7.0,0.0,1.0,1.0
1.181762965328183,0.8470286959581818,1.0584849559816243,0.5276177371997197,0.0,1.0,1.0,0.0,0.0,10.0,1.0,0.0,1.0
-0.27019651466179856,0.5780143566720919,-1.2170740485175422,-0.018228859841661664,1.0,0.0,1.0,0.0,0.0,6.0,0.0,0.0,1.0
-0.94777760532379,0.3710802495289459,0.2878407689052734,0.2294843843249433,1.0,0.0,0.0,0.0,1.0,7.0,0.0,1.0,1.0
-0.8509803066577912,0.3193467227431594,-1.2170740485175422,-1.7013639654372597,0.0,1.0,1.0,0.0,0.0,9.0,1.0,1.0,2.0
0.2137899786681953,-0.5601232326152112,1.1268459461848825,-0.8269684681205549,1.0,0.0,1.0,0.0,0.0,4.0,1.0,1.0,2.0
0.020195381336197752,-1.7603410540454583,0.5710221323256053,0.41986388327688356,0.0,1.0,0.0,0.0,1.0,1.0,1.0,1.0,1.0
0.2137899786681953,-1.0153782683301327,0.5530090466921505,-0.31241971428187776,0.0,1.0,0.0,1.0,0.0,9.0,0.0,0.0,2.0
-0.7541830079917924,1.2919370263159458,-1.2170740485175422,0.21728306140319542,1.0,0.0,1.0,0.0,0.0,2.0,1.0,1.0,2.0
-0.7541830079917924,-2.288023027260481,-1.2170740485175422,-0.07312220130860096,0.0,1.0,1.0,0.0,0.0,5.0,1.0,0.0,1.0
-1.4317640986537838,0.9815358656012267,0.9931454637710164,1.2226093770544497,0.0,1.0,1.0,0.0,0.0,3.0,0.0,1.0,2.0
0.40738457600019284,0.3503868388146313,0.3485264854781273,-0.972436466638557,0.0,1.0,0.0,0.0,1.0,4.0,1.0,0.0,2.0
0.7945737706641879,0.8573754013153391,0.2541627047451225,0.6780251657852007,1.0,0.0,0.0,1.0,0.0,10.0,1.0,1.0,2.0
-1.0445749039897887,1.1470831513157436,-1.2170740485175422,1.1837728798339844,0.0,1.0,1.0,0.0,0.0,2.0,1.0,0.0,2.0
-0.07660191732980101,0.443507187029047,1.932485400791877,-0.24937818321145983,1.0,0.0,1.0,0.0,0.0,5.0,1.0,1.0,1.0
-0.07660191732980101,-1.1602321433303349,-1.2170740485175422,0.9223292551547482,0.0,1.0,0.0,0.0,1.0,6.0,1.0,1.0,1.0
0.6977764719981892,-1.439593187973582,-1.2170740485175422,-0.7558406751488603,1.0,0.0,0.0,0.0,1.0,3.0,1.0,1.0,2.0
0.9881683679961855,0.2676131959573729,-1.2170740485175422,1.5299798729478276,1.0,0.0,1.0,0.0,0.0,3.0,1.0,1.0,2.0
-0.07660191732980101,-0.8291375719013011,0.5060899861414592,-1.0593072904444443,1.0,0.0,1.0,0.0,0.0,6.0,0.0,0.0,2.0
-0.7541830079917924,0.6711347048865076,0.5444168426217549,-0.8411587835899891,0.0,1.0,1.0,0.0,0.0,8.0,1.0,1.0,2.0
1.0849656666621843,0.09171920488569875,-1.2170740485175422,1.6002128454135491,0.0,1.0,1.0,0.0,0.0,1.0,1.0,1.0,3.0
2.1497359519881707,1.3850573745303616,0.8703849710299426,1.2238745460940967,1.0,0.0,0.0,0.0,1.0,4.0,1.0,0.0,2.0
-1.4317640986537838,-0.1566017236860765,-1.2170740485175422,-1.0616073131368973,1.0,0.0,1.0,0.0,0.0,9.0,0.0,1.0,2.0
0.31058727733419406,-1.2430057861875932,0.20275849759446657,-0.42810031408655475,1.0,0.0,0.0,1.0,0.0,6.0,1.0,0.0,2.0
-0.07660191732980101,1.022922687029856,0.3463600283358128,1.392057312662154,1.0,0.0,0.0,0.0,1.0,7.0,0.0,1.0,2.0
-0.27019651466179856,-0.6325501701153124,0.2673226820364776,1.301332185211078,0.0,1.0,0.0,1.0,0.0,6.0,1.0,1.0,2.0
1.3753575626601806,1.4264441959589906,1.3271786898483489,-1.649473943572892,1.0,0.0,1.0,0.0,0.0,1.0,1.0,1.0,1.0
-0.07660191732980101,0.7952951691723953,0.6466021814698051,0.6819067802428769,0.0,1.0,1.0,0.0,0.0,1.0,1.0,1.0,1.0
0.2137899786681953,2.047246517388429,-1.2170740485175422,1.2062823819048312,1.0,0.0,1.0,0.0,0.0,6.0,1.0,1.0,2.0
0.5041818746661916,0.29865331202884476,-1.2170740485175422,-0.2248116724930366,0.0,1.0,1.0,0.0,0.0,3.0,1.0,0.0,2.0
1.0849656666621843,0.5573209459577774,0.0217771014706485,0.7880225072790977,1.0,0.0,1.0,0.0,0.0,4.0,0.0,1.0,2.0
-0.5605884106597949,-0.8187908665441438,-0.12084512698450764,-1.389205031739075,0.0,1.0,1.0,0.0,0.0,9.0,1.0,0.0,1.0
0.2137899786681953,-0.22902866118617762,1.1965959959835066,-1.616424729286568,0.0,1.0,0.0,0.0,1.0,10.0,0.0,0.0,1.0
-0.36699381332779735,-0.2704154826148068,0.16776515908999465,1.1060376097824123,1.0,0.0,0.0,1.0,0.0,5.0,1.0,0.0,2.0
-0.1733992159957998,-0.46700288440079557,1.2699644166225514,-0.18716623981463965,0.0,1.0,0.0,0.0,1.0,8.0,1.0,0.0,2.0
-0.36699381332779735,-0.6015100540438405,0.9287926684469205,-0.37847917710931955,1.0,0.0,1.0,0.0,0.0,6.0,1.0,1.0,2.0
-0.94777760532379,-0.5290831165437394,-0.02059395837733691,-0.06623465793505785,1.0,0.0,0.0,1.0,0.0,6.0,1.0,1.0,2.0
-0.27019651466179856,0.15379943702864254,-1.2170740485175422,1.3365629593662607,1.0,0.0,0.0,0.0,1.0,6.0,1.0,0.0,2.0
0.9881683679961855,0.9815358656012267,-1.2170740485175422,-1.5614555437798536,0.0,1.0,0.0,0.0,1.0,7.0,0.0,1.0,2.0
0.020195381336197752,0.4538538923862043,-0.16380646884084676,-1.7154446897483029,0.0,1.0,0.0,0.0,1.0,4.0,1.0,1.0,1.0
0.020195381336197752,-0.6842836969010989,-1.2170740485175422,-1.695313141860321,1.0,0.0,1.0,0.0,0.0,7.0,1.0,0.0,2.0
-0.5605884106597949,-0.26006877725764954,-1.2170740485175422,0.6722563219983438,0.0,1.0,1.0,0.0,0.0,8.0,1.0,0.0,2.0
-0.36699381332779735,0.8159885798867099,1.2821489496800589,-0.8026319248805331,1.0,0.0,1.0,0.0,0.0,0.0,1.0,1.0,1.0
0.6009791733321904,-1.02572497368729,-1.2170740485175422,-1.271712002919675,0.0,1.0,0.0,0.0,1.0,9.0,1.0,0.0,2.0
-0.4637911119937961,-0.20833525047186302,0.7823477531293883,0.12236320189904062,1.0,0.0,1.0,0.0,0.0,4.0,1.0,0.0,1.0
-1.2381695013217864,-0.7774040451155146,-1.2170740485175422,-1.1438817445964915,0.0,1.0,0.0,0.0,1.0,8.0,0.0,1.0,2.0
0.020195381336197752,-0.2704154826148068,-1.2170740485175422,-1.1697287323258923,1.0,0.0,1.0,0.0,0.0,5.0,1.0,0.0,2.0
1.9561413546561732,1.6023381870306648,0.9578439633357125,1.4431904597167453,1.0,0.0,0.0,1.0,0.0,0.0,1.0,0.0,1.0
-0.6573857093257937,-1.8431146969027168,1.1395890930711012,-0.4681410963697831,1.0,0.0,0.0,1.0,0.0,5.0,1.0,1.0,2.0
2.2465332506541693,-0.09452149154313269,-1.2170740485175422,-0.6738628356338004,0.0,1.0,1.0,0.0,0.0,7.0,1.0,1.0,2.0
0.11699268000219652,-0.6118567594009978,2.0031530240392157,0.23285579105633283,1.0,0.0,0.0,0.0,1.0,2.0,1.0,1.0,1.0
-1.6253586959857813,-1.1498854379731775,-1.2170740485175422,1.5025220691442995,0.0,1.0,1.0,0.0,0.0,4.0,1.0,1.0,3.0
2.1497359519881707,-0.37388253618637984,0.4590519689768837,-0.6438576462374508,1.0,0.0,1.0,0.0,0.0,1.0,1.0,0.0,1.0
0.2137899786681953,-0.6015100540438405,-1.2170740485175422,-0.012562996952848317,0.0,1.0,1.0,0.0,0.0,6.0,1.0,1.0,2.0
0.40738457600019284,-0.8498309826156157,-1.2170740485175422,-0.3854042945943108,1.0,0.0,1.0,0.0,0.0,7.0,1.0,1.0,2.0
-1.0445749039897887,0.8056418745295526,-1.2170740485175422,-1.1949547034910777,1.0,0.0,0.0,0.0,1.0,0.0,1.0,1.0,2.0
-1.0445749039897887,-0.0014011433287169732,-1.2170740485175422,-1.7227509409285873,0.0,1.0,1.0,0.0,0.0,7.0,1.0,0.0,2.0
-0.4637911119937961,-0.44630947368648094,0.49153741270675816,-1.0997288585145264,0.0,1.0,0.0,1.0,0.0,3.0,1.0,1.0,1.0
0.2137899786681953,0.4848940084576762,0.23942574855890167,-1.4873379996347214,0.0,1.0,1.0,0.0,0.0,3.0,1.0,1.0,1.0
-0.6573857093257937,-1.5327135361879978,-1.2170740485175422,0.9250585968613423,0.0,1.0,1.0,0.0,0.0,4.0,1.0,1.0,2.0
-0.7541830079917924,0.4331604816718897,-1.2170740485175422,0.13743459549109416,0.0,1.0,1.0,0.0,0.0,2.0,1.0,1.0,2.0
-0.94777760532379,-0.2186819558290203,0.8944764181285013,-1.5748837658129213,0.0,1.0,0.0,1.0,0.0,6.0,0.0,1.0,1.0
-0.27019651466179856,0.16414614238579986,0.6217961909270386,-0.8079504011926689,1.0,0.0,0.0,1.0,0.0,1.0,1.0,1.0,1.0
-0.07660191732980101,1.0022292763155414,0.6351344423870385,-0.50276146516815,0.0,1.0,1.0,0.0,0.0,4.0,0.0,1.0,1.0
-0.07660191732980101,0.3090000173860021,-1.2170740485175422,0.21976103926236926,0.0,1.0,1.0,0.0,0.0,3.0,1.0,1.0,2.0
-1.0445749039897887,0.17449284774295717,0.7844675921392349,0.25048518144860743,1.0,0.0,0.0,1.0,0.0,1.0,0.0,0.0,1.0
-0.8509803066577912,-0.49804300047226746,0.865446342527591,-1.4016507603394568,0.0,1.0,0.0,0.0,1.0,6.0,1.0,1.0,2.0
-0.36699381332779735,1.3436705531017323,-1.2170740485175422,-1.004425429956003,0.0,1.0,0.0,0.0,1.0,1.0,0.0,0.0,2.0
0.6977764719981892,0.008945562028440329,0.7290529395788835,0.8980068022065192,0.0,1.0,0.0,1.0,0.0,10.0,1.0,0.0,3.0
0.8913710693301867,0.20553296381442906,0.7082511251107567,-0.588418262474973,1.0,0.0,1.0,0.0,0.0,6.0,0.0,1.0,1.0
-0.1733992159957998,1.3229771423874177,0.7134394017500834,0.6274011827315781,0.0,1.0,0.0,1.0,0.0,7.0,1.0,0.0,2.0
-0.7541830079917924,-2.5466906611894133,0.925747218379313,-0.46808560497370894,0.0,1.0,0.0,1.0,0.0,5.0,1.0,1.0,2.0
-0.07660191732980101,1.1367364459585863,0.7204740779395048,0.165881502987656,1.0,0.0,0.0,1.0,0.0,1.0,1.0,0.0,2.0
0.31058727733419406,-0.9739914469015034,-1.2170740485175422,-0.22990331250272503,0.0,1.0,0.0,0.0,1.0,4.0,0.0,1.0,2.0
0.6977764719981892,-0.6428968754724697,-1.2170740485175422,1.191772164625427,1.0,0.0,0.0,0.0,1.0,10.0,0.0,1.0,2.0
-1.1413722026557875,-0.311802304043436,-0.022710582343565308,-0.822398690769871,0.0,1.0,0.0,1.0,0.0,1.0,1.0,1.0,1.0
-0.4637911119937961,-0.891217804044245,-1.2170740485175422,-0.6381519478323335,0.0,1.0,1.0,0.0,0.0,6.0,1.0,1.0,1.0
1.0849656666621843,-0.5187364111865821,0.6416241686831272,1.4959457298697425,0.0,1.0,1.0,0.0,0.0,2.0,1.0,0.0,1.0
-0.27019651466179856,-0.6015100540438405,-0.08889145146913029,-0.33487181146023387,0.0,1.0,1.0,0.0,0.0,2.0,1.0,0.0,2.0
-1.334966799987785,-0.9636447415443461,0.5731120714298003,1.6944125344482779,0.0,1.0,0.0,1.0,0.0,10.0,1.0,0.0,2.0
2.052938653322172,-2.2052493844032224,0.04308110575198246,-0.8773223002710328,0.0,1.0,1.0,0.0,0.0,7.0,0.0,1.0,1.0
-1.2381695013217864,-0.44630947368648094,0.49733156431598796,-1.6142097702075329,0.0,1.0,0.0,1.0,0.0,1.0,0.0,1.0,1.0
0.5041818746661916,0.07102579417138415,1.4899338429468068,-1.4904390815087467,0.0,1.0,1.0,0.0,0.0,2.0,1.0,1.0,1.0
0.020195381336197752,1.1160430352442716,-1.2170740485175422,0.7069321821927852,1.0,0.0,1.0,0.0,0.0,6.0,1.0,1.0,2.0
0.5041818746661916,-1.0153782683301327,-1.2170740485175422,-1.5493996465857482,0.0,1.0,0.0,0.0,1.0,4.0,1.0,0.0,1.0
0.9881683679961855,1.4160974906018333,0.992560968841176,1.4667749988651415,1.0,0.0,0.0,1.0,0.0,4.0,1.0,0.0,1.0
-0.27019651466179856,0.7642550531009233,0.688164979352104,0.5447412687211991,1.0,0.0,0.0,0.0,1.0,4.0,0.0,0.0,1.0
-0.27019651466179856,-0.6325501701153124,-1.2170740485175422,-0.8868508166075786,0.0,1.0,1.0,0.0,0.0,1.0,1.0,0.0,2.0
-0.94777760532379,-1.067111795115919,-1.2170740485175422,-0.8903935682453413,1.0,0.0,1.0,0.0,0.0,4.0,0.0,1.0,2.0
-0.36699381332779735,-2.153515857617436,0.5240006726356652,0.5074679241186725,1.0,0.0,1.0,0.0,0.0,9.0,1.0,0.0,1.0
-0.27019651466179856,-1.2119656701161212,0.7125623378509613,-1.106048789269292,0.0,1.0,1.0,0.0,0.0,4.0,1.0,0.0,1.0
-0.5605884106597949,1.747192062030867,0.907270201951711,-1.3358070007444034,0.0,1.0,1.0,0.0,0.0,2.0,1.0,0.0,2.0
0.6977764719981892,1.2712436156016311,-1.2170740485175422,-1.1321711465284277,0.0,1.0,0.0,0.0,1.0,9.0,1.0,1.0,2.0
0.2137899786681953,-2.1121290361888065,-1.2170740485175422,1.6983445956296581,0.0,1.0,1.0,0.0,0.0,3.0,1.0,1.0,4.0
-0.27019651466179856,-0.6946304022582562,0.5455226568743323,-0.5152158914795153,1.0,0.0,0.0,1.0,0.0,4.0,1.0,1.0,1.0
1.665749458658177,0.16414614238579986,0.9926903743468202,0.5390510522416323,1.0,0.0,0.0,1.0,0.0,8.0,1.0,0.0,1.0
1.181762965328183,1.0539628031013277,0.06591675681316163,-0.5496678725932432,0.0,1.0,0.0,0.0,1.0,4.0,0.0,1.0,2.0
-1.9157505919837776,-1.6568740004738853,0.8061561156373394,0.5189368997756171,0.0,1.0,0.0,1.0,0.0,2.0,0.0,0.0,1.0
-0.4637911119937961,1.0022292763155414,0.13339650356059374,0.646107871606258,0.0,1.0,1.0,0.0,0.0,5.0,1.0,1.0,1.0
2.1497359519881707,-0.4359627683293237,-1.2170740485175422,-1.3465942498144687,0.0,1.0,0.0,0.0,1.0,1.0,1.0,0.0,1.0
0.8913710693301867,-0.6946304022582562,2.2092976020518136,-0.42962241350865155,1.0,0.0,0.0,0.0,1.0,2.0,1.0,0.0,1.0
0.40738457600019284,0.16414614238579986,1.8408738581484743,-0.04089057185471802,0.0,1.0,1.0,0.0,0.0,8.0,1.0,0.0,1.0
-0.94777760532379,-1.4292464826164246,-1.2170740485175422,-1.293243882275986,0.0,1.0,1.0,0.0,0.0,10.0,0.0,1.0,2.0
-1.334966799987785,-1.305086018330537,-1.2170740485175422,-0.530503684120836,1.0,0.0,0.0,0.0,1.0,10.0,1.0,0.0,2.0
-0.94777760532379,1.3436705531017323,0.37051272201530333,0.21472819577892852,1.0,0.0,0.0,0.0,1.0,6.0,0.0,0.0,1.0
-0.07660191732980101,0.6194011781007212,0.8569837047150204,-1.4870273173983939,1.0,0.0,1.0,0.0,0.0,2.0,1.0,1.0,2.0
0.2137899786681953,1.4160974906018333,-1.2170740485175422,-1.2922593013926642,1.0,0.0,1.0,0.0,0.0,6.0,1.0,1.0,1.0
-0.27019651466179856,-0.45665617904363826,1.0884617011759965,-0.03443721821346662,0.0,1.0,0.0,1.0,0.0,8.0,1.0,0.0,1.0
0.020195381336197752,-0.37388253618637984,0.9322965837345242,0.1442786503097202,0.0,1.0,1.0,0.0,0.0,4.0,1.0,1.0,1.0
-0.36699381332779735,-1.3464728397591663,0.3329602087905189,-1.554633233238686,0.0,1.0,1.0,0.0,0.0,6.0,1.0,0.0,1.0
-0.27019651466179856,-0.7774040451155146,-1.2170740485175422,-0.896641655907384,0.0,1.0,1.0,0.0,0.0,6.0,1.0,1.0,2.0
-1.2381695013217864,0.8780688120296537,0.14269489196178883,1.5339121080834277,1.0,0.0,0.0,1.0,0.0,0.0,0.0,1.0,1.0
0.020195381336197752,-3.115759455833065,0.546911073460974,0.4130267866270444,0.0,1.0,0.0,1.0,0.0,0.0,0.0,0.0,2.0
-0.7541830079917924,1.6851118298879233,-1.2170740485175422,0.7335732709349714,1.0,0.0,1.0,0.0,0.0,4.0,1.0,1.0,2.0
-0.5605884106597949,-0.4773495897579529,0.8430104821403703,0.8343560834588234,0.0,1.0,1.0,0.0,0.0,9.0,0.0,0.0,1.0
-0.1733992159957998,0.008945562028440329,-1.2170740485175422,-0.540454213394297,0.0,1.0,0.0,0.0,1.0,7.0,1.0,0.0,2.0
1.7625467573241755,-1.8224212861884022,-1.2170740485175422,-0.18456023164979,1.0,0.0,1.0,0.0,0.0,1.0,1.0,0.0,2.0
0.31058727733419406,0.5883610620292492,1.6234549259267614,0.08603860361058425,0.0,1.0,0.0,1.0,0.0,9.0,1.0,1.0,2.0
-0.36699381332779735,-0.1566017236860765,-1.2170740485175422,-1.3347373562476637,1.0,0.0,1.0,0.0,0.0,2.0,1.0,1.0,2.0
-0.8509803066577912,1.2505502048873165,0.38699608989508405,1.693954686942111,0.0,1.0,0.0,1.0,0.0,6.0,0.0,0.0,2.0
-0.36699381332779735,-0.03244125940018888,-1.2170740485175422,-0.37265049307089676,0.0,1.0,0.0,0.0,1.0,7.0,1.0,1.0,2.0
-0.27019651466179856,0.008945562028440329,-1.2170740485175422,-1.401304069579658,1.0,0.0,0.0,0.0,1.0,1.0,1.0,1.0,2.0
0.7945737706641879,0.050332383457069536,-1.2170740485175422,1.7065472329038924,0.0,1.0,0.0,0.0,1.0,1.0,1.0,1.0,2.0
0.7945737706641879,-1.201618964758964,1.3666812877799244,0.8024100868336356,0.0,1.0,1.0,0.0,0.0,0.0,0.0,1.0,1.0
-1.6253586959857813,-1.1912722594018068,0.22153933564401507,-0.9902215460574347,1.0,0.0,1.0,0.0,0.0,5.0,0.0,0.0,1.0
-0.5605884106597949,-0.2393753665433349,-1.2170740485175422,1.5366169222450485,1.0,0.0,0.0,0.0,1.0,3.0,1.0,1.0,1.0
-0.7541830079917924,1.5919914816735075,-1.2170740485175422,-1.6536187507649265,1.0,0.0,1.0,0.0,0.0,4.0,1.0,0.0,2.0
0.2137899786681953,-0.4773495897579529,0.2556234598131803,-1.2425698004070993,0.0,1.0,1.0,0.0,0.0,5.0,1.0,1.0,1.0
-0.36699381332779735,-0.9119112147585595,0.49092944795850313,-1.0491591491774404,0.0,1.0,1.0,0.0,0.0,3.0,0.0,0.0,1.0
-0.27019651466179856,-0.7360172236868854,1.1200588283540844,1.2194975100188055,1.0,0.0,0.0,1.0,0.0,6.0,1.0,1.0,2.0
0.5041818746661916,0.4124670709575751,0.938067747781882,1.6997713681393767,1.0,0.0,1.0,0.0,0.0,6.0,1.0,1.0,2.0
-0.27019651466179856,1.0125759816726987,-1.2170740485175422,-0.3431080218988646,0.0,1.0,0.0,0.0,1.0,7.0,0.0,0.0,2.0
1.3753575626601806,-1.6982608219025146,1.992978053995441,-1.315978133198644,0.0,1.0,1.0,0.0,0.0,4.0,1.0,1.0,1.0
-0.27019651466179856,1.2298567941730019,0.2264827867117944,0.10548581559839164,0.0,1.0,1.0,0.0,0.0,2.0,1.0,1.0,1.0
-0.7541830079917924,0.46420059774336164,0.7444549275375875,-1.148620605448693,1.0,0.0,0.0,1.0,0.0,8.0,1.0,0.0,2.0
-0.4637911119937961,-0.1566017236860765,-0.5723692285600397,-0.8062174692563342,0.0,1.0,0.0,1.0,0.0,2.0,0.0,1.0,2.0
0.11699268000219652,-1.1912722594018068,-1.2170740485175422,-1.5290516996484989,0.0,1.0,0.0,0.0,1.0,9.0,1.0,1.0,2.0
0.6977764719981892,-0.36353583082922253,-1.2170740485175422,0.6484625159236868,0.0,1.0,1.0,0.0,0.0,2.0,1.0,0.0,2.0
-0.36699381332779735,0.6711347048865076,0.596342047590786,-1.4266053629219595,1.0,0.0,1.0,0.0,0.0,8.0,0.0,1.0,1.0
0.9881683679961855,1.5195645441734065,0.9140444596080354,-1.1858869918824329,1.0,0.0,0.0,1.0,0.0,5.0,1.0,1.0,1.0
-0.07660191732980101,-0.2393753665433349,-1.2170740485175422,-0.8860177498495875,1.0,0.0,1.0,0.0,0.0,3.0,1.0,1.0,2.0
-0.8509803066577912,-1.2636991969019078,0.6523981013530249,-0.42746155419193305,0.0,1.0,1.0,0.0,0.0,2.0,1.0,0.0,1.0
0.020195381336197752,-0.1152149022574473,-1.2170740485175422,0.10678281826023776,0.0,1.0,0.0,0.0,1.0,3.0,1.0,1.0,1.0
0.7945737706641879,-0.6325501701153124,0.6778617290679521,-1.5941900748827973,0.0,1.0,1.0,0.0,0.0,0.0,1.0,1.0,1.0
-0.07660191732980101,0.3917736602432605,0.7283657240054328,-1.525170433099262,1.0,0.0,0.0,0.0,1.0,6.0,1.0,1.0,1.0
-0.5605884106597949,-2.2466362058318516,-1.2170740485175422,-1.68942566129565,0.0,1.0,0.0,0.0,1.0,3.0,1.0,1.0,1.0
1.665749458658177,-0.2704154826148068,1.1702122227849694,-0.9225594430041898,0.0,1.0,0.0,1.0,0.0,0.0,1.0,0.0,1.0
1.181762965328183,-0.6739369915439416,1.0102048067150484,-0.1296388835534841,0.0,1.0,1.0,0.0,0.0,2.0,1.0,1.0,1.0
0.31058727733419406,-2.0086619826172334,0.8208226623683156,0.4565899679043342,0.0,1.0,0.0,1.0,0.0,4.0,0.0,1.0,1.0
-1.2381695013217864,0.5159341245291481,0.1268180420606351,-0.7073611997153074,0.0,1.0,0.0,0.0,1.0,5.0,0.0,1.0,1.0
0.020195381336197752,-2.298369732617638,-0.4450805076345138,-0.4346716086887409,1.0,0.0,1.0,0.0,0.0,6.0,1.0,0.0,1.0
-0.07660191732980101,0.5676676513149347,-1.2170740485175422,0.391759665593068,0.0,1.0,1.0,0.0,0.0,1.0,1.0,0.0,2.0
-0.27019651466179856,0.888415517386811,-1.2170740485175422,1.5449258455475006,0.0,1.0,1.0,0.0,0.0,9.0,0.0,1.0,1.0
0.6009791733321904,0.54697424060062,-1.2170740485175422,0.6589517814154604,1.0,0.0,1.0,0.0,0.0,6.0,1.0,1.0,1.0
-0.8509803066577912,-0.07382808082881809,-0.49483250386963146,-1.5497099809136363,0.0,1.0,1.0,0.0,0.0,5.0,1.0,1.0,1.0
-1.2381695013217864,-0.9636447415443461,1.1757750520058496,-1.3124440792718646,0.0,1.0,0.0,1.0,0.0,1.0,1.0,1.0,2.0
-0.27019651466179856,1.9644728745311704,1.2910025367966371,0.3966902239953438,1.0,0.0,1.0,0.0,0.0,5.0,0.0,0.0,1.0
0.11699268000219652,-0.48769629511511015,1.2819058923825015,0.23872013570978767,0.0,1.0,0.0,0.0,1.0,5.0,0.0,1.0,1.0
-0.07660191732980101,0.8987622227439683,-1.2170740485175422,-0.5328438902380325,1.0,0.0,1.0,0.0,0.0,7.0,0.0,0.0,2.0
-0.5605884106597949,1.022922687029856,1.2312253915503661,-0.49620878366746823,0.0,1.0,1.0,0.0,0.0,2.0,1.0,0.0,1.0
-0.36699381332779735,-0.7567106344012,-1.2170740485175422,-1.2780202787417227,1.0,0.0,1.0,0.0,0.0,2.0,0.0,1.0,2.0
-0.4637911119937961,-1.5637536522594695,-1.2170740485175422,0.7029448035695505,1.0,0.0,1.0,0.0,0.0,6.0,1.0,1.0,1.0
0.11699268000219652,-1.8120745808312448,-1.2170740485175422,1.438398716781765,1.0,0.0,1.0,0.0,0.0,4.0,0.0,0.0,2.0
-0.27019651466179856,0.753908347743766,-1.2170740485175422,-0.8244810967335192,0.0,1.0,0.0,0.0,1.0,1.0,1.0,0.0,2.0
-0.1733992159957998,0.25726649060021556,0.4908000424528592,1.1623549404915559,0.0,1.0,1.0,0.0,0.0,10.0,1.0,1.0,1.0
-1.0445749039897887,-0.1255616076146046,0.35573686380129893,1.3631762154333,1.0,0.0,0.0,0.0,1.0,8.0,1.0,1.0,1.0
1.0849656666621843,-0.053134670114503485,1.0759696491963817,0.7366927919562811,1.0,0.0,0.0,0.0,1.0,5.0,1.0,1.0,2.0
1.7625467573241755,1.912739347745384,0.41049452219821336,-1.0909899203810545,0.0,1.0,0.0,0.0,1.0,4.0,1.0,0.0,1.0
0.11699268000219652,0.3296934281003167,0.3109252643425231,0.2949889331916434,0.0,1.0,0.0,0.0,1.0,4.0,1.0,1.0,1.0
0.31058727733419406,0.4538538923862043,-1.2170740485175422,-0.4816194172181152,1.0,0.0,1.0,0.0,0.0,5.0,0.0,1.0,1.0
-1.1413722026557875,-0.9739914469015034,-1.2170740485175422,-1.6588472927454936,1.0,0.0,1.0,0.0,0.0,2.0,0.0,1.0,2.0
0.5041818746661916,-0.2807621879719641,-1.2170740485175422,-0.1991981313264306,0.0,1.0,1.0,0.0,0.0,3.0,1.0,0.0,2.0
0.40738457600019284,-0.41526935761500905,-0.1738285635605624,0.26332561217341643,1.0,0.0,1.0,0.0,0.0,8.0,1.0,0.0,1.0
0.020195381336197752,-1.615487179045256,0.7160033990358234,-1.5603425846824164,0.0,1.0,0.0,1.0,0.0,8.0,1.0,1.0,2.0
1.8593440559901744,-0.6222034647581551,0.8480881612792212,0.6505167413037485,0.0,1.0,0.0,0.0,1.0,5.0,0.0,1.0,1.0
-0.1733992159957998,-0.1566017236860765,1.3083189224779666,0.9337267356274089,1.0,0.0,0.0,1.0,0.0,9.0,1.0,1.0,1.0
-0.94777760532379,-1.5327135361879978,-1.2170740485175422,0.767073722467114,0.0,1.0,1.0,0.0,0.0,3.0,1.0,1.0,2.0
0.9881683679961855,-0.5187364111865821,0.330213597027249,0.07662907196029152,1.0,0.0,0.0,1.0,0.0,4.0,1.0,0.0,2.0
0.2137899786681953,-0.5808166433295259,1.2016532595953797,-0.3185155920017107,1.0,0.0,0.0,1.0,0.0,9.0,0.0,1.0,2.0
0.020195381336197752,-1.3464728397591663,-1.2170740485175422,-1.7257147729232942,0.0,1.0,1.0,0.0,0.0,7.0,0.0,1.0,2.0
0.020195381336197752,1.3540172584588896,-1.2170740485175422,-1.1465152375280485,0.0,1.0,1.0,0.0,0.0,8.0,1.0,1.0,2.0
1.8593440559901744,-0.16694842904323381,-1.2170740485175422,-0.7123705593790929,1.0,0.0,1.0,0.0,0.0,1.0,1.0,1.0,1.0
1.568952159992178,0.13310602631432794,-1.2170740485175422,0.6836913765824535,0.0,1.0,1.0,0.0,0.0,8.0,1.0,1.0,2.0
-1.9157505919837776,-1.853461402259874,-1.2170740485175422,-1.6770107225921498,0.0,1.0,1.0,0.0,0.0,9.0,1.0,0.0,2.0
0.6977764719981892,-2.0810889201173346,1.638201527243838,-0.7937814820922541,1.0,0.0,0.0,0.0,1.0,5.0,1.0,0.0,1.0
-0.94777760532379,-1.4706333040450539,0.5144290055268991,-0.1210812057169066,1.0,0.0,0.0,1.0,0.0,0.0,1.0,1.0,2.0
0.31058727733419406,-0.3945759469006945,0.6327987131982107,-0.3572164049308349,0.0,1.0,1.0,0.0,0.0,7.0,1.0,1.0,1.0
3.0209116399821596,0.8263352852438672,-1.2170740485175422,0.718813081441904,0.0,1.0,0.0,0.0,1.0,3.0,1.0,1.0,2.0
0.31058727733419406,-0.33249571475775064,-1.2170740485175422,0.025922460652326566,1.0,0.0,1.0,0.0,0.0,2.0,1.0,1.0,1.0
-0.5605884106597949,1.4160974906018333,-1.2170740485175422,0.2978009031525801,1.0,0.0,1.0,0.0,0.0,5.0,0.0,0.0,2.0
3.1177089386481582,-0.1979885451147057,0.11904470959986704,-1.2570093922733179,0.0,1.0,1.0,0.0,0.0,3.0,1.0,1.0,1.0
0.11699268000219652,-1.6672207058310426,-1.2170740485175422,-0.8743722106596795,1.0,0.0,1.0,0.0,0.0,1.0,1.0,1.0,1.0
-0.27019651466179856,1.3540172584588896,1.1748407603303186,1.6668769731085573,0.0,1.0,1.0,0.0,0.0,1.0,1.0,1.0,2.0
-1.2381695013217864,-0.7153238129725709,0.6227398062290634,-1.4921280030275053,0.0,1.0,0.0,1.0,0.0,6.0,1.0,1.0,1.0
-1.0445749039897887,0.5262808298863054,0.43921723962919657,-1.0356681296710724,0.0,1.0,0.0,1.0,0.0,1.0,1.0,1.0,1.0
0.9881683679961855,-1.3464728397591663,0.1162085588718225,-0.6513834276429564,1.0,0.0,0.0,0.0,1.0,4.0,0.0,0.0,2.0
0.6977764719981892,0.9608424548869121,-1.2170740485175422,1.3494133054815907,1.0,0.0,0.0,0.0,1.0,1.0,1.0,1.0,3.0
-1.818953293317779,-0.1152149022574473,-1.2170740485175422,-0.37483431434461134,1.0,0.0,1.0,0.0,0.0,4.0,0.0,1.0,2.0
0.2137899786681953,0.6607879995293504,-0.3134080747351865,-0.11961233628602821,1.0,0.0,1.0,0.0,0.0,8.0,0.0,0.0,2.0
-0.8509803066577912,0.019292267385597632,-1.2170740485175422,0.3631702895905979,0.0,1.0,0.0,0.0,1.0,4.0,1.0,0.0,2.0
-0.5605884106597949,0.24691978524305827,-1.2170740485175422,-1.1448463207445516,1.0,0.0,1.0,0.0,0.0,6.0,1.0,0.0,2.0
0.7945737706641879,-0.44630947368648094,-1.2170740485175422,0.4549577554611876,1.0,0.0,1.0,0.0,0.0,6.0,1.0,1.0,1.0
-0.5605884106597949,-1.0464183844016044,0.6862464020727744,-1.4935544276287844,0.0,1.0,0.0,1.0,0.0,4.0,0.0,1.0,1.0
-0.07660191732980101,-0.22902866118617762,0.7754307475364034,-0.41410882829020124,1.0,0.0,0.0,1.0,0.0,9.0,1.0,0.0,1.0
-1.4317640986537838,-2.298369732617638,0.32199546328186407,-0.9339243940377729,0.0,1.0,1.0,0.0,0.0,4.0,1.0,0.0,1.0
-0.07660191732980101,1.6954585352450806,-0.4392424706798917,1.4775349371227184,1.0,0.0,0.0,0.0,1.0,2.0,1.0,0.0,1.0
-1.2381695013217864,0.4021203656004178,0.6527668668560649,-0.28886213803753014,0.0,1.0,0.0,0.0,1.0,8.0,1.0,1.0,1.0
-1.5285613973197827,1.0022292763155414,0.15896590621056883,0.5952542689826733,1.0,0.0,0.0,0.0,1.0,8.0,0.0,0.0,1.0
0.6977764719981892,1.540257954887721,-1.2170740485175422,1.2536767309160937,1.0,0.0,0.0,0.0,1.0,6.0,1.0,0.0,2.0
-0.7541830079917924,1.5092178388162492,-1.2170740485175422,-1.3065666880519349,0.0,1.0,1.0,0.0,0.0,9.0,1.0,1.0,2.0
0.020195381336197752,-2.4121834915463682,-1.2170740485175422,-1.5797997120607448,1.0,0.0,1.0,0.0,0.0,2.0,0.0,0.0,2.0
-1.6253586959857813,-0.7463639290440427,0.690741997564499,-0.8702736752900768,0.0,1.0,0.0,0.0,1.0,3.0,1.0,1.0,1.0
1.665749458658177,0.3607335441717886,0.5775967357732219,-0.3358155131019339,1.0,0.0,0.0,1.0,0.0,5.0,1.0,1.0,1.0
-1.0445749039897887,0.6814814102436649,0.10910154420098521,-1.0336537398073145,1.0,0.0,0.0,1.0,0.0,9.0,0.0,0.0,2.0
0.31058727733419406,-1.1602321433303349,1.639951153981016,0.08967233330523347,0.0,1.0,0.0,1.0,0.0,1.0,1.0,0.0,1.0
-0.1733992159957998,1.022922687029856,-1.2170740485175422,0.31467115733022266,1.0,0.0,1.0,0.0,0.0,6.0,1.0,1.0,1.0
-1.334966799987785,-0.9532980361871888,-1.2170740485175422,1.102217923026938,0.0,1.0,0.0,0.0,1.0,5.0,1.0,1.0,2.0
0.020195381336197752,-0.4359627683293237,0.7405452737453315,0.670436586906395,0.0,1.0,1.0,0.0,0.0,3.0,1.0,1.0,1.0
-0.36699381332779735,-0.6946304022582562,1.134916509428179,0.09714958148345171,0.0,1.0,1.0,0.0,0.0,3.0,1.0,1.0,1.0
-2.0125478906497762,0.8987622227439683,-1.2170740485175422,-0.9055976889070018,0.0,1.0,1.0,0.0,0.0,4.0,1.0,1.0,2.0
0.2137899786681953,0.019292267385597632,0.4641383287335046,-1.4739553536072068,0.0,1.0,0.0,1.0,0.0,1.0,1.0,0.0,1.0
-0.7541830079917924,-0.1772951344003911,0.5292167594022917,1.3851499385075685,0.0,1.0,0.0,0.0,1.0,9.0,1.0,1.0,1.0
-0.6573857093257937,-0.22902866118617762,-1.2170740485175422,-0.380842345183512,0.0,1.0,1.0,0.0,0.0,2.0,0.0,1.0,2.0
-0.07660191732980101,1.0539628031013277,1.0698419368117345,-1.1503290098400543,1.0,0.0,1.0,0.0,0.0,6.0,0.0,1.0,1.0
0.2137899786681953,0.18483955310011446,1.1977357289462587,0.13882135853028915,1.0,0.0,1.0,0.0,0.0,0.0,0.0,0.0,2.0
-0.94777760532379,1.4885244281019345,-1.2170740485175422,0.9715856101333393,0.0,1.0,0.0,0.0,1.0,4.0,0.0,0.0,2.0
1.4721548613261792,0.3193467227431594,0.11882029955529708,-0.7954189131619909,1.0,0.0,0.0,0.0,1.0,0.0,1.0,1.0,2.0
2.052938653322172,-0.5497765272580539,-1.2170740485175422,1.7024629617803029,0.0,1.0,1.0,0.0,0.0,4.0,1.0,0.0,1.0
-1.4317640986537838,0.6090544727435638,0.5577496285076036,-1.4616722722022146,1.0,0.0,0.0,1.0,0.0,2.0,0.0,0.0,2.0
0.6009791733321904,-2.1431691522602785,-1.2170740485175422,1.0749467721011137,1.0,0.0,1.0,0.0,0.0,4.0,1.0,0.0,2.0
0.6009791733321904,-0.49804300047226746,-1.2170740485175422,0.8464281583953579,0.0,1.0,1.0,0.0,0.0,9.0,0.0,0.0,1.0
0.5041818746661916,0.9298023388154402,-1.2170740485175422,1.5773484767345796,1.0,0.0,1.0,0.0,0.0,7.0,1.0,1.0,2.0
0.6009791733321904,-1.5637536522594695,0.5377420905654229,0.45726282282601094,0.0,1.0,1.0,0.0,0.0,2.0,1.0,1.0,1.0
-0.07660191732980101,0.4848940084576762,0.8729492898200446,-1.0135162774758635,0.0,1.0,1.0,0.0,0.0,2.0,1.0,1.0,1.0
-0.8509803066577912,0.5676676513149347,0.19127066448908447,0.6578228185298133,0.0,1.0,0.0,0.0,1.0,6.0,0.0,0.0,2.0
-0.5605884106597949,-0.08417478618597539,0.3684296952548883,-1.036904074401815,0.0,1.0,0.0,1.0,0.0,7.0,1.0,1.0,2.0
0.11699268000219652,-1.9672751611886043,-1.2170740485175422,1.3340394055015339,1.0,0.0,1.0,0.0,0.0,7.0,1.0,0.0,2.0
-0.5605884106597949,-0.3221490094005933,0.8347402646883659,1.615319377757976,1.0,0.0,1.0,0.0,0.0,9.0,1.0,1.0,1.0
-0.07660191732980101,1.6333783031021367,1.2707783049145704,1.3036410795687343,1.0,0.0,1.0,0.0,0.0,2.0,1.0,1.0,2.0
-0.4637911119937961,1.3126304370302604,0.5441927540815469,0.2294128891406597,1.0,0.0,1.0,0.0,0.0,7.0,0.0,1.0,1.0
0.020195381336197752,1.395404079887519,-1.2170740485175422,0.01862873417585809,1.0,0.0,0.0,0.0,1.0,7.0,0.0,0.0,2.0
-0.5605884106597949,-1.6672207058310426,-1.2170740485175422,-0.3316587030687423,0.0,1.0,1.0,0.0,0.0,1.0,1.0,1.0,2.0
-1.2381695013217864,-0.5601232326152112,1.1940381072806416,-1.0007257716120994,1.0,0.0,1.0,0.0,0.0,8.0,1.0,0.0,1.0
0.31058727733419406,-0.03244125940018888,-1.2170740485175422,-1.4016457156670863,0.0,1.0,1.0,0.0,0.0,4.0,1.0,0.0,2.0
1.2785602639941818,-2.194902679046065,0.32930148915268553,1.7224221210365935,0.0,1.0,0.0,0.0,1.0,3.0,1.0,0.0,4.0
1.2785602639941818,-1.2223123754732785,-1.2170740485175422,1.6396106929008836,1.0,0.0,0.0,0.0,1.0,7.0,0.0,1.0,1.0
-0.36699381332779735,-0.8291375719013011,0.46734854978655965,1.3682165389481864,1.0,0.0,1.0,0.0,0.0,1.0,0.0,1.0,2.0
0.2137899786681953,-1.4809800094022112,-1.2170740485175422,-0.09894257404239268,1.0,0.0,1.0,0.0,0.0,5.0,1.0,1.0,2.0
0.020195381336197752,0.16414614238579986,0.12947222131987363,0.3218126738644812,1.0,0.0,0.0,1.0,0.0,4.0,1.0,0.0,2.0
2.1497359519881707,-0.5601232326152112,-1.2170740485175422,-0.32285070511006225,0.0,1.0,1.0,0.0,0.0,5.0,1.0,1.0,2.0
0.020195381336197752,0.8159885798867099,0.656293287448998,0.7970740411453132,0.0,1.0,1.0,0.0,0.0,1.0,0.0,0.0,1.0
-0.4637911119937961,1.395404079887519,-1.2170740485175422,0.7768534286968609,0.0,1.0,1.0,0.0,0.0,9.0,1.0,0.0,2.0
-0.07660191732980101,0.7125215263151369,-1.2170740485175422,-0.7589443663361805,1.0,0.0,1.0,0.0,0.0,10.0,1.0,1.0,2.0
-0.4637911119937961,-0.38422924154353716,-1.2170740485175422,1.490843304698435,1.0,0.0,1.0,0.0,0.0,5.0,1.0,0.0,2.0
0.5041818746661916,-0.49804300047226746,-1.2170740485175422,0.6691940319153045,0.0,1.0,1.0,0.0,0.0,9.0,1.0,0.0,1.0
-0.8509803066577912,0.3090000173860021,0.846876089835053,1.4044151943816032,0.0,1.0,0.0,0.0,1.0,2.0,1.0,1.0,1.0
-0.36699381332779735,-0.6842836969010989,-1.2170740485175422,-0.021529467205646354,1.0,0.0,1.0,0.0,0.0,2.0,1.0,0.0,2.0
-0.7541830079917924,-1.3568195451163236,0.5337449875867439,1.4562351126954447,1.0,0.0,0.0,1.0,0.0,3.0,1.0,1.0,1.0
-0.6573857093257937,-0.1462550183289192,-1.2170740485175422,1.7042011123432275,0.0,1.0,1.0,0.0,0.0,3.0,1.0,1.0,2.0
0.6977764719981892,-0.1152149022574473,0.5187022807524053,0.9744457654131238,1.0,0.0,0.0,1.0,0.0,5.0,1.0,0.0,2.0
-0.6573857093257937,-0.09452149154313269,0.3974211903323766,-1.045292668736875,0.0,1.0,0.0,0.0,1.0,7.0,1.0,1.0,1.0
-0.27019651466179856,-0.6842836969010989,-1.2170740485175422,-0.09698993792661703,0.0,1.0,1.0,0.0,0.0,7.0,1.0,0.0,2.0
-0.7541830079917924,-0.8084441611869866,-1.2170740485175422,-0.13744647079485237,0.0,1.0,1.0,0.0,0.0,2.0,1.0,1.0,2.0
2.924114341316161,0.753908347743766,0.677662396363606,-0.6536813628847734,1.0,0.0,1.0,0.0,0.0,5.0,1.0,1.0,1.0
-0.5605884106597949,-1.8327679915455595,-1.2170740485175422,1.4279350225602825,0.0,1.0,1.0,0.0,0.0,5.0,1.0,0.0,2.0
-0.5605884106597949,1.1160430352442716,-1.2170740485175422,-0.7527836036924113,1.0,0.0,1.0,0.0,0.0,2.0,1.0,0.0,2.0
-0.36699381332779735,0.3607335441717886,-1.2170740485175422,1.0405568926438067,1.0,0.0,0.0,0.0,1.0,4.0,1.0,1.0,2.0
-0.6573857093257937,1.0850029191727997,0.5436150107433055,-0.7598734558234285,0.0,1.0,0.0,1.0,0.0,0.0,1.0,1.0,2.0
0.11699268000219652,1.022922687029856,1.4881731243091445,-1.3813130767011677,0.0,1.0,0.0,1.0,0.0,5.0,1.0,0.0,3.0
1.3753575626601806,-0.4359627683293237,-1.2170740485175422,-0.8267320643360259,0.0,1.0,1.0,0.0,0.0,7.0,0.0,1.0,2.0
-1.1413722026557875,-0.5290831165437394,-1.2170740485175422,0.44950255113239246,1.0,0.0,1.0,0.0,0.0,3.0,0.0,1.0,2.0
0.6009791733321904,-1.6982608219025146,-1.2170740485175422,-0.389361057274884,0.0,1.0,1.0,0.0,0.0,2.0,1.0,0.0,2.0
1.0849656666621843,0.8677221066724964,-1.2170740485175422,0.8213596157989722,0.0,1.0,1.0,0.0,0.0,2.0,0.0,1.0,2.0
-0.36699381332779735,1.2712436156016311,0.7347567484624339,-1.3126293405158114,1.0,0.0,1.0,0.0,0.0,3.0,1.0,1.0,1.0
0.9881683679961855,-0.03244125940018888,-1.2170740485175422,1.0433267656835838,1.0,0.0,0.0,0.0,1.0,10.0,1.0,1.0,2.0
-1.1413722026557875,2.057593222745586,0.5807426559539073,0.19042940060457464,1.0,0.0,0.0,1.0,0.0,8.0,1.0,1.0,2.0
-0.27019651466179856,1.4471376066733053,0.5699913893415197,1.5675226726366207,0.0,1.0,1.0,0.0,0.0,6.0,1.0,1.0,1.0
1.665749458658177,0.17449284774295717,0.5671753326360905,0.6008021909105519,0.0,1.0,0.0,1.0,0.0,9.0,1.0,0.0,1.0
2.2465332506541693,-1.2119656701161212,-1.2170740485175422,-0.9932015557945708,0.0,1.0,1.0,0.0,0.0,2.0,0.0,0.0,2.0
-1.4317640986537838,1.6954585352450806,1.5466211705235346,1.3598048087019103,0.0,1.0,1.0,0.0,0.0,7.0,0.0,1.0,1.0
-0.7541830079917924,-0.38422924154353716,0.7215872867924045,-0.9340515545723503,1.0,0.0,0.0,1.0,0.0,7.0,1.0,1.0,2.0
0.2137899786681953,0.22622637452874367,-1.2170740485175422,-0.5949478080644388,0.0,1.0,1.0,0.0,0.0,5.0,1.0,1.0,1.0
0.2137899786681953,1.4988711334590918,0.5114149021345714,-1.4150876800835077,0.0,1.0,0.0,0.0,1.0,8.0,1.0,0.0,1.0
0.2137899786681953,1.3126304370302604,1.028735353618898,-0.6353069265696599,0.0,1.0,0.0,1.0,0.0,7.0,1.0,0.0,1.0
-0.36699381332779735,0.5676676513149347,-1.2170740485175422,-0.315558544221571,0.0,1.0,1.0,0.0,0.0,5.0,1.0,1.0,2.0
0.40738457600019284,0.9504957495297548,-1.2170740485175422,0.2299761529039454,0.0,1.0,1.0,0.0,0.0,5.0,0.0,0.0,2.0
0.5041818746661916,0.919455633458283,-1.2170740485175422,-0.057938781199081066,0.0,1.0,1.0,0.0,0.0,9.0,0.0,1.0,1.0
-0.4637911119937961,-1.0464183844016044,0.7498815996612247,0.2894051766945137,0.0,1.0,1.0,0.0,0.0,8.0,0.0,0.0,1.0
-0.4637911119937961,-2.3501032594034243,-1.2170740485175422,-1.4543978546441296,0.0,1.0,0.0,0.0,1.0,7.0,1.0,1.0,1.0
3.6984927306441513,1.1988166781015301,1.179478943006523,1.5706002706909903,0.0,1.0,0.0,0.0,1.0,8.0,1.0,1.0,1.0
0.11699268000219652,-1.3154327236876944,1.6847744883489997,1.3941339781365532,0.0,1.0,1.0,0.0,0.0,2.0,1.0,0.0,1.0
1.4721548613261792,0.2779599013145302,0.8552622096095038,1.5984225085847241,0.0,1.0,1.0,0.0,0.0,7.0,0.0,0.0,1.0
-0.1733992159957998,0.25726649060021556,0.2238231418784045,1.2128869017629738,1.0,0.0,1.0,0.0,0.0,5.0,1.0,1.0,1.0
-0.5605884106597949,0.050332383457069536,-1.2170740485175422,0.2930660432474311,0.0,1.0,0.0,0.0,1.0,4.0,1.0,0.0,2.0
0.6977764719981892,1.7678854727451816,0.6327659197533022,-1.2804566815423957,1.0,0.0,0.0,1.0,0.0,3.0,1.0,0.0,2.0
-0.8509803066577912,-0.1462550183289192,0.754415775676371,-0.5956311002392956,0.0,1.0,0.0,1.0,0.0,6.0,1.0,0.0,2.0
-0.07660191732980101,-1.1602321433303349,-1.2170740485175422,-0.9127426845256538,0.0,1.0,1.0,0.0,0.0,5.0,1.0,0.0,2.0
-0.1733992159957998,-1.129192027258863,-1.2170740485175422,-1.7230449235598266,0.0,1.0,0.0,0.0,1.0,8.0,1.0,1.0,1.0
-0.07660191732980101,-2.2052493844032224,-1.2170740485175422,0.6436455496268543,0.0,1.0,1.0,0.0,0.0,2.0,1.0,0.0,2.0
-0.07660191732980101,1.022922687029856,1.2188423295494175,-0.927237593833727,0.0,1.0,1.0,0.0,0.0,5.0,1.0,1.0,1.0
-1.818953293317779,2.057593222745586,-1.2170740485175422,-1.1928027158395622,0.0,1.0,1.0,0.0,0.0,7.0,1.0,0.0,2.0
-0.94777760532379,0.3917736602432605,0.029668265280033742,0.4025225610723795,1.0,0.0,1.0,0.0,0.0,1.0,1.0,1.0,2.0
1.181762965328183,-1.718954232616829,1.1016891943833398,-0.8479494344631769,0.0,1.0,0.0,1.0,0.0,7.0,1.0,0.0,2.0
0.6977764719981892,-0.8705243933299304,-0.12012511796614851,0.16897719228087157,1.0,0.0,0.0,1.0,0.0,1.0,1.0,1.0,2.0
-0.8509803066577912,1.302283731673103,-1.2170740485175422,0.27403492975307003,1.0,0.0,1.0,0.0,0.0,4.0,0.0,1.0,2.0
-1.7221559946517802,-1.367166250473481,1.135205702601662,1.6527143163600504,1.0,0.0,1.0,0.0,0.0,1.0,1.0,1.0,2.0
0.8913710693301867,-0.49804300047226746,-1.2170740485175422,0.010783572823041694,1.0,0.0,1.0,0.0,0.0,5.0,1.0,0.0,1.0
2.827317042650162,-1.6568740004738853,0.31070053279359094,0.28898055444430354,1.0,0.0,0.0,1.0,0.0,1.0,0.0,1.0,1.0
-0.27019651466179856,0.24691978524305827,0.4899622020858826,-1.33708817357226,0.0,1.0,0.0,0.0,1.0,9.0,0.0,1.0,1.0
0.020195381336197752,0.54697424060062,0.5757149707433239,1.7330409824220196,0.0,1.0,1.0,0.0,0.0,2.0,1.0,0.0,1.0
0.11699268000219652,-1.4499398933307392,0.782708802527744,1.7213735250004336,1.0,0.0,0.0,1.0,0.0,9.0,1.0,0.0,1.0
-0.94777760532379,-1.274045902259065,1.5191568211648259,-0.8797680965995678,1.0,0.0,0.0,1.0,0.0,9.0,1.0,0.0,2.0
-0.7541830079917924,0.20553296381442906,-1.2170740485175422,-1.461428910248899,1.0,0.0,1.0,0.0,0.0,6.0,1.0,1.0,2.0
0.11699268000219652,0.3917736602432605,-1.2170740485175422,1.1291390780627901,0.0,1.0,0.0,0.0,1.0,2.0,1.0,1.0,2.0
0.9881683679961855,0.24691978524305827,0.9552246672997349,1.385763648994558,0.0,1.0,1.0,0.0,0.0,8.0,0.0,1.0,1.0
1.9561413546561732,0.9504957495297548,0.5284591343735964,1.605049990399863,0.0,1.0,0.0,1.0,0.0,5.0,1.0,1.0,1.0
-0.7541830079917924,-0.48769629511511015,0.9504694570358174,1.6033447171844557,0.0,1.0,1.0,0.0,0.0,6.0,1.0,0.0,1.0
-0.27019651466179856,-0.7567106344012,1.3110425466793647,0.7249454895478673,0.0,1.0,0.0,0.0,1.0,1.0,1.0,0.0,2.0
1.7625467573241755,0.7125215263151369,1.38843443365476,-1.26487264486498,1.0,0.0,0.0,1.0,0.0,1.0,0.0,0.0,4.0
-0.5605884106597949,0.19518625845727178,-1.2170740485175422,-0.23389156089705812,0.0,1.0,1.0,0.0,0.0,1.0,1.0,1.0,2.0
-0.07660191732980101,-1.1084986165445483,-1.2170740485175422,-0.0287036871332026,0.0,1.0,1.0,0.0,0.0,8.0,1.0,1.0,1.0
0.40738457600019284,-0.3945759469006945,0.7196953943751082,-0.08669289184757703,1.0,0.0,0.0,1.0,0.0,10.0,0.0,0.0,1.0
0.2137899786681953,-1.0050315629729754,0.585808117927008,-1.106635884760672,1.0,0.0,0.0,0.0,1.0,4.0,0.0,1.0,1.0
0.6977764719981892,0.09171920488569875,0.5354406015911317,-1.1511965195335396,0.0,1.0,0.0,1.0,0.0,5.0,1.0,1.0,2.0
-0.27019651466179856,1.1781232673872155,0.2668380142109911,-0.46853057986762026,0.0,1.0,0.0,1.0,0.0,8.0,1.0,1.0,2.0
1.181762965328183,-0.8187908665441438,0.3542796452812217,1.6204804255013119,0.0,1.0,0.0,1.0,0.0,8.0,1.0,1.0,3.0
0.40738457600019284,-0.29110889332912143,-1.2170740485175422,0.8092456178954975,0.0,1.0,1.0,0.0,0.0,1.0,1.0,1.0,2.0
1.0849656666621843,0.19518625845727178,1.0067725869001367,-1.682129325505887,1.0,0.0,1.0,0.0,0.0,8.0,0.0,1.0,1.0
-0.6573857093257937,-0.8498309826156157,1.1191443091968067,0.5597839598670075,1.0,0.0,0.0,1.0,0.0,8.0,1.0,1.0,1.0
0.40738457600019284,1.5506046602448784,1.334273326601255,-0.0221365674322883,0.0,1.0,1.0,0.0,0.0,4.0,0.0,0.0,2.0
0.020195381336197752,0.6918281156008222,-1.2170740485175422,0.7914294006712992,1.0,0.0,1.0,0.0,0.0,3.0,1.0,1.0,2.0
0.6977764719981892,1.1160430352442716,-1.2170740485175422,0.6700963324527234,1.0,0.0,1.0,0.0,0.0,2.0,1.0,1.0,1.0
1.181762965328183,1.2815903209587884,0.7727686914202995,0.6095856613242586,0.0,1.0,0.0,1.0,0.0,2.0,1.0,1.0,1.0
-0.36699381332779735,-1.7293009379739863,0.9348866228735738,-1.2624308494834975,1.0,0.0,0.0,0.0,1.0,7.0,1.0,1.0,1.0
2.440127847986167,-0.5808166433295259,0.48266035577176536,-0.17261409956829557,1.0,0.0,0.0,1.0,0.0,2.0,1.0,1.0,1.0
1.0849656666621843,0.15379943702864254,0.5361258881384114,0.7006425194722417,1.0,0.0,0.0,1.0,0.0,7.0,1.0,1.0,1.0
0.8913710693301867,2.057593222745586,0.5827554340112586,0.20695522542727432,1.0,0.0,0.0,1.0,0.0,6.0,1.0,0.0,1.0
1.7625467573241755,1.095349624529957,0.2148968947760487,-0.8120092750001873,0.0,1.0,1.0,0.0,0.0,3.0,1.0,1.0,1.0
1.4721548613261792,-2.4846104290464694,-1.2170740485175422,-0.4042209225358209,1.0,0.0,1.0,0.0,0.0,9.0,0.0,1.0,1.0
0.020195381336197752,-1.1498854379731775,-1.2170740485175422,-0.31073044485467977,0.0,1.0,0.0,0.0,1.0,2.0,1.0,0.0,2.0
-0.07660191732980101,0.3607335441717886,1.1819749421197319,-0.03537291796106205,0.0,1.0,1.0,0.0,0.0,6.0,1.0,1.0,1.0
1.568952159992178,-1.0567650897587617,0.994752342571534,0.2903179144851128,1.0,0.0,0.0,1.0,0.0,1.0,0.0,1.0,2.0
-0.1733992159957998,0.7125215263151369,0.7172389402984064,0.6716636599719341,1.0,0.0,1.0,0.0,0.0,2.0,1.0,1.0,2.0
-0.36699381332779735,0.3710802495289459,0.7945986768376173,0.846780937552845,0.0,1.0,0.0,1.0,0.0,1.0,1.0,1.0,2.0
0.11699268000219652,-0.9532980361871888,1.0194620425579268,-1.169375083397307,1.0,0.0,0.0,0.0,1.0,5.0,0.0,1.0,1.0
0.8913710693301867,-1.0153782683301327,-1.2170740485175422,-1.2025062301210943,1.0,0.0,0.0,0.0,1.0,3.0,0.0,1.0,1.0
-0.1733992159957998,0.14345273167148526,0.5819298108100323,0.18266912891095616,1.0,0.0,0.0,1.0,0.0,3.0,1.0,1.0,1.0
-0.6573857093257937,1.395404079887519,0.46015681871637526,-0.7010160455986899,1.0,0.0,0.0,1.0,0.0,2.0,0.0,0.0,2.0
0.40738457600019284,0.8263352852438672,-1.2170740485175422,1.2207456315449248,0.0,1.0,1.0,0.0,0.0,2.0,1.0,1.0,1.0
0.11699268000219652,-0.6842836969010989,-1.2170740485175422,0.8053782676838344,0.0,1.0,1.0,0.0,0.0,7.0,0.0,0.0,2.0
0.7945737706641879,0.784948463815238,-1.2170740485175422,1.625544058881634,0.0,1.0,1.0,0.0,0.0,7.0,1.0,0.0,2.0
-1.4317640986537838,-0.9326046254728741,1.0922363231362764,1.4103124163825749,0.0,1.0,0.0,0.0,1.0,8.0,0.0,1.0,1.0
-0.4637911119937961,-0.7360172236868854,-1.2170740485175422,1.047841399546633,0.0,1.0,1.0,0.0,0.0,6.0,1.0,1.0,2.0
0.5041818746661916,0.5262808298863054,-1.2170740485175422,-0.7071461922997975,0.0,1.0,0.0,0.0,1.0,9.0,0.0,0.0,1.0
1.0849656666621843,-1.3982063665449527,1.028233163805691,-0.944005388975985,0.0,1.0,0.0,1.0,0.0,7.0,1.0,0.0,2.0
-0.7541830079917924,-1.0050315629729754,0.9606502141581054,0.12552742915480525,1.0,0.0,0.0,1.0,0.0,6.0,1.0,0.0,1.0
0.7945737706641879,0.9608424548869121,-1.2170740485175422,0.23143702044071895,0.0,1.0,1.0,0.0,0.0,9.0,1.0,0.0,2.0
0.020195381336197752,0.16414614238579986,-1.2170740485175422,-0.5389952593539395,0.0,1.0,0.0,0.0,1.0,9.0,1.0,0.0,2.0
0.7945737706641879,1.9437794638168557,0.9838012609982578,1.1885583604170569,0.0,1.0,0.0,1.0,0.0,2.0,1.0,1.0,1.0
0.31058727733419406,-0.33249571475775064,0.9176512562914303,1.5997292526828717,1.0,0.0,0.0,1.0,0.0,8.0,1.0,1.0,3.0
1.0849656666621843,0.49524071381483353,1.3329958290194508,1.6339029070451305,1.0,0.0,0.0,0.0,1.0,0.0,1.0,0.0,1.0
-0.27019651466179856,-0.8705243933299304,-1.2170740485175422,-1.5882535392281805,0.0,1.0,1.0,0.0,0.0,1.0,0.0,0.0,2.0
0.40738457600019284,-1.4809800094022112,-1.2170740485175422,0.06728581686769235,1.0,0.0,1.0,0.0,0.0,9.0,1.0,0.0,1.0
-0.94777760532379,-0.18764183975754842,0.4699252464945929,-0.03782167151133125,1.0,0.0,0.0,1.0,0.0,8.0,1.0,1.0,1.0
2.440127847986167,-0.5497765272580539,-1.2170740485175422,1.6660745222932278,0.0,1.0,1.0,0.0,0.0,1.0,1.0,0.0,2.0
0.31058727733419406,-0.2807621879719641,1.1163301815175488,-0.48165733923800297,0.0,1.0,1.0,0.0,0.0,3.0,1.0,0.0,1.0
-1.334966799987785,-0.011747848685874276,0.6208209074453719,-1.2965437938230921,1.0,0.0,0.0,1.0,0.0,2.0,1.0,1.0,1.0
-1.1413722026557875,0.23657307988590098,0.0551884777626461,-0.8543737377497436,1.0,0.0,1.0,0.0,0.0,4.0,0.0,1.0,1.0
0.7945737706641879,0.21587966917158638,-1.2170740485175422,-0.14409969783450235,0.0,1.0,1.0,0.0,0.0,1.0,0.0,0.0,1.0
-0.8509803066577912,-1.439593187973582,-1.2170740485175422,-0.19189553318475916,1.0,0.0,1.0,0.0,0.0,6.0,1.0,0.0,2.0
-0.6573857093257937,-2.06039550940302,-1.2170740485175422,-0.42756731835749134,1.0,0.0,1.0,0.0,0.0,5.0,0.0,1.0,2.0
0.9881683679961855,-0.06348137547166079,0.5533307118061798,1.527861110552269,1.0,0.0,0.0,0.0,1.0,5.0,0.0,1.0,3.0
-0.94777760532379,-1.02572497368729,-1.2170740485175422,-1.525089022524457,0.0,1.0,1.0,0.0,0.0,10.0,1.0,0.0,2.0
0.8913710693301867,-1.6361805897595707,-1.2170740485175422,-0.8926215738908517,1.0,0.0,0.0,0.0,1.0,7.0,1.0,0.0,2.0
-0.36699381332779735,0.4745473031005189,0.9223407189133493,-0.6103545853920127,0.0,1.0,1.0,0.0,0.0,5.0,1.0,0.0,1.0
-0.36699381332779735,-0.7256705183297281,-1.2170740485175422,-0.2344010728064662,0.0,1.0,1.0,0.0,0.0,4.0,0.0,1.0,2.0
-0.8509803066577912,1.2298567941730019,-1.2170740485175422,-0.8527034293324894,0.0,1.0,0.0,0.0,1.0,8.0,0.0,1.0,2.0
-0.36699381332779735,-0.7670573397583573,0.5215490411243912,0.0965289128276754,1.0,0.0,1.0,0.0,0.0,4.0,1.0,0.0,1.0
0.2137899786681953,-1.2533524915447505,-1.2170740485175422,0.8305969327717933,1.0,0.0,0.0,0.0,1.0,4.0,0.0,1.0,2.0
-0.6573857093257937,2.057593222745586,1.0628312126972703,0.8628136021627852,0.0,1.0,0.0,1.0,0.0,9.0,1.0,1.0,2.0
-0.6573857093257937,-1.5223668308308405,2.1050908045286425,-1.453852856073909,1.0,0.0,1.0,0.0,0.0,8.0,0.0,0.0,1.0
0.2137899786681953,2.047246517388429,0.14324514667709232,1.7084647302672953,0.0,1.0,0.0,1.0,0.0,10.0,1.0,1.0,1.0
-0.36699381332779735,0.10206591024285605,1.2058717183271912,0.24002479235729923,1.0,0.0,0.0,1.0,0.0,5.0,0.0,1.0,2.0
0.020195381336197752,-1.8017278754740875,1.7165177392595476,1.4955197159857752,1.0,0.0,0.0,1.0,0.0,4.0,1.0,0.0,1.0
0.40738457600019284,0.3607335441717886,-1.2170740485175422,1.2214057878085653,1.0,0.0,1.0,0.0,0.0,0.0,1.0,1.0,1.0
-0.6573857093257937,-0.18764183975754842,0.45477081689451204,-1.099669714079839,1.0,0.0,1.0,0.0,0.0,1.0,0.0,1.0,1.0
-0.36699381332779735,-1.439593187973582,0.7855877133359144,-1.4103027213630943,1.0,0.0,0.0,0.0,1.0,5.0,1.0,1.0,1.0
-1.5285613973197827,-0.8394842772584584,-1.2170740485175422,1.7216647243641585,0.0,1.0,1.0,0.0,0.0,2.0,0.0,0.0,1.0
-0.4637911119937961,-1.0050315629729754,-1.2170740485175422,0.12389608648275681,1.0,0.0,0.0,0.0,1.0,8.0,0.0,1.0,1.0
0.8913710693301867,0.25726649060021556,0.7833643499215527,-1.4749606350426694,1.0,0.0,0.0,1.0,0.0,2.0,1.0,0.0,1.0
-1.334966799987785,-0.4359627683293237,-1.2170740485175422,0.17458860749892868,0.0,1.0,1.0,0.0,0.0,10.0,0.0,1.0,1.0
-0.4637911119937961,-1.9362350451171324,0.004667764598349399,1.0230278738362808,1.0,0.0,0.0,0.0,1.0,5.0,1.0,1.0,1.0
-1.1413722026557875,-0.5497765272580539,1.5363521604539196,-0.27350076276128976,1.0,0.0,0.0,1.0,0.0,10.0,1.0,1.0,1.0
-0.94777760532379,1.0332693923870133,1.3484897672256437,-1.0424081598663366,0.0,1.0,1.0,0.0,0.0,3.0,1.0,0.0,1.0
-1.334966799987785,-1.5534069469023122,0.45497031035103874,0.2594641764052216,0.0,1.0,0.0,1.0,0.0,6.0,1.0,0.0,1.0
-0.5605884106597949,1.405750785244676,0.8178686802916534,-0.655723237515239,0.0,1.0,1.0,0.0,0.0,1.0,0.0,1.0,2.0
1.665749458658177,-0.5911633486866832,-1.2170740485175422,-1.2810482998434876,1.0,0.0,1.0,0.0,0.0,7.0,1.0,0.0,1.0
-0.27019651466179856,-0.7463639290440427,0.8699649255811878,-0.6775964150505391,0.0,1.0,1.0,0.0,0.0,9.0,1.0,1.0,1.0
1.0849656666621843,2.057593222745586,-1.2170740485175422,-1.150130528075413,1.0,0.0,0.0,0.0,1.0,10.0,1.0,1.0,2.0
0.5041818746661916,1.1988166781015301,1.2345454063429926,0.6446127350882096,1.0,0.0,1.0,0.0,0.0,2.0,1.0,1.0,1.0
-1.4317640986537838,-0.45665617904363826,0.5428977345120218,0.4818893477502197,1.0,0.0,0.0,1.0,0.0,2.0,0.0,1.0,2.0
1.181762965328183,-1.2119656701161212,-1.2170740485175422,-1.3742797596915426,0.0,1.0,0.0,0.0,1.0,3.0,0.0,1.0,2.0
1.665749458658177,0.7746017584580807,0.7619605185358647,0.526300033985733,1.0,0.0,0.0,0.0,1.0,8.0,0.0,1.0,3.0
-0.27019651466179856,-1.067111795115919,0.5337396827647735,0.7062770706015146,1.0,0.0,0.0,1.0,0.0,2.0,1.0,1.0,2.0
0.6977764719981892,0.3814269548861032,-1.2170740485175422,0.08774231123801449,1.0,0.0,0.0,0.0,1.0,3.0,0.0,1.0,2.0
-0.1733992159957998,-0.10486819690028999,-0.20474297622626528,-1.058376809323439,1.0,0.0,0.0,1.0,0.0,7.0,0.0,1.0,2.0
3.5048981333121536,0.6090544727435638,-1.2170740485175422,-1.5739691145259058,1.0,0.0,0.0,0.0,1.0,5.0,1.0,1.0,2.0
1.181762965328183,-1.0050315629729754,0.4821072075172053,1.3905743529394825,1.0,0.0,0.0,1.0,0.0,7.0,0.0,1.0,1.0
-0.6573857093257937,1.2402034995301592,0.028549590852982688,-1.1605469067491454,0.0,1.0,0.0,1.0,0.0,9.0,0.0,0.0,1.0
0.6009791733321904,0.9918825709583841,0.6309188771944837,1.556954605883338,1.0,0.0,1.0,0.0,0.0,1.0,1.0,0.0,1.0
1.9561413546561732,0.34004013345747397,0.7516754332481571,-1.4621134201032935,0.0,1.0,0.0,1.0,0.0,9.0,0.0,1.0,1.0
0.11699268000219652,-1.1395387326160202,0.3214868433814201,-0.8836051787770092,0.0,1.0,0.0,1.0,0.0,7.0,1.0,0.0,2.0
-0.6573857093257937,1.064309508458485,-1.2170740485175422,-0.17983285177608682,1.0,0.0,0.0,0.0,1.0,7.0,1.0,0.0,2.0
-0.7541830079917924,2.057593222745586,0.904801048452716,1.3723028975224123,0.0,1.0,1.0,0.0,0.0,6.0,1.0,1.0,2.0
0.5041818746661916,0.16414614238579986,0.7485693796083408,-0.13999803128894553,0.0,1.0,1.0,0.0,0.0,8.0,1.0,1.0,1.0
-0.8509803066577912,-0.9946848576158179,-1.2170740485175422,-0.20373224806208237,0.0,1.0,1.0,0.0,0.0,1.0,0.0,0.0,2.0
-1.1413722026557875,-0.2393753665433349,0.32335767726301534,0.9765488719289124,0.0,1.0,0.0,1.0,0.0,5.0,1.0,0.0,2.0
1.2785602639941818,-0.891217804044245,0.3538018897995151,1.3083488026156151,0.0,1.0,0.0,1.0,0.0,5.0,1.0,0.0,2.0
-0.5605884106597949,-0.7980974558298293,0.8700465876890972,1.6225184731389448,0.0,1.0,0.0,1.0,0.0,3.0,1.0,0.0,1.0
1.3753575626601806,0.6814814102436649,-1.2170740485175422,-0.03903221892600251,0.0,1.0,1.0,0.0,0.0,6.0,0.0,1.0,2.0
0.9881683679961855,1.6851118298879233,-1.2170740485175422,1.0083056063631015,0.0,1.0,1.0,0.0,0.0,8.0,0.0,0.0,2.0
2.052938653322172,-1.2326590808304358,0.0159895407008366,-1.495466358457158,0.0,1.0,1.0,0.0,0.0,5.0,0.0,1.0,2.0
-0.1733992159957998,-0.16694842904323381,-1.2170740485175422,-0.1525919688844847,1.0,0.0,0.0,0.0,1.0,3.0,1.0,0.0,2.0
0.2137899786681953,-0.022094554043031577,0.804950956536951,-0.5102907256580491,1.0,0.0,1.0,0.0,0.0,2.0,1.0,1.0,1.0
-0.07660191732980101,-0.3221490094005933,-1.2170740485175422,-1.075791192300204,0.0,1.0,0.0,0.0,1.0,0.0,1.0,1.0,2.0
-1.5285613973197827,1.9023926423882267,-1.2170740485175422,-1.3927637871650473,0.0,1.0,1.0,0.0,0.0,9.0,1.0,0.0,1.0
-0.27019651466179856,0.09171920488569875,0.1402943796440488,1.41930671931052,1.0,0.0,0.0,0.0,1.0,0.0,1.0,1.0,1.0
0.6009791733321904,-1.4188997772592673,1.657621676716922,-0.6868323403896031,0.0,1.0,1.0,0.0,0.0,1.0,1.0,0.0,1.0
-1.0445749039897887,0.2779599013145302,-1.2170740485175422,0.7752179111235407,1.0,0.0,1.0,0.0,0.0,4.0,1.0,1.0,2.0
-0.1733992159957998,0.6297478834578785,0.5010693740268363,1.2094709627513494,1.0,0.0,1.0,0.0,0.0,1.0,0.0,0.0,2.0
1.568952159992178,-1.0774585004730763,0.5731066058556487,-1.442713871571675,0.0,1.0,0.0,1.0,0.0,4.0,1.0,0.0,3.0
0.40738457600019284,-1.6879141165453573,0.595424956398614,-1.2442369776483992,0.0,1.0,1.0,0.0,0.0,10.0,1.0,1.0,1.0
0.6977764719981892,1.0539628031013277,-1.2170740485175422,-0.15848536389262385,0.0,1.0,1.0,0.0,0.0,8.0,1.0,0.0,3.0
-0.5605884106597949,-0.8291375719013011,-1.2170740485175422,-0.3885975722047602,1.0,0.0,1.0,0.0,0.0,9.0,0.0,1.0,2.0
-0.1733992159957998,-1.1498854379731775,0.7252254301510795,-1.2455261523703605,0.0,1.0,0.0,0.0,1.0,0.0,1.0,0.0,1.0
-0.94777760532379,1.923086053102541,-1.2170740485175422,-1.0088028139397338,1.0,0.0,1.0,0.0,0.0,9.0,1.0,1.0,2.0
-0.27019651466179856,-0.5704699379723686,-1.2170740485175422,0.4470494487266313,0.0,1.0,0.0,0.0,1.0,2.0,0.0,1.0,2.0
1.0849656666621843,0.3710802495289459,-1.2170740485175422,0.18042024875908555,1.0,0.0,0.0,0.0,1.0,5.0,1.0,0.0,2.0
0.8913710693301867,0.5676676513149347,0.46243451636788946,1.0157190133427012,1.0,0.0,0.0,1.0,0.0,10.0,0.0,1.0,3.0
-0.5605884106597949,0.3814269548861032,-1.2170740485175422,-1.2577152984967312,1.0,0.0,0.0,0.0,1.0,2.0,0.0,0.0,1.0
0.8913710693301867,0.6297478834578785,-1.2170740485175422,1.4503718117673077,1.0,0.0,0.0,0.0,1.0,8.0,1.0,0.0,2.0
0.6009791733321904,-0.022094554043031577,0.2744917470491516,1.2786889123453067,1.0,0.0,1.0,0.0,0.0,5.0,1.0,0.0,1.0
1.0849656666621843,-0.053134670114503485,1.1185797475374013,-1.2532349336149569,0.0,1.0,0.0,1.0,0.0,6.0,1.0,1.0,2.0
-0.4637911119937961,1.2195100888158448,0.989075540054379,-0.49540024445445047,1.0,0.0,0.0,1.0,0.0,7.0,1.0,1.0,1.0
0.8913710693301867,-0.1566017236860765,0.7210894372880824,1.5708300642151725,1.0,0.0,0.0,1.0,0.0,3.0,1.0,0.0,1.0
-0.7541830079917924,-0.6118567594009978,0.7857892965707932,-0.2396918903976749,0.0,1.0,0.0,1.0,0.0,7.0,1.0,0.0,1.0
0.2137899786681953,0.5883610620292492,-1.2170740485175422,0.99406658371216,1.0,0.0,0.0,0.0,1.0,5.0,0.0,1.0,1.0
0.6977764719981892,0.8677221066724964,0.49244421575935127,0.25245347344415336,0.0,1.0,0.0,1.0,0.0,2.0,1.0,0.0,1.0
-0.6573857093257937,0.050332383457069536,0.9846379760999678,0.5906717929739538,0.0,1.0,0.0,0.0,1.0,5.0,1.0,0.0,1.0
-0.36699381332779735,-1.8741548129741887,0.3337599508906165,-1.6333673484195927,0.0,1.0,1.0,0.0,0.0,1.0,0.0,0.0,1.0
1.9561413546561732,-1.5016734201165258,1.8428932270452432,-0.373878783815974,1.0,0.0,0.0,1.0,0.0,3.0,1.0,0.0,1.0
1.2785602639941818,-2.06039550940302,0.36542089668453115,-0.1361141554264136,0.0,1.0,0.0,1.0,0.0,1.0,0.0,0.0,2.0
-0.36699381332779735,-1.4913267147593685,-1.2170740485175422,-0.1344170580593306,1.0,0.0,1.0,0.0,0.0,1.0,0.0,0.0,2.0
-1.5285613973197827,0.25726649060021556,0.5156330393620209,0.28737460908832674,0.0,1.0,1.0,0.0,0.0,1.0,0.0,1.0,1.0
-0.1733992159957998,1.2919370263159458,0.27991520412917015,1.673798437554936,1.0,0.0,0.0,1.0,0.0,1.0,1.0,1.0,2.0
-0.1733992159957998,1.5712980709591928,-1.2170740485175422,-1.607397722965326,1.0,0.0,0.0,0.0,1.0,1.0,0.0,0.0,2.0
-0.07660191732980101,0.8366819906010244,1.6569746491887023,1.668252950986133,0.0,1.0,0.0,1.0,0.0,5.0,1.0,1.0,1.0
-0.4637911119937961,-1.274045902259065,0.8014412541708342,1.3377875970727249,0.0,1.0,1.0,0.0,0.0,1.0,1.0,1.0,1.0
0.6009791733321904,-0.36353583082922253,0.7568656389136551,-0.6585324242086609,1.0,0.0,0.0,1.0,0.0,4.0,1.0,1.0,1.0
-1.5285613973197827,-0.011747848685874276,0.29257058032460437,-0.5358353809536667,0.0,1.0,0.0,1.0,0.0,4.0,1.0,0.0,2.0
0.6977764719981892,0.7332149370294515,-1.2170740485175422,1.3925038531440421,0.0,1.0,1.0,0.0,0.0,5.0,1.0,0.0,2.0
0.8913710693301867,-0.5497765272580539,0.7229239411767886,-1.204166275239388,0.0,1.0,1.0,0.0,0.0,6.0,1.0,0.0,1.0
-0.4637911119937961,0.5055874191719908,0.009829838632185402,0.4919007610005643,1.0,0.0,1.0,0.0,0.0,2.0,1.0,0.0,1.0
0.2137899786681953,0.2779599013145302,1.1634746166258958,-1.4921022578029943,0.0,1.0,1.0,0.0,0.0,2.0,1.0,0.0,1.0
-1.1413722026557875,-1.781034464759773,1.555313523202646,-1.0357829394560534,0.0,1.0,0.0,0.0,1.0,2.0,1.0,1.0,1.0
-1.4317640986537838,-0.7256705183297281,1.3421603108539362,0.04625683916044181,1.0,0.0,0.0,0.0,1.0,10.0,1.0,1.0,1.0
-0.6573857093257937,-0.10486819690028999,0.7593405794911631,-0.0122434430513179,0.0,1.0,0.0,1.0,0.0,5.0,1.0,1.0,1.0
-2.0125478906497762,-0.09452149154313269,0.5702254445169452,-1.5620208949937753,0.0,1.0,0.0,1.0,0.0,5.0,0.0,1.0,2.0
-1.334966799987785,0.2676131959573729,-1.2170740485175422,1.3872895754094874,1.0,0.0,1.0,0.0,0.0,3.0,1.0,0.0,2.0
3.4081008346461545,0.4745473031005189,0.5201966330262763,-1.4510026161846457,1.0,0.0,0.0,1.0,0.0,3.0,1.0,1.0,2.0
-0.94777760532379,-0.06348137547166079,-1.2170740485175422,-0.44380211777068596,1.0,0.0,0.0,0.0,1.0,4.0,1.0,1.0,2.0
3.2145062373141573,-0.16694842904323381,-0.014441329404646413,-1.25960879017782,1.0,0.0,1.0,0.0,0.0,4.0,0.0,1.0,1.0
-0.8509803066577912,0.06067908881422684,1.0296326722928164,-1.3314597108406752,0.0,1.0,0.0,1.0,0.0,1.0,1.0,1.0,2.0
-1.2381695013217864,-0.5187364111865821,0.05113575452936753,-1.3247513403133904,1.0,0.0,1.0,0.0,0.0,8.0,1.0,1.0,1.0
-0.36699381332779735,0.8987622227439683,0.8291502683489097,-1.4573375070023027,0.0,1.0,0.0,0.0,1.0,8.0,1.0,0.0,1.0
-0.94777760532379,0.9091089281011256,-0.2624314683857887,0.09872369321722942,0.0,1.0,0.0,1.0,0.0,3.0,1.0,1.0,2.0
-0.8509803066577912,-0.5290831165437394,0.7080136941395316,-1.3569434821594089,0.0,1.0,0.0,1.0,0.0,2.0,1.0,1.0,1.0
-0.07660191732980101,0.24691978524305827,-0.12290146888288925,0.6770004014771352,1.0,0.0,1.0,0.0,0.0,6.0,0.0,0.0,1.0
-0.07660191732980101,1.2195100888158448,-1.2170740485175422,0.07888978099909943,0.0,1.0,0.0,0.0,1.0,6.0,0.0,0.0,2.0
-0.1733992159957998,0.050332383457069536,0.5880337318719027,0.9271634429193276,0.0,1.0,1.0,0.0,0.0,7.0,1.0,0.0,1.0
2.052938653322172,-0.6739369915439416,-0.46120684492046193,-0.6369765391700354,1.0,0.0,1.0,0.0,0.0,3.0,0.0,1.0,2.0
0.11699268000219652,0.7228682316722942,-1.2170740485175422,0.7830719441415602,0.0,1.0,1.0,0.0,0.0,3.0,1.0,1.0,1.0
-0.8509803066577912,-0.24972207190049223,0.5893457911726058,0.3160817520975121,0.0,1.0,0.0,1.0,0.0,6.0,1.0,1.0,1.0
-0.4637911119937961,-1.3257794290448517,-1.2170740485175422,-0.6580450044851506,0.0,1.0,0.0,0.0,1.0,7.0,1.0,0.0,2.0
-0.4637911119937961,-0.7980974558298293,-1.2170740485175422,-1.2453179291694174,0.0,1.0,0.0,0.0,1.0,5.0,0.0,0.0,2.0
-0.6573857093257937,-2.2362895004746943,-0.30051237402927083,-1.6343274017579417,0.0,1.0,0.0,1.0,0.0,2.0,1.0,1.0,2.0
-1.818953293317779,0.5366275352434627,1.4395322471485748,-1.012968669592348,0.0,1.0,0.0,0.0,1.0,3.0,1.0,1.0,1.0
-0.94777760532379,-0.6428968754724697,-1.2170740485175422,-0.026761488270606894,0.0,1.0,1.0,0.0,0.0,2.0,0.0,1.0,2.0
-0.5605884106597949,-0.042787964757346184,0.7322099516600528,-0.39387082041978233,0.0,1.0,0.0,0.0,1.0,7.0,1.0,0.0,2.0
-1.1413722026557875,-0.1979885451147057,0.5090156758342785,-0.6463323189664507,1.0,0.0,1.0,0.0,0.0,3.0,1.0,1.0,1.0
0.11699268000219652,1.2815903209587884,0.8118216655018299,-0.5159851170388878,0.0,1.0,1.0,0.0,0.0,9.0,1.0,0.0,1.0
-0.5605884106597949,-1.2533524915447505,0.8615693214280626,1.27111111862812,1.0,0.0,1.0,0.0,0.0,4.0,1.0,1.0,1.0
1.0849656666621843,-1.7913811701169302,-1.2170740485175422,-0.11352341673498191,1.0,0.0,1.0,0.0,0.0,2.0,0.0,1.0,1.0
0.7945737706641879,-0.311802304043436,-1.2170740485175422,0.5909690807353667,0.0,1.0,1.0,0.0,0.0,0.0,1.0,1.0,1.0
-0.27019651466179856,0.2676131959573729,-1.2170740485175422,-0.9139544496198625,1.0,0.0,1.0,0.0,0.0,7.0,1.0,0.0,1.0
0.6977764719981892,-0.011747848685874276,1.1781938900722153,1.3402153021624144,1.0,0.0,0.0,1.0,0.0,9.0,1.0,0.0,2.0
0.40738457600019284,0.5573209459577774,0.06853428457514947,0.056528835831849554,1.0,0.0,0.0,1.0,0.0,7.0,1.0,1.0,1.0
0.2137899786681953,2.057593222745586,0.3895785736816303,-0.4988899400552144,1.0,0.0,0.0,0.0,1.0,3.0,1.0,0.0,2.0
0.8913710693301867,-1.201618964758964,0.9457296789812695,-0.7246066731447743,0.0,1.0,0.0,1.0,0.0,5.0,1.0,1.0,1.0
-0.1733992159957998,2.057593222745586,0.9885225525519996,-1.2349549544411234,0.0,1.0,0.0,0.0,1.0,4.0,1.0,1.0,1.0
-0.36699381332779735,-0.09452149154313269,0.9235333393436257,0.3895908043822449,0.0,1.0,1.0,0.0,0.0,2.0,0.0,1.0,1.0
0.9881683679961855,-0.41526935761500905,0.6394290976526079,0.6749096457109429,1.0,0.0,0.0,1.0,0.0,9.0,1.0,1.0,2.0
0.2137899786681953,-0.3221490094005933,0.35709345145611776,-0.25846763909756293,0.0,1.0,1.0,0.0,0.0,0.0,1.0,0.0,1.0
-1.2381695013217864,1.1470831513157436,0.8795970355099815,1.2786887383910872,0.0,1.0,1.0,0.0,0.0,6.0,1.0,0.0,1.0
1.181762965328183,0.18483955310011446,0.2108478688429313,-0.2541109556659727,0.0,1.0,0.0,0.0,1.0,3.0,0.0,0.0,1.0
0.5041818746661916,-0.29110889332912143,0.12240587695081012,-0.33103333764903514,0.0,1.0,0.0,0.0,1.0,1.0,0.0,1.0,1.0
0.5041818746661916,-0.860177687972773,-1.2170740485175422,-0.6521199498090317,1.0,0.0,1.0,0.0,0.0,7.0,0.0,0.0,2.0
1.665749458658177,-0.33249571475775064,-1.2170740485175422,-0.9987839206579433,1.0,0.0,0.0,0.0,1.0,7.0,1.0,1.0,2.0
-0.1733992159957998,0.9815358656012267,-1.2170740485175422,0.7538368500756812,0.0,1.0,1.0,0.0,0.0,2.0,1.0,0.0,2.0
1.9561413546561732,-1.377512955830638,1.013718527885688,0.41772163706166965,0.0,1.0,1.0,0.0,0.0,5.0,0.0,1.0,1.0
-1.1413722026557875,0.25726649060021556,-1.2170740485175422,0.14085036054849912,0.0,1.0,0.0,0.0,1.0,4.0,0.0,1.0,1.0
1.181762965328183,-0.49804300047226746,1.7861877344720711,-0.10644226231494801,0.0,1.0,1.0,0.0,0.0,8.0,1.0,0.0,1.0
-0.8509803066577912,0.46420059774336164,-1.2170740485175422,-1.5804765679294739,1.0,0.0,0.0,0.0,1.0,0.0,1.0,1.0,2.0
0.020195381336197752,-1.0774585004730763,-0.017924668413091704,-0.2454871752259212,1.0,0.0,0.0,1.0,0.0,6.0,1.0,1.0,3.0
-0.1733992159957998,1.6230315977449794,0.3973896829049154,-1.125800421141519,1.0,0.0,0.0,1.0,0.0,2.0,1.0,0.0,1.0
-0.5605884106597949,-2.4949571344036268,0.8050226520096433,-0.5831838060509368,0.0,1.0,1.0,0.0,0.0,6.0,0.0,0.0,1.0
-1.334966799987785,-1.6258338844024134,-1.2170740485175422,0.17620516406230521,0.0,1.0,1.0,0.0,0.0,6.0,0.0,1.0,2.0
0.6009791733321904,0.753908347743766,0.13145252743667796,-1.14352078959068,0.0,1.0,0.0,0.0,1.0,5.0,0.0,1.0,1.0
-0.07660191732980101,-0.2807621879719641,-1.2170740485175422,1.1099698449180124,1.0,0.0,1.0,0.0,0.0,3.0,1.0,1.0,2.0
0.11699268000219652,2.057593222745586,-1.2170740485175422,0.6458291969463493,0.0,1.0,1.0,0.0,0.0,6.0,1.0,0.0,1.0
-1.5285613973197827,-0.5808166433295259,0.4085590659398868,-1.0927089359798157,1.0,0.0,0.0,0.0,1.0,10.0,0.0,0.0,2.0
0.11699268000219652,0.21587966917158638,0.43835898373524257,-1.7147168652932112,0.0,1.0,0.0,1.0,0.0,10.0,1.0,0.0,1.0
-0.07660191732980101,-0.5394298219008967,0.2154148383029863,0.9981651190817629,0.0,1.0,0.0,1.0,0.0,9.0,0.0,0.0,1.0
0.2137899786681953,0.7228682316722942,0.95422366346912,-0.615475101802166,0.0,1.0,1.0,0.0,0.0,6.0,1.0,1.0,1.0
0.6009791733321904,-0.0014011433287169732,0.17687337766115646,-0.2433411020178746,1.0,0.0,0.0,1.0,0.0,6.0,1.0,0.0,1.0
-0.5605884106597949,-0.1152149022574473,1.4722845394987834,0.7918910751702988,1.0,0.0,1.0,0.0,0.0,1.0,0.0,1.0,1.0
-1.5285613973197827,-1.305086018330537,-1.2170740485175422,1.0505166414909104,1.0,0.0,1.0,0.0,0.0,5.0,1.0,0.0,2.0
1.181762965328183,0.6194011781007212,-1.2170740485175422,-1.0689295681053912,0.0,1.0,1.0,0.0,0.0,7.0,1.0,0.0,3.0
-1.4317640986537838,-0.2704154826148068,-1.2170740485175422,1.4109576125833243,1.0,0.0,1.0,0.0,0.0,1.0,1.0,1.0,2.0
-1.0445749039897887,-0.7256705183297281,0.46065627574250667,-1.2163042788251766,0.0,1.0,1.0,0.0,0.0,3.0,1.0,1.0,1.0
1.0849656666621843,-0.9429513308300315,-1.2170740485175422,-0.26661791615167774,0.0,1.0,1.0,0.0,0.0,3.0,1.0,0.0,2.0
-0.8509803066577912,-0.09452149154313269,0.08444907199100155,1.3025606499103752,0.0,1.0,1.0,0.0,0.0,8.0,1.0,0.0,2.0
-1.334966799987785,0.7435616423866088,-1.2170740485175422,0.602764916371068,0.0,1.0,1.0,0.0,0.0,3.0,1.0,1.0,2.0
-0.7541830079917924,1.436790901316148,-1.2170740485175422,-0.27366375786511876,1.0,0.0,1.0,0.0,0.0,9.0,1.0,0.0,2.0
-0.4637911119937961,-1.1188453219017056,-1.2170740485175422,0.7957206773162943,1.0,0.0,1.0,0.0,0.0,8.0,0.0,1.0,2.0
3.2145062373141573,0.2676131959573729,-1.2170740485175422,0.9349299769648541,1.0,0.0,1.0,0.0,0.0,8.0,1.0,1.0,2.0
-1.6253586959857813,-0.1462550183289192,0.3711574990129901,0.4002140146231628,1.0,0.0,0.0,0.0,1.0,5.0,1.0,0.0,1.0
-0.36699381332779735,-0.48769629511511015,1.150572807337105,-0.7315060454052548,1.0,0.0,0.0,0.0,1.0,7.0,1.0,1.0,1.0
-0.8509803066577912,1.095349624529957,1.3771128183044534,-0.4858960817086582,1.0,0.0,0.0,1.0,0.0,6.0,0.0,0.0,1.0
2.052938653322172,0.34004013345747397,0.6567109216150389,0.35484936344698886,0.0,1.0,1.0,0.0,0.0,2.0,1.0,0.0,1.0
-0.1733992159957998,0.5159341245291481,-1.2170740485175422,1.1063289831003567,0.0,1.0,1.0,0.0,0.0,1.0,1.0,0.0,2.0
1.7625467573241755,-0.787750750472672,1.0002923449827228,-0.2676035407603176,1.0,0.0,1.0,0.0,0.0,8.0,1.0,1.0,1.0
1.2785602639941818,-0.787750750472672,0.7750510508850604,0.19976848079590193,0.0,1.0,0.0,0.0,1.0,8.0,0.0,0.0,1.0
0.2137899786681953,-0.36353583082922253,0.6029653589492227,0.2472623316208147,0.0,1.0,0.0,1.0,0.0,10.0,1.0,1.0,2.0
-0.6573857093257937,-1.853461402259874,1.3452795461725884,-0.7399231682323405,1.0,0.0,0.0,0.0,1.0,1.0,0.0,1.0,1.0
-1.0445749039897887,0.039985678099912235,-1.2170740485175422,0.4645711614569315,0.0,1.0,1.0,0.0,0.0,10.0,0.0,1.0,2.0
0.020195381336197752,2.057593222745586,-1.2170740485175422,0.07067305343307148,1.0,0.0,0.0,0.0,1.0,6.0,1.0,0.0,2.0
-0.36699381332779735,-1.1912722594018068,-1.2170740485175422,1.2521494128674067,1.0,0.0,1.0,0.0,0.0,8.0,1.0,0.0,1.0
0.11699268000219652,1.8506591156024401,-1.2170740485175422,-0.3172258954170906,0.0,1.0,0.0,0.0,1.0,4.0,0.0,1.0,2.0
-0.6573857093257937,0.008945562028440329,-1.2170740485175422,-0.7868050481124604,1.0,0.0,1.0,0.0,0.0,2.0,1.0,0.0,2.0
-0.94777760532379,-0.33249571475775064,0.37366314325705463,0.5541106169467488,0.0,1.0,0.0,1.0,0.0,4.0,0.0,1.0,1.0
-0.27019651466179856,1.0332693923870133,-0.04044862099545874,-0.18501825311017642,0.0,1.0,0.0,1.0,0.0,5.0,1.0,1.0,1.0
0.8913710693301867,-0.16694842904323381,0.8855054819198483,-0.984726854120775,1.0,0.0,1.0,0.0,0.0,8.0,1.0,1.0,2.0
-0.36699381332779735,2.057593222745586,-1.2170740485175422,-0.32818014053803707,1.0,0.0,1.0,0.0,0.0,5.0,1.0,1.0,1.0
1.2785602639941818,-1.646527295116728,0.7986978574511829,-1.5628737925328084,1.0,0.0,0.0,1.0,0.0,8.0,1.0,0.0,1.0
0.5041818746661916,-0.9946848576158179,0.48321302176978237,-0.6840702952897113,1.0,0.0,1.0,0.0,0.0,3.0,1.0,0.0,3.0
-0.8509803066577912,-1.646527295116728,0.023432366677624418,0.81482815671309,1.0,0.0,0.0,1.0,0.0,10.0,0.0,1.0,2.0
-0.5605884106597949,0.9401490441725975,1.7030939676392962,0.13584465392332684,0.0,1.0,0.0,1.0,0.0,0.0,1.0,1.0,1.0
-1.0445749039897887,-0.7774040451155146,0.7012828395720567,-0.7111568807884678,0.0,1.0,0.0,1.0,0.0,1.0,0.0,1.0,2.0
-0.1733992159957998,-0.30145559868627875,-1.2170740485175422,-1.6595091885513313,0.0,1.0,0.0,0.0,1.0,4.0,1.0,0.0,2.0
-1.1413722026557875,0.46420059774336164,0.19171401900407328,1.6743556129205333,0.0,1.0,1.0,0.0,0.0,4.0,0.0,0.0,2.0
-0.36699381332779735,-0.5083897058294248,-1.2170740485175422,-1.1969558728341407,1.0,0.0,1.0,0.0,0.0,5.0,1.0,0.0,2.0
-0.4637911119937961,1.612684892387822,-1.2170740485175422,0.2537894418512053,1.0,0.0,1.0,0.0,0.0,1.0,0.0,0.0,1.0
0.40738457600019284,-0.03244125940018888,0.5184608309766575,1.5060985679006775,1.0,0.0,0.0,1.0,0.0,1.0,0.0,0.0,1.0
3.1177089386481582,0.9504957495297548,-1.2170740485175422,-1.2180455605640552,0.0,1.0,1.0,0.0,0.0,0.0,0.0,1.0,2.0
-1.334966799987785,-1.4706333040450539,0.5309244298202491,0.12284435927064295,1.0,0.0,0.0,0.0,1.0,3.0,1.0,0.0,2.0
-1.0445749039897887,-0.29110889332912143,-1.2170740485175422,-1.019911356453526,1.0,0.0,1.0,0.0,0.0,4.0,1.0,0.0,2.0
2.052938653322172,1.2712436156016311,0.16365135002796485,-0.4474661154995575,0.0,1.0,1.0,0.0,0.0,5.0,1.0,0.0,1.0
-1.1413722026557875,0.08137249952854145,-1.2170740485175422,-0.008990325189302813,0.0,1.0,0.0,0.0,1.0,4.0,1.0,0.0,2.0
-0.4637911119937961,0.5159341245291481,0.5187339489320475,0.3394899016671648,1.0,0.0,0.0,0.0,1.0,6.0,1.0,1.0,1.0
-0.5605884106597949,-1.543060241545155,-1.2170740485175422,-1.6660669147243834,0.0,1.0,1.0,0.0,0.0,7.0,0.0,1.0,2.0
-0.7541830079917924,0.4021203656004178,0.9894176206953856,-0.7735989656179091,0.0,1.0,0.0,1.0,0.0,2.0,1.0,0.0,2.0
-1.1413722026557875,-1.2636991969019078,-1.2170740485175422,-1.080059333033983,1.0,0.0,1.0,0.0,0.0,1.0,1.0,1.0,2.0
-0.94777760532379,1.6851118298879233,0.9043494955765002,0.8321139875215201,0.0,1.0,0.0,1.0,0.0,1.0,1.0,1.0,2.0
-0.07660191732980101,-0.8394842772584584,0.8277190916821421,0.8229702579188801,0.0,1.0,0.0,1.0,0.0,1.0,1.0,0.0,1.0
-0.36699381332779735,1.1056963298871143,-1.2170740485175422,-0.38107892292226087,0.0,1.0,1.0,0.0,0.0,7.0,1.0,0.0,2.0
0.2137899786681953,1.436790901316148,0.8183583314347483,1.7111126613990848,1.0,0.0,1.0,0.0,0.0,2.0,1.0,0.0,1.0
-0.6573857093257937,-0.011747848685874276,0.060103475694401776,0.32122488255622245,1.0,0.0,0.0,0.0,1.0,4.0,1.0,1.0,1.0
0.9881683679961855,-0.022094554043031577,-1.2170740485175422,-0.260841592333375,1.0,0.0,0.0,0.0,1.0,2.0,1.0,0.0,1.0
-0.4637911119937961,0.8470286959581818,0.3958805414303997,-0.8923764723953391,0.0,1.0,0.0,1.0,0.0,3.0,1.0,0.0,3.0
-1.4317640986537838,-0.7774040451155146,-1.2170740485175422,-0.37157754344398336,0.0,1.0,1.0,0.0,0.0,3.0,0.0,1.0,1.0
-1.6253586959857813,-0.20833525047186302,-1.2170740485175422,-1.2016221947767403,1.0,0.0,1.0,0.0,0.0,3.0,0.0,0.0,2.0
1.0849656666621843,0.8366819906010244,1.1192782157635168,-0.13781681932852585,0.0,1.0,0.0,1.0,0.0,6.0,0.0,0.0,1.0
0.6977764719981892,-0.30145559868627875,0.5041521186004185,-1.1980940552934298,1.0,0.0,0.0,0.0,1.0,4.0,1.0,1.0,2.0
-0.7541830079917924,-0.9532980361871888,0.8256156493947496,1.0625661023788877,1.0,0.0,1.0,0.0,0.0,3.0,0.0,1.0,1.0
0.6009791733321904,1.064309508458485,-1.2170740485175422,-0.4518810735947367,1.0,0.0,1.0,0.0,0.0,6.0,1.0,0.0,1.0
0.31058727733419406,-0.5187364111865821,0.3662661316518303,-1.0410104377113027,0.0,1.0,0.0,1.0,0.0,1.0,1.0,0.0,1.0
-0.36699381332779735,1.9334327584596984,-1.2170740485175422,1.6951354881852188,0.0,1.0,0.0,0.0,1.0,0.0,0.0,1.0,2.0
-0.94777760532379,-1.0567650897587617,-1.2170740485175422,0.8042197325808439,0.0,1.0,1.0,0.0,0.0,3.0,1.0,0.0,2.0
-0.5605884106597949,0.008945562028440329,0.789635774755946,1.6702800395079267,1.0,0.0,0.0,0.0,1.0,3.0,1.0,0.0,1.0
-0.4637911119937961,-0.653243580829627,0.7301534490094901,-0.2330710188428832,0.0,1.0,0.0,0.0,1.0,6.0,1.0,0.0,2.0
0.7945737706641879,0.3193467227431594,0.9375197435971115,0.7729182363395267,1.0,0.0,0.0,0.0,1.0,10.0,1.0,0.0,1.0
0.2137899786681953,0.5883610620292492,-1.2170740485175422,0.4964988928890541,0.0,1.0,1.0,0.0,0.0,0.0,1.0,0.0,1.0
0.31058727733419406,-0.30145559868627875,-1.2170740485175422,0.33518140355442244,0.0,1.0,0.0,0.0,1.0,9.0,1.0,0.0,2.0
-0.1733992159957998,0.7642550531009233,0.7818532794208657,1.34163320300693,0.0,1.0,1.0,0.0,0.0,6.0,0.0,1.0,2.0
1.9561413546561732,-0.311802304043436,-1.2170740485175422,1.2438681482858818,1.0,0.0,0.0,0.0,1.0,2.0,1.0,1.0,2.0
-0.5605884106597949,1.6333783031021367,-1.2170740485175422,0.420742352086208,0.0,1.0,0.0,0.0,1.0,9.0,1.0,1.0,1.0
-0.94777760532379,-0.16694842904323381,-1.2170740485175422,-1.3045375120795053,0.0,1.0,1.0,0.0,0.0,1.0,0.0,1.0,1.0
-0.7541830079917924,0.4745473031005189,0.5319968076191939,0.4169184904294616,0.0,1.0,0.0,1.0,0.0,3.0,0.0,1.0,2.0
-0.6573857093257937,0.5883610620292492,0.175265855851915,1.2571770377242575,0.0,1.0,1.0,0.0,0.0,10.0,1.0,1.0,2.0
-0.4637911119937961,0.29865331202884476,1.136695071557924,-0.5691037775567722,0.0,1.0,0.0,1.0,0.0,6.0,1.0,0.0,1.0
-0.1733992159957998,0.5676676513149347,-1.2170740485175422,0.1920560465126922,1.0,0.0,0.0,0.0,1.0,7.0,1.0,1.0,2.0
0.40738457600019284,-2.1431691522602785,-1.2170740485175422,1.0310704732284208,0.0,1.0,1.0,0.0,0.0,3.0,1.0,1.0,2.0
0.11699268000219652,0.3193467227431594,-1.2170740485175422,0.7112504217418286,0.0,1.0,1.0,0.0,0.0,4.0,1.0,1.0,2.0
0.11699268000219652,0.443507187029047,-1.2170740485175422,-1.0332125919062358,0.0,1.0,1.0,0.0,0.0,9.0,1.0,0.0,2.0
-0.7541830079917924,1.4471376066733053,0.876567660660466,-0.05761609612159648,0.0,1.0,0.0,1.0,0.0,1.0,0.0,0.0,1.0
0.11699268000219652,-0.46700288440079557,0.7039447349359798,-0.9234142540396394,0.0,1.0,1.0,0.0,0.0,6.0,1.0,0.0,2.0
-0.6573857093257937,-1.4602865986878966,-1.2170740485175422,-1.2410506582067367,1.0,0.0,1.0,0.0,0.0,1.0,0.0,1.0,2.0
-0.36699381332779735,-0.10486819690028999,0.4501118971869684,1.610912073648462,0.0,1.0,0.0,1.0,0.0,2.0,0.0,1.0,1.0
0.7945737706641879,-0.5497765272580539,-1.2170740485175422,1.500491675492332,0.0,1.0,1.0,0.0,0.0,2.0,1.0,1.0,2.0
1.7625467573241755,-0.42561606297216636,0.5019793921230478,1.5091185871083375,0.0,1.0,0.0,1.0,0.0,6.0,0.0,1.0,2.0
-0.7541830079917924,0.019292267385597632,1.0868578766669166,-0.281444556156658,0.0,1.0,0.0,1.0,0.0,9.0,1.0,0.0,1.0
-0.07660191732980101,-1.3464728397591663,0.5615070499845243,0.6375247964536089,0.0,1.0,1.0,0.0,0.0,5.0,0.0,1.0,1.0
1.181762965328183,-0.860177687972773,-1.2170740485175422,-0.5787827642933311,0.0,1.0,1.0,0.0,0.0,4.0,1.0,1.0,3.0
-0.07660191732980101,-0.891217804044245,0.751300398410061,-0.5656878385451477,0.0,1.0,0.0,0.0,1.0,0.0,0.0,0.0,1.0
-1.5285613973197827,-0.5911633486866832,0.46686677550032996,-0.7497804580440592,1.0,0.0,0.0,1.0,0.0,4.0,1.0,0.0,2.0
-0.8509803066577912,-0.24972207190049223,0.8529459314345679,-1.037805331213916,0.0,1.0,0.0,1.0,0.0,3.0,1.0,1.0,2.0
0.40738457600019284,0.8677221066724964,0.7630714768582314,1.6841306223863488,0.0,1.0,0.0,1.0,0.0,10.0,1.0,1.0,2.0
0.40738457600019284,-0.5497765272580539,-1.2170740485175422,0.01503014323358193,1.0,0.0,1.0,0.0,0.0,5.0,1.0,1.0,3.0
-1.1413722026557875,-0.8084441611869866,0.8444606275644869,-1.5347520054728065,0.0,1.0,1.0,0.0,0.0,2.0,1.0,1.0,1.0
-0.7541830079917924,-1.5844470629737841,-1.2170740485175422,-1.4954169554587722,1.0,0.0,1.0,0.0,0.0,10.0,1.0,0.0,2.0
0.7945737706641879,0.18483955310011446,-0.19270038734451403,1.4276346036229157,0.0,1.0,0.0,1.0,0.0,0.0,1.0,1.0,2.0
0.020195381336197752,1.747192062030867,0.572690739963598,-1.4453574538479728,0.0,1.0,0.0,1.0,0.0,9.0,1.0,0.0,1.0
1.181762965328183,-0.2186819558290203,0.5262709756868568,-0.1998038399193152,1.0,0.0,0.0,1.0,0.0,0.0,0.0,0.0,3.0
0.31058727733419406,-1.0153782683301327,-1.2170740485175422,-1.322689634901883,0.0,1.0,1.0,0.0,0.0,1.0,0.0,0.0,2.0
-0.36699381332779735,-2.432876902260683,-1.2170740485175422,0.3453702501088288,0.0,1.0,0.0,0.0,1.0,8.0,0.0,0.0,1.0
0.11699268000219652,-1.377512955830638,-1.2170740485175422,1.6448743736338238,0.0,1.0,1.0,0.0,0.0,4.0,0.0,1.0,2.0
-1.9157505919837776,1.3436705531017323,-1.2170740485175422,0.42512025793259806,1.0,0.0,1.0,0.0,0.0,3.0,1.0,1.0,2.0
-1.7221559946517802,0.9918825709583841,0.08543014255118157,1.1798249888186145,1.0,0.0,1.0,0.0,0.0,4.0,1.0,0.0,2.0
-0.1733992159957998,-1.098151911187391,0.5589780966742258,0.4789999681615306,0.0,1.0,0.0,1.0,0.0,9.0,1.0,1.0,1.0
0.31058727733419406,2.057593222745586,-1.2170740485175422,-1.3955660156896823,1.0,0.0,1.0,0.0,0.0,8.0,1.0,0.0,1.0
-0.7541830079917924,0.29865331202884476,0.6041222923953338,0.3962857804346152,0.0,1.0,1.0,0.0,0.0,10.0,1.0,1.0,1.0
-0.4637911119937961,0.753908347743766,-1.2170740485175422,0.33059457869021125,1.0,0.0,1.0,0.0,0.0,2.0,1.0,1.0,2.0
0.31058727733419406,0.029638972742754933,0.3786017717594062,-0.5610161240217383,0.0,1.0,1.0,0.0,0.0,7.0,1.0,1.0,1.0
0.020195381336197752,0.6918281156008222,-1.2170740485175422,-0.8301130385494971,1.0,0.0,0.0,0.0,1.0,2.0,1.0,1.0,1.0
1.0849656666621843,1.5712980709591928,0.3610786587734083,-1.3464307328479803,1.0,0.0,0.0,1.0,0.0,8.0,0.0,0.0,1.0
0.6977764719981892,0.5676676513149347,0.8350956877603892,0.8749571722836031,1.0,0.0,0.0,0.0,1.0,2.0,1.0,0.0,2.0
-0.8509803066577912,0.09171920488569875,-1.2170740485175422,0.5095183225059016,0.0,1.0,0.0,0.0,1.0,4.0,1.0,0.0,2.0
0.8913710693301867,-0.5187364111865821,0.7245341957731057,-0.6248089633669032,1.0,0.0,0.0,1.0,0.0,8.0,1.0,0.0,1.0
-2.0125478906497762,0.2676131959573729,0.9498150349072754,0.2609349593325161,0.0,1.0,0.0,0.0,1.0,8.0,1.0,1.0,2.0
2.440127847986167,0.25726649060021556,0.6629921523324689,-0.1515004061560667,1.0,0.0,0.0,0.0,1.0,4.0,1.0,1.0,1.0
-0.27019651466179856,0.6090544727435638,-1.2170740485175422,-0.2896772875108954,1.0,0.0,0.0,0.0,1.0,8.0,0.0,0.0,2.0
2.3433305493201684,1.2608969102444738,0.5701659662100034,-0.11772649859060509,0.0,1.0,0.0,0.0,1.0,9.0,1.0,1.0,1.0
-1.334966799987785,-0.011747848685874276,1.3645908664191866,-1.243201602132934,0.0,1.0,0.0,0.0,1.0,7.0,1.0,1.0,2.0
0.40738457600019284,1.0746562138156424,-1.2170740485175422,-1.4228063767186254,1.0,0.0,1.0,0.0,0.0,9.0,1.0,0.0,2.0
0.2137899786681953,0.6607879995293504,0.2983030030963592,0.9213037950298039,0.0,1.0,1.0,0.0,0.0,4.0,0.0,1.0,1.0
-0.27019651466179856,0.029638972742754933,-1.2170740485175422,0.8139912629622659,1.0,0.0,0.0,0.0,1.0,2.0,1.0,1.0,2.0
-0.27019651466179856,0.24691978524305827,0.22021039736431522,0.8617867504040838,0.0,1.0,0.0,1.0,0.0,7.0,1.0,1.0,1.0
-0.07660191732980101,0.3814269548861032,0.7689260712874889,1.0055480840729207,1.0,0.0,1.0,0.0,0.0,7.0,1.0,1.0,1.0
0.020195381336197752,0.10206591024285605,-1.2170740485175422,1.4195145946030232,0.0,1.0,1.0,0.0,0.0,5.0,0.0,0.0,2.0
0.11699268000219652,0.49524071381483353,-1.2170740485175422,0.9222607171921988,0.0,1.0,1.0,0.0,0.0,7.0,0.0,1.0,1.0
2.7305197439841633,-0.7360172236868854,1.257643726467802,-1.6080288288742821,0.0,1.0,0.0,0.0,1.0,3.0,1.0,1.0,1.0
-1.9157505919837776,-0.5601232326152112,-1.2170740485175422,-0.15346156602860592,0.0,1.0,1.0,0.0,0.0,2.0,1.0,1.0,2.0
-0.27019651466179856,2.057593222745586,1.0920371511841116,-1.3526061076462017,1.0,0.0,0.0,1.0,0.0,6.0,1.0,0.0,1.0
-1.2381695013217864,-0.30145559868627875,-1.2170740485175422,0.9285484664163258,0.0,1.0,1.0,0.0,0.0,9.0,1.0,1.0,2.0
0.11699268000219652,-0.311802304043436,-1.2170740485175422,0.5466495465109595,1.0,0.0,0.0,0.0,1.0,7.0,0.0,1.0,2.0
-0.27019651466179856,0.07102579417138415,1.5809858072484122,-0.08581285745027561,0.0,1.0,1.0,0.0,0.0,8.0,1.0,1.0,1.0
0.020195381336197752,-0.46700288440079557,-1.2170740485175422,-0.8575637102300192,1.0,0.0,1.0,0.0,0.0,3.0,1.0,0.0,2.0
-0.94777760532379,-1.3464728397591663,0.18489073193256725,-1.7197780633144577,1.0,0.0,0.0,1.0,0.0,2.0,1.0,1.0,1.0
0.11699268000219652,0.14345273167148526,1.5708920170560043,0.294123510948794,1.0,0.0,0.0,0.0,1.0,1.0,0.0,1.0,1.0
0.020195381336197752,-0.36353583082922253,0.7393494382714367,-0.7706587913970769,0.0,1.0,0.0,1.0,0.0,2.0,1.0,0.0,2.0
-0.07660191732980101,0.09171920488569875,-1.2170740485175422,0.8128330757677152,0.0,1.0,1.0,0.0,0.0,7.0,0.0,1.0,2.0
1.0849656666621843,-0.1979885451147057,0.5183966908564687,-1.6155711359306564,1.0,0.0,0.0,1.0,0.0,5.0,1.0,1.0,1.0
0.8913710693301867,-0.16694842904323381,0.09397074517150025,1.601347374834225,1.0,0.0,0.0,1.0,0.0,4.0,1.0,0.0,2.0
-0.36699381332779735,-0.311802304043436,0.19142514733495258,-1.734590613027645,0.0,1.0,1.0,0.0,0.0,7.0,1.0,0.0,1.0
0.2137899786681953,1.1884699727443728,-1.2170740485175422,-1.1407128205767958,0.0,1.0,0.0,0.0,1.0,0.0,0.0,1.0,2.0
-0.94777760532379,-0.20833525047186302,-1.2170740485175422,1.7065738478995016,0.0,1.0,0.0,0.0,1.0,3.0,1.0,1.0,2.0
-0.27019651466179856,-0.45665617904363826,1.327016973154339,-0.40207728468684967,0.0,1.0,0.0,0.0,1.0,8.0,1.0,1.0,1.0
-0.94777760532379,0.5676676513149347,0.5924267674721977,-1.0006596690086256,1.0,0.0,1.0,0.0,0.0,5.0,1.0,0.0,1.0
-0.4637911119937961,-0.8705243933299304,-1.2170740485175422,1.0735253921722048,0.0,1.0,0.0,0.0,1.0,10.0,0.0,1.0,2.0
0.31058727733419406,-1.543060241545155,0.9048981427699944,-1.246446544146625,1.0,0.0,0.0,1.0,0.0,0.0,0.0,1.0,1.0
-0.07660191732980101,-0.053134670114503485,-1.2170740485175422,-1.71049690987828,0.0,1.0,1.0,0.0,0.0,7.0,1.0,0.0,2.0
-0.36699381332779735,1.064309508458485,-1.2170740485175422,-0.9572349552901916,1.0,0.0,1.0,0.0,0.0,4.0,1.0,0.0,2.0
0.11699268000219652,0.8987622227439683,0.6381536898491557,1.402038109969837,1.0,0.0,0.0,1.0,0.0,1.0,0.0,0.0,2.0
-0.7541830079917924,-0.6325501701153124,0.5867520547333945,-1.2802555904644592,0.0,1.0,1.0,0.0,0.0,8.0,1.0,0.0,1.0
-0.5605884106597949,-0.6842836969010989,1.2393004558547285,-0.6370036760283035,1.0,0.0,1.0,0.0,0.0,4.0,1.0,0.0,1.0
0.7945737706641879,1.9023926423882267,0.5236997445529752,-0.9393378493538476,1.0,0.0,0.0,1.0,0.0,5.0,1.0,1.0,2.0
-0.4637911119937961,2.057593222745586,0.4108071851901108,-1.1543029939883747,1.0,0.0,1.0,0.0,0.0,6.0,1.0,0.0,1.0
3.5048981333121536,0.050332383457069536,-1.2170740485175422,-1.7148723803655945,1.0,0.0,1.0,0.0,0.0,3.0,1.0,1.0,2.0
0.020195381336197752,-1.2636991969019078,0.4230013633784736,-1.5222330421459445,0.0,1.0,1.0,0.0,0.0,6.0,1.0,0.0,2.0
-0.5605884106597949,-2.06039550940302,1.2530965295260004,0.20891099271900387,0.0,1.0,0.0,1.0,0.0,7.0,1.0,0.0,1.0
-0.5605884106597949,-0.2393753665433349,-1.2170740485175422,1.4676785170820983,0.0,1.0,1.0,0.0,0.0,6.0,0.0,0.0,2.0
-0.4637911119937961,-0.08417478618597539,-1.2170740485175422,0.281588891742162,0.0,1.0,0.0,0.0,1.0,6.0,1.0,1.0,2.0
0.11699268000219652,-0.7049771076154135,0.5946197487243648,-1.228900651779791,0.0,1.0,1.0,0.0,0.0,9.0,0.0,0.0,1.0
-0.7541830079917924,1.6851118298879233,0.69380191532839,0.032103228031357664,0.0,1.0,1.0,0.0,0.0,1.0,1.0,0.0,1.0
3.4081008346461545,0.019292267385597632,0.7324692449278835,1.0522424413042386,1.0,0.0,1.0,0.0,0.0,0.0,1.0,1.0,1.0
0.40738457600019284,2.057593222745586,-1.2170740485175422,1.2871293450378276,0.0,1.0,1.0,0.0,0.0,7.0,1.0,1.0,2.0
1.181762965328183,-0.2393753665433349,1.2891138594229594,-0.49922862892090847,1.0,0.0,0.0,1.0,0.0,9.0,1.0,1.0,2.0
-0.4637911119937961,0.5159341245291481,0.4802866890682394,-0.43774329229964215,1.0,0.0,1.0,0.0,0.0,3.0,0.0,1.0,1.0
0.2137899786681953,-0.9946848576158179,0.6037691198538434,1.487803454709733,0.0,1.0,0.0,1.0,0.0,10.0,1.0,1.0,2.0
0.2137899786681953,-1.7396476433311436,0.6851778823261716,1.1009440562763075,0.0,1.0,0.0,1.0,0.0,1.0,0.0,0.0,1.0
0.2137899786681953,2.047246517388429,0.6390555095841401,0.05767989090339406,1.0,0.0,1.0,0.0,0.0,9.0,1.0,0.0,1.0
0.31058727733419406,-1.036071679044447,1.0264068582782115,-0.9815064396520574,0.0,1.0,1.0,0.0,0.0,2.0,1.0,0.0,1.0
0.5041818746661916,-1.5223668308308405,0.9028143122486746,1.0120313578399551,1.0,0.0,0.0,1.0,0.0,0.0,1.0,1.0,2.0
-0.27019651466179856,-0.1566017236860765,0.33648839765744215,1.429913925763228,0.0,1.0,0.0,1.0,0.0,6.0,0.0,0.0,1.0
-1.5285613973197827,1.1056963298871143,0.7559837524491052,0.045265474062552595,1.0,0.0,0.0,1.0,0.0,5.0,1.0,0.0,1.0
-1.0445749039897887,-0.7463639290440427,1.19949982337972,0.794966063911374,0.0,1.0,0.0,1.0,0.0,6.0,1.0,0.0,1.0
0.2137899786681953,-1.067111795115919,0.11068752521798286,-0.7686445754875388,1.0,0.0,1.0,0.0,0.0,4.0,0.0,1.0,1.0
-1.2381695013217864,1.2195100888158448,-1.2170740485175422,1.3391837536397821,1.0,0.0,1.0,0.0,0.0,7.0,1.0,0.0,2.0
0.5041818746661916,-1.5223668308308405,0.6078271479090925,-1.5212903842295624,0.0,1.0,0.0,0.0,1.0,4.0,1.0,1.0,1.0
0.11699268000219652,0.7228682316722942,0.3948825918912226,0.6733035264007466,0.0,1.0,0.0,1.0,0.0,6.0,1.0,0.0,1.0
-0.94777760532379,-1.5534069469023122,-1.2170740485175422,0.22275792255881313,1.0,0.0,1.0,0.0,0.0,8.0,1.0,0.0,2.0
-0.4637911119937961,-1.3464728397591663,-0.08005667235772014,-1.3849316723787057,1.0,0.0,0.0,0.0,1.0,7.0,1.0,1.0,1.0
-1.0445749039897887,-0.6428968754724697,-1.2170740485175422,0.9008613909512746,0.0,1.0,1.0,0.0,0.0,7.0,1.0,0.0,2.0
-1.1413722026557875,-0.16694842904323381,0.8246366686129216,1.079407828064505,0.0,1.0,1.0,0.0,0.0,3.0,1.0,0.0,1.0
1.4721548613261792,-0.5704699379723686,0.038822941231482846,0.9328159113332264,1.0,0.0,0.0,0.0,1.0,0.0,1.0,1.0,1.0
0.2137899786681953,0.6194011781007212,-1.2170740485175422,1.6332366623838015,0.0,1.0,1.0,0.0,0.0,3.0,1.0,1.0,2.0
-0.8509803066577912,0.443507187029047,1.1087532882218702,-1.1838141534008664,0.0,1.0,1.0,0.0,0.0,10.0,1.0,1.0,1.0
-0.07660191732980101,-0.2807621879719641,0.7747507658110943,0.6129814216464016,0.0,1.0,0.0,0.0,1.0,7.0,1.0,0.0,1.0
-0.27019651466179856,0.49524071381483353,0.7698479850450888,0.06434842591437495,0.0,1.0,0.0,1.0,0.0,2.0,1.0,0.0,2.0
0.6977764719981892,-1.3982063665449527,-1.2170740485175422,1.2048738745881777,0.0,1.0,1.0,0.0,0.0,2.0,1.0,1.0,2.0
-0.27019651466179856,-0.6118567594009978,0.4660438850861792,0.14072946236582975,0.0,1.0,0.0,1.0,0.0,2.0,1.0,0.0,2.0
0.5041818746661916,1.0022292763155414,0.2764988987801704,-0.24985829685774394,0.0,1.0,1.0,0.0,0.0,2.0,0.0,1.0,1.0
-0.27019651466179856,0.9298023388154402,0.663620854112063,1.199545308931301,0.0,1.0,0.0,1.0,0.0,8.0,1.0,0.0,2.0
0.40738457600019284,-1.2947393129733797,-1.2170740485175422,-1.1855589142241387,1.0,0.0,0.0,0.0,1.0,3.0,1.0,0.0,2.0
0.11699268000219652,-1.3257794290448517,0.4381495236434984,0.5017432647036114,1.0,0.0,1.0,0.0,0.0,2.0,1.0,0.0,1.0
1.4721548613261792,-2.2362895004746943,-1.2170740485175422,0.9924395898956032,0.0,1.0,1.0,0.0,0.0,3.0,1.0,0.0,1.0
0.6009791733321904,0.008945562028440329,0.5645020238673222,0.9310873282523835,1.0,0.0,0.0,1.0,0.0,9.0,1.0,1.0,1.0
0.020195381336197752,-1.1602321433303349,-1.2170740485175422,-1.2467993233041121,0.0,1.0,1.0,0.0,0.0,1.0,1.0,1.0,1.0
3.0209116399821596,-0.24972207190049223,0.3006962815659579,0.7904620412557245,0.0,1.0,1.0,0.0,0.0,1.0,0.0,1.0,1.0
0.40738457600019284,1.1781232673872155,1.3221752782170848,0.639179275036873,0.0,1.0,1.0,0.0,0.0,9.0,0.0,0.0,2.0
2.1497359519881707,-0.18764183975754842,1.3099740269327618,-0.8609005000716948,0.0,1.0,1.0,0.0,0.0,3.0,0.0,1.0,1.0
-0.07660191732980101,1.126389740601429,0.2496585893878091,-0.3335805492876366,0.0,1.0,0.0,0.0,1.0,3.0,0.0,1.0,1.0
-0.07660191732980101,0.8159885798867099,-0.5925809217719941,-0.10186030816888748,0.0,1.0,0.0,1.0,0.0,0.0,0.0,0.0,2.0
2.1497359519881707,0.7021748209579796,-1.2170740485175422,-1.2303131600434967,0.0,1.0,1.0,0.0,0.0,5.0,0.0,1.0,2.0
0.9881683679961855,0.49524071381483353,-1.2170740485175422,0.10265592835282908,1.0,0.0,1.0,0.0,0.0,2.0,0.0,0.0,1.0
-0.5605884106597949,1.2815903209587884,0.12523334706108485,0.5041648813956124,0.0,1.0,0.0,1.0,0.0,3.0,1.0,0.0,2.0
0.40738457600019284,-0.6325501701153124,-1.2170740485175422,0.7613909860189931,0.0,1.0,1.0,0.0,0.0,8.0,1.0,1.0,2.0
0.020195381336197752,-0.7980974558298293,0.7525357789204632,-0.19822190024565245,1.0,0.0,1.0,0.0,0.0,2.0,1.0,0.0,2.0
-0.07660191732980101,0.2779599013145302,0.7840258451460553,0.4591455293454799,0.0,1.0,0.0,0.0,1.0,3.0,1.0,0.0,1.0
-0.5605884106597949,-0.0014011433287169732,0.3395661589134157,0.15492360482809664,1.0,0.0,1.0,0.0,0.0,1.0,1.0,0.0,1.0
0.9881683679961855,-0.06348137547166079,1.3571129964669575,-0.1994684561837949,0.0,1.0,0.0,1.0,0.0,4.0,0.0,1.0,1.0
-1.5285613973197827,-1.2533524915447505,0.9862094894206824,1.1371133134466007,0.0,1.0,0.0,1.0,0.0,1.0,1.0,1.0,2.0
0.6977764719981892,0.5055874191719908,-0.3075229373915537,-0.9469121639866408,1.0,0.0,0.0,0.0,1.0,5.0,0.0,1.0,2.0
2.827317042650162,0.7228682316722942,0.9776110160152307,1.314057980105126,0.0,1.0,0.0,1.0,0.0,4.0,0.0,0.0,1.0
-0.8509803066577912,-0.41526935761500905,0.4570899886087045,1.0397408733993436,0.0,1.0,1.0,0.0,0.0,2.0,0.0,0.0,1.0
0.7945737706641879,0.22622637452874367,1.7340070942875516,-1.144812747580156,0.0,1.0,0.0,1.0,0.0,1.0,0.0,1.0,2.0
-0.94777760532379,-0.18764183975754842,0.6703550844753374,-1.2093254094863077,0.0,1.0,0.0,1.0,0.0,6.0,0.0,0.0,1.0
-0.1733992159957998,0.6400945888150358,-1.2170740485175422,-1.4517398341675993,1.0,0.0,1.0,0.0,0.0,8.0,1.0,1.0,1.0
2.1497359519881707,-0.011747848685874276,1.2419316475520952,-0.2937739093840817,0.0,1.0,0.0,0.0,1.0,1.0,0.0,1.0,1.0
1.665749458658177,1.4988711334590918,0.2977119173271013,0.37062527162869885,0.0,1.0,0.0,0.0,1.0,6.0,0.0,0.0,1.0
0.40738457600019284,0.2779599013145302,1.2487547738714202,1.6346404729365236,1.0,0.0,0.0,1.0,0.0,2.0,1.0,1.0,2.0
-1.0445749039897887,-1.5016734201165258,-0.36422328589493635,-1.309550872690343,0.0,1.0,0.0,1.0,0.0,8.0,0.0,1.0,1.0
-0.07660191732980101,-0.7256705183297281,0.9226254110257659,0.10218433846330856,0.0,1.0,0.0,1.0,0.0,1.0,1.0,0.0,1.0
-0.07660191732980101,0.34004013345747397,0.4719487949480658,1.7133897221345415,0.0,1.0,1.0,0.0,0.0,5.0,1.0,1.0,2.0
-0.7541830079917924,-0.42561606297216636,0.5155877072470001,0.718062816892475,1.0,0.0,1.0,0.0,0.0,6.0,1.0,1.0,1.0
-0.4637911119937961,0.11241261560001335,-1.2170740485175422,-1.363129990027689,0.0,1.0,1.0,0.0,0.0,2.0,0.0,1.0,2.0
-0.5605884106597949,-1.2843926076162224,0.9075598773817362,-0.019561871026979233,0.0,1.0,0.0,0.0,1.0,9.0,0.0,0.0,1.0
0.7945737706641879,-1.367166250473481,1.3114937780512184,0.8248863636485253,1.0,0.0,0.0,0.0,1.0,6.0,0.0,0.0,2.0
-1.4317640986537838,-1.2119656701161212,-1.2170740485175422,1.214107016659727,0.0,1.0,1.0,0.0,0.0,1.0,1.0,1.0,1.0
-1.334966799987785,0.6814814102436649,0.5297371142119434,1.5682522366339091,1.0,0.0,1.0,0.0,0.0,7.0,1.0,0.0,2.0
0.5041818746661916,-0.03244125940018888,0.5732196146388383,-0.13761433661683206,0.0,1.0,0.0,1.0,0.0,9.0,1.0,1.0,2.0
-0.36699381332779735,1.9023926423882267,0.8264088006554295,-1.2377016915696843,0.0,1.0,1.0,0.0,0.0,6.0,1.0,0.0,1.0
-0.6573857093257937,-1.0464183844016044,0.35048589381141193,1.7270200789708636,0.0,1.0,1.0,0.0,0.0,8.0,1.0,1.0,1.0
0.020195381336197752,-1.098151911187391,-1.2170740485175422,-1.0689130424545228,1.0,0.0,0.0,0.0,1.0,6.0,0.0,0.0,1.0
-0.7541830079917924,1.4264441959589906,1.6037594079677546,1.269417152436991,0.0,1.0,1.0,0.0,0.0,4.0,1.0,1.0,1.0
-0.8509803066577912,-0.860177687972773,-0.042709118163614196,-1.2671989346446029,0.0,1.0,1.0,0.0,0.0,8.0,1.0,1.0,2.0
-1.334966799987785,-0.06348137547166079,1.5864497738780239,-0.9948323766039603,0.0,1.0,1.0,0.0,0.0,0.0,1.0,0.0,1.0
0.5041818746661916,-0.38422924154353716,0.6913092920109802,0.5867896566536182,1.0,0.0,0.0,1.0,0.0,6.0,1.0,0.0,1.0
-0.8509803066577912,2.057593222745586,0.7635625747709548,0.04038484052132179,0.0,1.0,0.0,1.0,0.0,5.0,1.0,1.0,2.0
0.40738457600019284,-0.5187364111865821,-1.2170740485175422,-0.8722903265586904,1.0,0.0,1.0,0.0,0.0,2.0,1.0,0.0,1.0
-0.27019651466179856,0.9815358656012267,1.0720493857601843,1.6278635644466897,0.0,1.0,1.0,0.0,0.0,7.0,1.0,1.0,1.0
-0.7541830079917924,0.443507187029047,-1.2170740485175422,-1.1179256875713586,0.0,1.0,0.0,0.0,1.0,5.0,1.0,0.0,1.0
-1.334966799987785,0.9298023388154402,-1.2170740485175422,-0.45202075883313025,0.0,1.0,0.0,0.0,1.0,4.0,1.0,1.0,2.0
2.2465332506541693,-0.6015100540438405,0.683560233129532,-1.306277228230407,1.0,0.0,0.0,1.0,0.0,3.0,0.0,1.0,1.0
0.31058727733419406,-0.5083897058294248,1.0159693799229883,0.6894859655938209,1.0,0.0,0.0,0.0,1.0,1.0,1.0,1.0,1.0
0.5041818746661916,-0.40492265225785173,0.6342024012420404,-0.03794239573978103,0.0,1.0,0.0,1.0,0.0,2.0,1.0,1.0,1.0
-0.4637911119937961,0.17449284774295717,-1.2170740485175422,0.00219475718114345,0.0,1.0,0.0,0.0,1.0,0.0,0.0,0.0,1.0
-1.1413722026557875,-1.7396476433311436,0.033668904806693045,-1.7005208093345279,0.0,1.0,1.0,0.0,0.0,1.0,1.0,1.0,1.0
1.4721548613261792,-0.5704699379723686,0.7689226954916895,0.35584177227019603,0.0,1.0,0.0,1.0,0.0,1.0,1.0,1.0,1.0
-0.1733992159957998,1.2608969102444738,0.4418112975727694,1.3639692727207673,0.0,1.0,0.0,0.0,1.0,2.0,1.0,0.0,2.0
2.2465332506541693,-0.24972207190049223,1.0885356471792218,0.7522756109541591,0.0,1.0,0.0,1.0,0.0,3.0,1.0,1.0,2.0
0.5041818746661916,0.20553296381442906,0.14522079098064997,-1.1339155594432604,1.0,0.0,0.0,1.0,0.0,0.0,0.0,1.0,2.0
0.40738457600019284,-0.311802304043436,-1.2170740485175422,0.051280115161800754,1.0,0.0,0.0,0.0,1.0,8.0,0.0,0.0,1.0
-0.36699381332779735,0.7228682316722942,0.6842035633575904,-1.6833863186972093,1.0,0.0,1.0,0.0,0.0,6.0,0.0,1.0,1.0
0.2137899786681953,2.057593222745586,1.6275717892802288,0.4513696017720914,0.0,1.0,0.0,1.0,0.0,1.0,0.0,1.0,2.0
-1.1413722026557875,1.2195100888158448,1.814938262030354,1.2435186742585684,0.0,1.0,0.0,1.0,0.0,7.0,1.0,0.0,1.0
0.5041818746661916,-0.36353583082922253,1.8888673862764624,0.6529211365280025,1.0,0.0,0.0,0.0,1.0,7.0,1.0,1.0,2.0
0.6977764719981892,1.4781777227447772,-1.2170740485175422,1.660689595469179,0.0,1.0,1.0,0.0,0.0,6.0,1.0,0.0,2.0
-0.1733992159957998,-0.6325501701153124,-0.18271076456534502,-0.6627544670742279,1.0,0.0,0.0,0.0,1.0,0.0,0.0,1.0,1.0
0.11699268000219652,1.2195100888158448,0.9349322764929563,-0.8574320268857304,1.0,0.0,1.0,0.0,0.0,9.0,1.0,1.0,1.0
0.020195381336197752,1.3850573745303616,0.8750831142696315,1.1122583866319675,1.0,0.0,1.0,0.0,0.0,1.0,1.0,0.0,1.0
-1.1413722026557875,-1.956928455831447,1.6268493689791557,-0.33523450600824195,0.0,1.0,1.0,0.0,0.0,4.0,1.0,0.0,1.0
-1.4317640986537838,-1.925888339759975,0.6662165195774451,0.4850770588256396,0.0,1.0,0.0,1.0,0.0,5.0,1.0,1.0,1.0
-0.94777760532379,1.9955129906026423,-1.2170740485175422,0.8259927124856152,1.0,0.0,1.0,0.0,0.0,8.0,0.0,0.0,2.0
-0.7541830079917924,1.4471376066733053,-0.0034072997060131016,-1.3511815965413387,1.0,0.0,1.0,0.0,0.0,10.0,1.0,0.0,1.0
-0.7541830079917924,0.6918281156008222,0.6814186925752604,0.057517243708004186,1.0,0.0,1.0,0.0,0.0,0.0,1.0,0.0,2.0
-1.0445749039897887,0.2676131959573729,1.0975644541730072,-1.584775150651695,0.0,1.0,0.0,1.0,0.0,0.0,1.0,0.0,2.0
-0.27019651466179856,-0.2704154826148068,-1.2170740485175422,-1.0187383831503032,1.0,0.0,1.0,0.0,0.0,3.0,1.0,0.0,2.0
-0.1733992159957998,0.49524071381483353,-1.2170740485175422,-0.28868835777208174,0.0,1.0,1.0,0.0,0.0,10.0,0.0,0.0,2.0
-0.7541830079917924,0.008945562028440329,0.698264878127387,0.8677102394922255,0.0,1.0,1.0,0.0,0.0,2.0,0.0,0.0,1.0
1.7625467573241755,0.8987622227439683,1.1682414010468398,0.9600258303737274,1.0,0.0,0.0,1.0,0.0,9.0,0.0,0.0,1.0
0.31058727733419406,0.6607879995293504,0.19948976274755512,-1.365983709001346,0.0,1.0,0.0,1.0,0.0,2.0,1.0,1.0,2.0
-0.94777760532379,-1.5120201254736831,1.1225382699926583,-0.7278025600685187,0.0,1.0,0.0,1.0,0.0,3.0,1.0,1.0,2.0
-0.5605884106597949,-0.18764183975754842,-1.2170740485175422,1.5873727625971794,1.0,0.0,1.0,0.0,0.0,3.0,1.0,0.0,2.0
1.0849656666621843,0.2779599013145302,-1.2170740485175422,-1.594450310395421,1.0,0.0,1.0,0.0,0.0,6.0,1.0,0.0,1.0
0.020195381336197752,0.443507187029047,-1.2170740485175422,0.001136767617121281,1.0,0.0,0.0,0.0,1.0,9.0,0.0,0.0,2.0
0.11699268000219652,-0.1979885451147057,0.5470303515792198,0.7312695952039049,1.0,0.0,0.0,0.0,1.0,3.0,1.0,0.0,1.0
-0.36699381332779735,-0.7360172236868854,0.42416279788565053,1.1903192989827582,1.0,0.0,1.0,0.0,0.0,1.0,0.0,1.0,1.0
0.8913710693301867,0.008945562028440329,0.925708155599348,-0.38434004267838084,1.0,0.0,1.0,0.0,0.0,8.0,1.0,0.0,1.0
-0.1733992159957998,-1.3878596611877954,0.6043902662809343,-1.18882977541656,0.0,1.0,1.0,0.0,0.0,5.0,0.0,1.0,1.0
-0.07660191732980101,0.34004013345747397,-1.2170740485175422,-0.4218190011685554,0.0,1.0,1.0,0.0,0.0,4.0,1.0,0.0,3.0
-0.8509803066577912,0.7435616423866088,0.7781746265125974,1.0844241458970771,0.0,1.0,1.0,0.0,0.0,3.0,1.0,0.0,1.0
3.2145062373141573,0.3296934281003167,1.0494876564153002,-0.8172766087717406,0.0,1.0,1.0,0.0,0.0,3.0,0.0,1.0,1.0
-0.27019651466179856,1.2815903209587884,0.5503809092862217,-0.49013604185885123,0.0,1.0,0.0,1.0,0.0,2.0,0.0,1.0,2.0
-1.1413722026557875,-0.30145559868627875,1.030802948169944,0.9197863923716384,0.0,1.0,0.0,0.0,1.0,9.0,1.0,1.0,1.0
2.5369251466521656,1.064309508458485,0.9721526757119516,0.3769744266923687,0.0,1.0,0.0,1.0,0.0,1.0,1.0,1.0,1.0
0.020195381336197752,1.0850029191727997,0.40198735603152697,-0.4601550320990354,1.0,0.0,0.0,1.0,0.0,3.0,1.0,1.0,3.0
1.7625467573241755,-1.0464183844016044,-1.2170740485175422,0.585238506876837,0.0,1.0,1.0,0.0,0.0,5.0,1.0,1.0,1.0
-1.0445749039897887,-1.2636991969019078,-1.2170740485175422,-0.8230374506644927,0.0,1.0,1.0,0.0,0.0,9.0,1.0,1.0,2.0
1.0849656666621843,0.20553296381442906,-1.2170740485175422,-1.6925498790808913,0.0,1.0,0.0,0.0,1.0,8.0,0.0,1.0,1.0
0.6009791733321904,-0.9222579201157168,0.9829037815721581,-0.9218650177592743,0.0,1.0,1.0,0.0,0.0,6.0,1.0,0.0,1.0
-0.1733992159957998,0.4848940084576762,0.36473721765906075,-1.3018979307502598,0.0,1.0,1.0,0.0,0.0,5.0,0.0,0.0,2.0
0.31058727733419406,-0.6842836969010989,-1.2170740485175422,-1.4125242907024769,0.0,1.0,1.0,0.0,0.0,2.0,1.0,1.0,2.0
0.11699268000219652,-0.07382808082881809,1.020290398546229,-1.389877190843873,1.0,0.0,1.0,0.0,0.0,10.0,1.0,1.0,1.0
3.6016954319781522,0.7021748209579796,0.31091224341586804,1.328769810325125,1.0,0.0,0.0,1.0,0.0,10.0,1.0,0.0,1.0
-1.1413722026557875,1.2195100888158448,-1.2170740485175422,-0.7303057612895442,1.0,0.0,1.0,0.0,0.0,2.0,1.0,1.0,1.0
-0.7541830079917924,-0.44630947368648094,0.06834732978873462,-0.6776729549071931,0.0,1.0,1.0,0.0,0.0,7.0,1.0,0.0,2.0
-0.8509803066577912,0.2779599013145302,-1.2170740485175422,-1.1262772296576293,0.0,1.0,0.0,0.0,1.0,0.0,1.0,0.0,1.0
0.11699268000219652,-0.34284242011490795,1.038381609739613,1.0569444238618702,1.0,0.0,0.0,1.0,0.0,0.0,1.0,0.0,1.0
0.11699268000219652,0.9711891602440694,0.20504937692481667,0.28655006608709926,0.0,1.0,0.0,0.0,1.0,3.0,0.0,0.0,1.0
1.8593440559901744,0.13310602631432794,0.3690384637640479,-0.677918926173804,0.0,1.0,1.0,0.0,0.0,5.0,1.0,1.0,1.0
-0.07660191732980101,0.09171920488569875,-1.2170740485175422,-0.20488782594333843,0.0,1.0,1.0,0.0,0.0,4.0,0.0,0.0,2.0
0.020195381336197752,-0.3221490094005933,1.3468073349000915,-0.3353202654385385,0.0,1.0,0.0,1.0,0.0,9.0,1.0,0.0,1.0
1.4721548613261792,0.5676676513149347,0.6708720634891893,1.502619309553094,0.0,1.0,1.0,0.0,0.0,9.0,1.0,1.0,1.0
2.440127847986167,0.6194011781007212,-1.2170740485175422,-1.6816679989153267,0.0,1.0,1.0,0.0,0.0,4.0,1.0,1.0,2.0
-0.5605884106597949,-1.1705788486874922,0.2906428401709621,1.7289414033270993,0.0,1.0,1.0,0.0,0.0,6.0,1.0,1.0,1.0
-0.36699381332779735,1.395404079887519,-1.2170740485175422,-0.12430283786516179,0.0,1.0,1.0,0.0,0.0,3.0,1.0,0.0,2.0
0.40738457600019284,-0.5187364111865821,1.0633422438804283,0.19815001073610877,0.0,1.0,0.0,1.0,0.0,3.0,1.0,1.0,2.0
-0.6573857093257937,-0.6015100540438405,0.3769813897756908,0.49621169447238195,0.0,1.0,1.0,0.0,0.0,6.0,1.0,0.0,1.0
0.6977764719981892,0.7642550531009233,-1.2170740485175422,1.0769277627546952,0.0,1.0,1.0,0.0,0.0,6.0,1.0,0.0,2.0
2.1497359519881707,-0.41526935761500905,0.8981608581152823,-0.5848421116270339,1.0,0.0,1.0,0.0,0.0,3.0,0.0,1.0,4.0
-0.4637911119937961,-1.6051404736880988,0.4342262059158638,1.408787707647183,1.0,0.0,1.0,0.0,0.0,1.0,1.0,0.0,2.0
0.6977764719981892,1.2298567941730019,1.062209101757094,1.1325901558267875,1.0,0.0,0.0,1.0,0.0,5.0,0.0,0.0,2.0
0.31058727733419406,-0.6222034647581551,-1.2170740485175422,1.2392590572815532,1.0,0.0,1.0,0.0,0.0,10.0,0.0,0.0,2.0
-1.334966799987785,-0.5808166433295259,0.49606740916520053,1.342354243247455,1.0,0.0,0.0,1.0,0.0,7.0,0.0,1.0,2.0
0.8913710693301867,0.5573209459577774,-1.2170740485175422,0.8682736772097306,1.0,0.0,1.0,0.0,0.0,0.0,0.0,0.0,2.0
0.9881683679961855,1.540257954887721,0.5191678190683617,-0.9173228991295177,1.0,0.0,1.0,0.0,0.0,7.0,0.0,0.0,1.0
-1.7221559946517802,0.4331604816718897,-1.2170740485175422,-1.6763041205518574,0.0,1.0,1.0,0.0,0.0,1.0,1.0,1.0,2.0
0.5041818746661916,2.057593222745586,0.21552141699893884,0.07622810748395625,0.0,1.0,0.0,0.0,1.0,7.0,1.0,0.0,1.0
-1.1413722026557875,0.16414614238579986,0.4887718321861393,-1.6731609417566724,1.0,0.0,0.0,1.0,0.0,3.0,1.0,0.0,2.0
-0.36699381332779735,-0.1255616076146046,-1.2170740485175422,1.1236623034107565,1.0,0.0,1.0,0.0,0.0,8.0,0.0,0.0,1.0
1.568952159992178,0.5780143566720919,-1.2170740485175422,-0.7906082092170665,1.0,0.0,1.0,0.0,0.0,1.0,0.0,1.0,2.0
-1.0445749039897887,0.23657307988590098,-1.2170740485175422,0.9057197583523882,0.0,1.0,1.0,0.0,0.0,5.0,1.0,1.0,1.0
0.6009791733321904,-0.8705243933299304,1.3118874601423018,-0.6551945906416673,1.0,0.0,0.0,0.0,1.0,1.0,1.0,0.0,1.0
0.5041818746661916,-1.6982608219025146,-0.2253705353302704,-0.8135962593462203,0.0,1.0,0.0,0.0,1.0,6.0,1.0,1.0,1.0
-0.27019651466179856,-0.03244125940018888,1.1450728322189667,0.5250418231148728,0.0,1.0,0.0,0.0,1.0,8.0,1.0,1.0,2.0
-1.2381695013217864,-1.0050315629729754,0.7339010646033747,-1.5850070316265126,0.0,1.0,0.0,1.0,0.0,4.0,1.0,1.0,1.0
-0.1733992159957998,0.21587966917158638,1.24557847152854,1.094247166727521,0.0,1.0,1.0,0.0,0.0,5.0,1.0,1.0,1.0
2.1497359519881707,0.3193467227431594,-0.03252016268009922,1.2573870004673966,0.0,1.0,1.0,0.0,0.0,10.0,1.0,1.0,1.0
-0.4637911119937961,-0.7256705183297281,0.4166992348775234,0.18391864207083292,1.0,0.0,0.0,1.0,0.0,1.0,1.0,0.0,1.0
-0.94777760532379,-0.1566017236860765,0.3474489636093928,0.5577961849988591,1.0,0.0,0.0,1.0,0.0,3.0,0.0,1.0,1.0
1.568952159992178,-0.09452149154313269,-1.2170740485175422,0.028825408670149467,1.0,0.0,1.0,0.0,0.0,7.0,1.0,1.0,2.0
-1.7221559946517802,0.4124670709575751,0.43868852570613703,0.08332213451624544,0.0,1.0,0.0,0.0,1.0,3.0,1.0,1.0,1.0
-0.7541830079917924,-0.6946304022582562,1.2363633527570637,-0.009739546013413657,1.0,0.0,0.0,1.0,0.0,6.0,1.0,0.0,1.0
1.181762965328183,-1.781034464759773,0.5144638887501596,-0.2388475166154053,0.0,1.0,0.0,1.0,0.0,1.0,1.0,0.0,3.0
-0.07660191732980101,-0.1979885451147057,-1.2170740485175422,1.611632418072108,0.0,1.0,1.0,0.0,0.0,4.0,0.0,0.0,2.0
1.2785602639941818,-0.7153238129725709,1.217644404297171,-1.0257224711157622,0.0,1.0,1.0,0.0,0.0,2.0,0.0,1.0,1.0
0.11699268000219652,-0.1462550183289192,1.2634875505009373,0.4431565272446766,0.0,1.0,0.0,1.0,0.0,9.0,1.0,1.0,1.0
-0.27019651466179856,0.13310602631432794,-0.07343850506907322,0.3926911904393913,0.0,1.0,0.0,1.0,0.0,6.0,1.0,0.0,2.0
-0.4637911119937961,0.25726649060021556,0.2206457142702578,1.5600607324297333,1.0,0.0,0.0,1.0,0.0,4.0,1.0,1.0,1.0
-1.1413722026557875,0.54697424060062,1.14605277751388,-0.6171436706772235,0.0,1.0,0.0,1.0,0.0,5.0,1.0,0.0,1.0
-0.1733992159957998,0.17449284774295717,0.8509331533772166,-0.13410220092173103,1.0,0.0,1.0,0.0,0.0,7.0,1.0,0.0,1.0
0.7945737706641879,-0.45665617904363826,1.1753415033738972,-0.35500718634104866,0.0,1.0,0.0,1.0,0.0,4.0,1.0,1.0,1.0
-0.27019651466179856,-0.3221490094005933,-1.2170740485175422,0.8015688442273199,0.0,1.0,1.0,0.0,0.0,8.0,1.0,1.0,2.0
-0.5605884106597949,-0.16694842904323381,-1.2170740485175422,1.3604722710427772,0.0,1.0,1.0,0.0,0.0,1.0,0.0,0.0,3.0
-0.7541830079917924,-0.6428968754724697,0.5614128492065029,0.8412455403287825,1.0,0.0,1.0,0.0,0.0,10.0,1.0,0.0,1.0
0.6009791733321904,-0.011747848685874276,1.2322620823651458,0.8867580525916745,1.0,0.0,0.0,1.0,0.0,9.0,1.0,0.0,3.0
0.11699268000219652,-0.06348137547166079,0.866222293304912,0.058690564919666455,1.0,0.0,1.0,0.0,0.0,3.0,1.0,1.0,1.0
-0.4637911119937961,-0.9739914469015034,0.11835861929168291,0.5708225727844931,0.0,1.0,1.0,0.0,0.0,3.0,1.0,0.0,1.0
0.020195381336197752,2.057593222745586,-1.2170740485175422,1.3845491006328348,1.0,0.0,1.0,0.0,0.0,2.0,1.0,0.0,2.0
-0.94777760532379,-0.16694842904323381,-1.2170740485175422,0.30120362164350994,0.0,1.0,0.0,0.0,1.0,2.0,0.0,0.0,2.0
0.5041818746661916,0.3710802495289459,-1.2170740485175422,0.9740536726019915,1.0,0.0,0.0,0.0,1.0,7.0,1.0,0.0,3.0
1.2785602639941818,1.3540172584588896,-1.2170740485175422,-0.8193047410188523,0.0,1.0,0.0,0.0,1.0,4.0,1.0,1.0,1.0
-0.07660191732980101,0.039985678099912235,-1.2170740485175422,1.5443758023049097,1.0,0.0,1.0,0.0,0.0,6.0,1.0,1.0,1.0
0.9881683679961855,0.3090000173860021,1.0808169704599682,1.5207394247990527,0.0,1.0,0.0,1.0,0.0,8.0,0.0,0.0,1.0
0.7945737706641879,-0.7256705183297281,0.7593601912572359,1.3984699610160025,1.0,0.0,1.0,0.0,0.0,1.0,0.0,0.0,1.0
-2.0125478906497762,-0.5911633486866832,0.9160226759464878,1.1799465828181626,0.0,1.0,0.0,1.0,0.0,1.0,1.0,0.0,1.0
-0.5605884106597949,-0.9532980361871888,0.568240476586894,0.18288065724207275,0.0,1.0,1.0,0.0,0.0,9.0,1.0,0.0,2.0
-0.4637911119937961,-1.6879141165453573,-1.2170740485175422,0.45438005349766936,0.0,1.0,1.0,0.0,0.0,3.0,1.0,1.0,2.0
-0.07660191732980101,-1.6258338844024134,1.5950866670547166,-1.0398004121592908,1.0,0.0,0.0,1.0,0.0,7.0,1.0,0.0,1.0
0.6977764719981892,0.9504957495297548,-1.2170740485175422,0.23618440504968413,1.0,0.0,1.0,0.0,0.0,9.0,1.0,0.0,1.0
0.11699268000219652,0.19518625845727178,-1.2170740485175422,1.4401923587407635,1.0,0.0,0.0,0.0,1.0,3.0,1.0,1.0,1.0
-0.5605884106597949,-2.0190086879743907,1.809659321160986,-0.721818708866152,1.0,0.0,1.0,0.0,0.0,1.0,0.0,0.0,1.0
-0.7541830079917924,-0.653243580829627,0.38413614784426253,-1.1129879970460765,0.0,1.0,1.0,0.0,0.0,4.0,0.0,1.0,2.0
0.40738457600019284,-0.1462550183289192,0.9634535714412417,0.02651355709075907,0.0,1.0,0.0,1.0,0.0,1.0,0.0,1.0,2.0
0.7945737706641879,0.46420059774336164,0.4990937297232786,-0.33516648990835185,0.0,1.0,0.0,0.0,1.0,1.0,1.0,1.0,1.0
2.2465332506541693,-0.9946848576158179,0.7090156624832319,-0.9802597097596955,0.0,1.0,0.0,1.0,0.0,4.0,0.0,1.0,1.0
-1.0445749039897887,-0.7980974558298293,-1.2170740485175422,1.4925551881741894,1.0,0.0,0.0,0.0,1.0,7.0,0.0,0.0,2.0
-0.5605884106597949,-0.2807621879719641,-1.2170740485175422,-0.4054349490348855,0.0,1.0,0.0,0.0,1.0,6.0,0.0,0.0,2.0
-0.7541830079917924,-1.0153782683301327,-1.2170740485175422,0.4303268816814872,0.0,1.0,1.0,0.0,0.0,6.0,0.0,0.0,2.0
-0.7541830079917924,-0.011747848685874276,1.3640611879830413,-1.2661237236128338,1.0,0.0,1.0,0.0,0.0,1.0,0.0,0.0,2.0
-0.5605884106597949,0.6297478834578785,1.2556092468660256,-0.35978257757938037,0.0,1.0,1.0,0.0,0.0,3.0,1.0,0.0,1.0
0.6009791733321904,0.23657307988590098,-0.051706096225576516,0.699001783272331,1.0,0.0,1.0,0.0,0.0,6.0,0.0,1.0,1.0
2.052938653322172,-0.6325501701153124,1.1580675562683316,-0.20270278699008604,1.0,0.0,1.0,0.0,0.0,6.0,1.0,0.0,1.0
0.6977764719981892,-0.6428968754724697,-1.2170740485175422,1.2319086217294732,0.0,1.0,1.0,0.0,0.0,9.0,1.0,0.0,2.0
-0.07660191732980101,-0.46700288440079557,0.8498537024823111,1.635514418936137,0.0,1.0,0.0,0.0,1.0,7.0,1.0,1.0,1.0
0.11699268000219652,1.364363963816047,-1.2170740485175422,0.17193389215257213,0.0,1.0,1.0,0.0,0.0,6.0,1.0,0.0,2.0
-0.07660191732980101,1.0436160977441706,1.726335196452947,-0.49231777568192986,0.0,1.0,0.0,1.0,0.0,3.0,1.0,1.0,1.0
0.11699268000219652,0.25726649060021556,0.6155937287782615,-0.5542223419725963,0.0,1.0,1.0,0.0,0.0,8.0,1.0,1.0,1.0
-0.36699381332779735,0.3710802495289459,0.40633634553424863,-1.3500834235525734,0.0,1.0,0.0,0.0,1.0,8.0,1.0,0.0,2.0
-1.1413722026557875,2.047246517388429,-1.2170740485175422,1.009511457013841,0.0,1.0,1.0,0.0,0.0,0.0,0.0,1.0,2.0
1.0849656666621843,0.9298023388154402,0.0486502043079185,-1.5106137700432063,0.0,1.0,0.0,0.0,1.0,1.0,1.0,1.0,1.0
-1.334966799987785,0.6918281156008222,0.5301727526222476,-0.6406337526843398,1.0,0.0,1.0,0.0,0.0,4.0,1.0,0.0,1.0
-0.7541830079917924,-1.6879141165453573,0.35168397981583954,0.4236105092600975,1.0,0.0,1.0,0.0,0.0,8.0,0.0,0.0,1.0
-0.36699381332779735,-0.7980974558298293,1.4169591043988448,-1.4740966044335773,0.0,1.0,0.0,1.0,0.0,5.0,1.0,1.0,1.0
-0.4637911119937961,0.22622637452874367,0.8264525252486407,-0.40280128214910865,1.0,0.0,0.0,1.0,0.0,1.0,0.0,1.0,3.0
-0.6573857093257937,-2.1121290361888065,-1.2170740485175422,0.9038151336012411,1.0,0.0,1.0,0.0,0.0,10.0,1.0,1.0,1.0
-0.4637911119937961,0.3814269548861032,0.2461820019709626,1.1119903231794588,1.0,0.0,0.0,1.0,0.0,9.0,0.0,1.0,2.0
-0.7541830079917924,0.8987622227439683,0.05318647010141693,-1.4134208507506472,0.0,1.0,0.0,0.0,1.0,9.0,1.0,1.0,1.0
-0.7541830079917924,0.22622637452874367,0.5245989922530649,-1.0621063877931254,0.0,1.0,1.0,0.0,0.0,1.0,0.0,1.0,1.0
-1.334966799987785,0.8159885798867099,1.4736893528078794,-0.7575911764613814,0.0,1.0,0.0,0.0,1.0,5.0,1.0,1.0,1.0
-1.5285613973197827,0.5676676513149347,-1.2170740485175422,1.1179988758810184,1.0,0.0,1.0,0.0,0.0,5.0,0.0,0.0,1.0
-0.6573857093257937,0.6194011781007212,-1.2170740485175422,0.45801674041405294,1.0,0.0,1.0,0.0,0.0,1.0,1.0,0.0,2.0
-1.5285613973197827,0.5676676513149347,0.2827754676843536,0.47538815669855955,0.0,1.0,0.0,1.0,0.0,2.0,0.0,1.0,2.0
-0.4637911119937961,-2.4225301969035256,-1.2170740485175422,-0.7802699359879652,0.0,1.0,1.0,0.0,0.0,7.0,1.0,0.0,2.0
-1.6253586959857813,2.0368998120312716,0.7250034313892234,1.489946570696045,0.0,1.0,0.0,0.0,1.0,7.0,1.0,1.0,1.0
0.020195381336197752,-0.8394842772584584,0.8674780893422913,-0.3358417801891037,0.0,1.0,1.0,0.0,0.0,10.0,1.0,0.0,2.0
0.8913710693301867,1.0332693923870133,-1.2170740485175422,0.6549329170784658,1.0,0.0,1.0,0.0,0.0,9.0,1.0,0.0,1.0
1.665749458658177,0.34004013345747397,0.8338984055168661,-0.3351263064836083,1.0,0.0,0.0,1.0,0.0,3.0,1.0,1.0,3.0
1.7625467573241755,0.8780688120296537,0.314820128934134,-1.242454990622118,0.0,1.0,0.0,1.0,0.0,9.0,1.0,0.0,1.0
-0.4637911119937961,1.1988166781015301,-1.2170740485175422,-0.08855872480773815,1.0,0.0,1.0,0.0,0.0,8.0,1.0,0.0,2.0
-0.8509803066577912,0.25726649060021556,-1.2170740485175422,1.009453008396033,1.0,0.0,0.0,0.0,1.0,5.0,0.0,1.0,2.0
-0.5605884106597949,-0.07382808082881809,-1.2170740485175422,-0.059807397426756934,0.0,1.0,1.0,0.0,0.0,2.0,1.0,0.0,1.0
0.7945737706641879,0.15379943702864254,-1.2170740485175422,-1.127427241003856,0.0,1.0,1.0,0.0,0.0,2.0,1.0,0.0,1.0
-0.27019651466179856,0.6194011781007212,-1.2170740485175422,-0.776727880167081,0.0,1.0,0.0,0.0,1.0,8.0,1.0,0.0,2.0
0.6009791733321904,-1.0050315629729754,-1.2170740485175422,1.6274001504054934,1.0,0.0,0.0,0.0,1.0,4.0,1.0,1.0,2.0
-0.07660191732980101,-2.288023027260481,-1.2170740485175422,-1.5274558436372627,0.0,1.0,1.0,0.0,0.0,9.0,1.0,1.0,2.0
-0.27019651466179856,-0.6635902861867843,-1.2170740485175422,-1.439003080157713,0.0,1.0,1.0,0.0,0.0,1.0,0.0,1.0,2.0
1.3753575626601806,0.15379943702864254,-0.17786424706266304,0.48986880176062,0.0,1.0,1.0,0.0,0.0,5.0,1.0,0.0,1.0
-0.7541830079917924,2.057593222745586,0.5322697648224031,0.5621264273890596,1.0,0.0,0.0,1.0,0.0,1.0,1.0,1.0,1.0
0.2137899786681953,-1.4292464826164246,0.5051450848219868,1.0556914316176,1.0,0.0,0.0,0.0,1.0,9.0,1.0,1.0,2.0
0.11699268000219652,0.42281377631473244,1.411307057717552,-0.1641188712965789,0.0,1.0,1.0,0.0,0.0,6.0,0.0,0.0,1.0
-0.94777760532379,-1.7293009379739863,0.8745431476939074,1.1160763338452455,1.0,0.0,1.0,0.0,0.0,4.0,1.0,0.0,1.0
-0.1733992159957998,0.443507187029047,-1.2170740485175422,0.8202555283667381,1.0,0.0,0.0,0.0,1.0,3.0,1.0,1.0,2.0
-1.0445749039897887,0.7228682316722942,1.266153946925926,0.025088524123237133,0.0,1.0,0.0,1.0,0.0,9.0,0.0,1.0,2.0
-0.4637911119937961,-1.0878052058302337,1.4411772242159713,-1.289254068293676,0.0,1.0,1.0,0.0,0.0,4.0,1.0,1.0,2.0
-0.36699381332779735,0.5676676513149347,1.6448376987767483,-1.0033159499429591,1.0,0.0,1.0,0.0,0.0,8.0,0.0,1.0,1.0
-0.1733992159957998,0.4848940084576762,1.454273865148042,-0.4850842373654667,1.0,0.0,1.0,0.0,0.0,2.0,1.0,1.0,2.0
-0.4637911119937961,1.5195645441734065,1.2664794700922974,1.5923280224986482,0.0,1.0,1.0,0.0,0.0,9.0,1.0,0.0,1.0
2.6337224453181647,-0.1152149022574473,0.6482582504376855,1.474737927224673,1.0,0.0,1.0,0.0,0.0,9.0,0.0,1.0,1.0
0.40738457600019284,0.5987077673864065,-1.2170740485175422,1.1859664425440004,1.0,0.0,1.0,0.0,0.0,8.0,0.0,0.0,2.0
-1.1413722026557875,1.985166285245485,-1.2170740485175422,-0.5629934616367068,1.0,0.0,1.0,0.0,0.0,5.0,1.0,1.0,2.0
-0.36699381332779735,-0.7153238129725709,0.7329973158422192,-1.2369540363335505,0.0,1.0,0.0,1.0,0.0,8.0,1.0,1.0,2.0
1.4721548613261792,1.46783101738762,0.8560846177671118,-1.4129482171358083,0.0,1.0,0.0,1.0,0.0,2.0,0.0,0.0,1.0
-0.8509803066577912,0.050332383457069536,-0.02231239919141614,-1.3382230509013753,1.0,0.0,1.0,0.0,0.0,4.0,1.0,1.0,1.0
0.40738457600019284,1.095349624529957,0.895745395844716,-1.6762448021629508,1.0,0.0,0.0,1.0,0.0,5.0,1.0,1.0,2.0
0.40738457600019284,-0.053134670114503485,1.0826768731932606,-0.6596533852002028,1.0,0.0,1.0,0.0,0.0,8.0,1.0,0.0,1.0
0.020195381336197752,0.5676676513149347,0.5976558751654792,-1.620123169950934,1.0,0.0,0.0,1.0,0.0,8.0,0.0,1.0,1.0
0.6977764719981892,-0.787750750472672,-1.2170740485175422,-0.589016491036412,0.0,1.0,1.0,0.0,0.0,1.0,1.0,1.0,2.0
-0.1733992159957998,0.8159885798867099,0.7771054637572711,0.32586806858760625,1.0,0.0,0.0,1.0,0.0,5.0,1.0,0.0,1.0
0.020195381336197752,0.4848940084576762,0.9240033787206476,-0.8100909078656863,0.0,1.0,0.0,1.0,0.0,9.0,0.0,1.0,2.0
0.8913710693301867,0.9711891602440694,0.3269273401926168,-0.4409398750402653,0.0,1.0,0.0,1.0,0.0,10.0,1.0,0.0,1.0
2.6337224453181647,-1.0050315629729754,-1.2170740485175422,0.2937900407096901,0.0,1.0,0.0,0.0,1.0,8.0,1.0,1.0,2.0
0.11699268000219652,-0.2186819558290203,-1.2170740485175422,-1.137756642567754,1.0,0.0,1.0,0.0,0.0,7.0,1.0,1.0,2.0
1.181762965328183,0.4848940084576762,0.5675802673798385,-0.23394078994122425,1.0,0.0,0.0,1.0,0.0,2.0,1.0,0.0,1.0
-0.94777760532379,-0.7774040451155146,0.8819517334561583,1.2832792162939113,0.0,1.0,0.0,1.0,0.0,7.0,0.0,1.0,1.0
0.6977764719981892,-0.7567106344012,0.6030661505666621,-0.7495327472352517,0.0,1.0,1.0,0.0,0.0,5.0,1.0,0.0,1.0
-1.0445749039897887,0.42281377631473244,0.6949942142543043,-1.4576396654818664,0.0,1.0,0.0,0.0,1.0,9.0,0.0,0.0,1.0
0.11699268000219652,-0.7670573397583573,-1.2170740485175422,0.15531169669217637,1.0,0.0,0.0,0.0,1.0,1.0,1.0,1.0,2.0
-1.0445749039897887,-0.5290831165437394,0.6576710943916987,-0.6950062752175925,0.0,1.0,0.0,1.0,0.0,2.0,0.0,1.0,1.0
-0.07660191732980101,-0.8291375719013011,0.7345384470007388,0.9564964732108794,0.0,1.0,1.0,0.0,0.0,1.0,1.0,1.0,1.0
0.7945737706641879,1.1884699727443728,0.86129057714634,1.2190149610134455,0.0,1.0,0.0,1.0,0.0,9.0,1.0,0.0,1.0
0.6977764719981892,-1.377512955830638,-1.2170740485175422,-0.4060596186377141,0.0,1.0,1.0,0.0,0.0,3.0,1.0,0.0,2.0
0.2137899786681953,-0.6015100540438405,0.7071793903205355,0.17264258164350024,1.0,0.0,0.0,1.0,0.0,4.0,1.0,1.0,2.0
-0.36699381332779735,1.1470831513157436,0.671097116542483,1.365589134414318,0.0,1.0,0.0,1.0,0.0,1.0,0.0,1.0,1.0
0.8913710693301867,1.0436160977441706,0.6486170493055082,0.9873587350475344,0.0,1.0,0.0,0.0,1.0,5.0,1.0,0.0,1.0
-0.6573857093257937,-0.9326046254728741,-1.2170740485175422,-0.26069999359856505,0.0,1.0,1.0,0.0,0.0,5.0,1.0,0.0,2.0
0.5041818746661916,-0.6325501701153124,1.024331708374662,-0.6546920369010458,1.0,0.0,0.0,0.0,1.0,3.0,1.0,0.0,1.0
1.2785602639941818,1.2815903209587884,0.5499558805198582,-0.05280156518383939,0.0,1.0,1.0,0.0,0.0,8.0,1.0,1.0,1.0
-0.5605884106597949,-1.8431146969027168,0.8056293307404508,0.7974068155675387,1.0,0.0,1.0,0.0,0.0,5.0,0.0,1.0,1.0
0.31058727733419406,-2.939865464761391,0.28769946773824095,1.1995541805965042,0.0,1.0,0.0,0.0,1.0,6.0,1.0,0.0,1.0
0.11699268000219652,-0.6015100540438405,-1.2170740485175422,-1.646715725465833,1.0,0.0,0.0,0.0,1.0,2.0,1.0,1.0,1.0
1.181762965328183,0.039985678099912235,-1.2170740485175422,-1.4622186624061926,1.0,0.0,1.0,0.0,0.0,3.0,0.0,1.0,2.0
2.7305197439841633,0.08137249952854145,1.1296163492709292,0.5424676870701357,0.0,1.0,1.0,0.0,0.0,4.0,1.0,1.0,1.0
0.5041818746661916,0.06067908881422684,0.012600402470412865,-0.36159518054832307,0.0,1.0,1.0,0.0,0.0,6.0,1.0,0.0,1.0
-1.2381695013217864,1.1056963298871143,1.286476559142718,1.2471357043481295,0.0,1.0,1.0,0.0,0.0,4.0,1.0,0.0,1.0
-0.07660191732980101,0.6194011781007212,-1.2170740485175422,-0.8097031639100458,0.0,1.0,1.0,0.0,0.0,10.0,0.0,0.0,2.0
0.31058727733419406,-0.16694842904323381,1.1422329841907608,1.1219770349306106,0.0,1.0,1.0,0.0,0.0,1.0,0.0,1.0,2.0
-1.4317640986537838,-0.9532980361871888,0.6273951893886265,-0.2429735367517156,0.0,1.0,0.0,0.0,1.0,3.0,1.0,0.0,1.0
-0.7541830079917924,-0.36353583082922253,0.2982388629761706,1.2009167639991651,0.0,1.0,1.0,0.0,0.0,3.0,1.0,0.0,2.0
-0.94777760532379,-1.5741003576166268,1.1628864243958943,0.32642941885447563,1.0,0.0,0.0,1.0,0.0,6.0,1.0,0.0,1.0
0.020195381336197752,1.1574298566729009,-1.2170740485175422,-1.3985909056154928,1.0,0.0,0.0,0.0,1.0,7.0,1.0,0.0,2.0
0.2137899786681953,-1.1498854379731775,-1.2170740485175422,0.3694780435499868,0.0,1.0,1.0,0.0,0.0,3.0,1.0,0.0,2.0
0.11699268000219652,-0.7567106344012,-0.19453071167651634,-0.4330256538622404,0.0,1.0,0.0,0.0,1.0,6.0,0.0,0.0,1.0
-0.94777760532379,-1.2533524915447505,-1.2170740485175422,0.3756109735186094,1.0,0.0,1.0,0.0,0.0,5.0,0.0,0.0,2.0
-0.07660191732980101,0.6607879995293504,-1.2170740485175422,-1.7312947024275915,1.0,0.0,1.0,0.0,0.0,0.0,1.0,1.0,2.0
1.181762965328183,-0.2807621879719641,1.5863991369410329,1.2614105615683227,0.0,1.0,0.0,0.0,1.0,5.0,1.0,1.0,2.0
0.7945737706641879,0.6400945888150358,0.32606619075940607,1.6990202338188494,0.0,1.0,0.0,1.0,0.0,1.0,1.0,0.0,1.0
-1.0445749039897887,0.9711891602440694,-1.2170740485175422,0.9485808603990971,1.0,0.0,1.0,0.0,0.0,6.0,1.0,0.0,2.0
-0.8509803066577912,-1.1188453219017056,-0.035850144107942745,1.336559132373428,0.0,1.0,0.0,1.0,0.0,6.0,1.0,1.0,1.0
0.020195381336197752,0.2883066066716875,-1.2170740485175422,1.2712680253342608,1.0,0.0,1.0,0.0,0.0,4.0,0.0,0.0,1.0
1.568952159992178,0.019292267385597632,-0.08756765725921987,-0.6525193486973899,0.0,1.0,0.0,0.0,1.0,2.0,0.0,1.0,1.0
-0.1733992159957998,-1.2533524915447505,-1.2170740485175422,-1.7320743652401442,0.0,1.0,1.0,0.0,0.0,8.0,1.0,1.0,2.0
-0.07660191732980101,-0.8084441611869866,-1.2170740485175422,1.6814195458728196,0.0,1.0,0.0,0.0,1.0,4.0,1.0,1.0,2.0
-1.1413722026557875,-0.7463639290440427,-1.2170740485175422,0.4693286354106372,1.0,0.0,1.0,0.0,0.0,9.0,1.0,0.0,2.0
-0.6573857093257937,0.9401490441725975,1.3627598990784606,-1.232216219206667,0.0,1.0,1.0,0.0,0.0,6.0,1.0,0.0,1.0
0.6977764719981892,-0.9532980361871888,-1.2170740485175422,-1.3716740994351326,1.0,0.0,1.0,0.0,0.0,5.0,1.0,0.0,1.0
-1.1413722026557875,1.064309508458485,-1.2170740485175422,0.38204640987523475,1.0,0.0,0.0,0.0,1.0,8.0,0.0,0.0,2.0
-1.6253586959857813,-1.1602321433303349,0.40468927868849974,-1.0626174652905107,1.0,0.0,1.0,0.0,0.0,0.0,1.0,1.0,2.0
0.31058727733419406,-1.377512955830638,1.2107187180864158,0.3395354776727178,0.0,1.0,1.0,0.0,0.0,7.0,1.0,0.0,2.0
-0.07660191732980101,-1.5534069469023122,0.21325690102626052,0.5835186215069775,0.0,1.0,0.0,1.0,0.0,9.0,0.0,1.0,2.0
-0.5605884106597949,-2.0707422147601773,-1.2170740485175422,1.4802707151354402,0.0,1.0,1.0,0.0,0.0,6.0,1.0,0.0,2.0
-1.4317640986537838,1.4988711334590918,-1.2170740485175422,-0.6698858942637458,0.0,1.0,1.0,0.0,0.0,8.0,1.0,0.0,2.0
-0.1733992159957998,-1.1498854379731775,-1.2170740485175422,0.733046537557816,0.0,1.0,1.0,0.0,0.0,6.0,1.0,0.0,2.0
1.4721548613261792,-0.03244125940018888,0.6836761354519784,1.2651377046789338,1.0,0.0,0.0,0.0,1.0,7.0,1.0,0.0,1.0
0.5041818746661916,-1.9983152772600763,0.13945846830324327,1.3704815968424864,0.0,1.0,0.0,1.0,0.0,7.0,1.0,0.0,1.0
0.11699268000219652,0.19518625845727178,-0.45568018494029,0.8475178076273593,1.0,0.0,1.0,0.0,0.0,3.0,1.0,1.0,1.0
0.6009791733321904,-0.5394298219008967,0.44804607090991233,0.5613328482389334,0.0,1.0,0.0,1.0,0.0,10.0,1.0,0.0,1.0
-0.07660191732980101,0.6814814102436649,0.34960159606414803,1.5537072285105713,0.0,1.0,1.0,0.0,0.0,7.0,0.0,0.0,1.0
1.7625467573241755,-0.5704699379723686,-1.2170740485175422,-0.47762073157060214,0.0,1.0,0.0,0.0,1.0,6.0,1.0,1.0,2.0
0.020195381336197752,2.057593222745586,1.1714885951015075,1.3382746688877958,1.0,0.0,1.0,0.0,0.0,2.0,1.0,1.0,1.0
0.5041818746661916,1.095349624529957,-1.2170740485175422,1.3511064019016217,1.0,0.0,0.0,0.0,1.0,9.0,1.0,0.0,2.0
-0.36699381332779735,2.057593222745586,0.0839214833332084,-1.517211679641002,1.0,0.0,0.0,1.0,0.0,2.0,0.0,0.0,1.0
-0.4637911119937961,0.8056418745295526,0.9068112544751723,0.09655535386906504,1.0,0.0,1.0,0.0,0.0,9.0,0.0,1.0,1.0
0.6009791733321904,0.4745473031005189,-1.2170740485175422,-0.9228457716497637,1.0,0.0,1.0,0.0,0.0,1.0,1.0,0.0,2.0
1.9561413546561732,1.4574843120304626,0.41632516455251306,1.071914576098077,1.0,0.0,0.0,1.0,0.0,9.0,0.0,0.0,1.0
0.8913710693301867,0.5573209459577774,0.6182200979102003,1.2770763567289827,0.0,1.0,0.0,1.0,0.0,9.0,0.0,0.0,1.0
0.2137899786681953,-1.439593187973582,0.750584729700587,-1.0858012139167912,0.0,1.0,0.0,1.0,0.0,7.0,0.0,1.0,1.0
2.1497359519881707,2.016206401316957,-1.2170740485175422,-0.06360203477459923,0.0,1.0,0.0,0.0,1.0,0.0,1.0,1.0,2.0
2.1497359519881707,-0.45665617904363826,1.427677095309781,-1.1145582817870214,0.0,1.0,0.0,1.0,0.0,2.0,1.0,1.0,2.0
0.8913710693301867,-0.07382808082881809,-1.2170740485175422,-0.9548895305464051,0.0,1.0,1.0,0.0,0.0,8.0,0.0,1.0,2.0
-0.7541830079917924,0.008945562028440329,0.44987735975500015,0.9630515900706362,1.0,0.0,1.0,0.0,0.0,3.0,0.0,0.0,3.0
1.665749458658177,-0.9326046254728741,1.238560192061573,0.579413997739686,0.0,1.0,1.0,0.0,0.0,7.0,1.0,0.0,2.0
1.2785602639941818,0.6711347048865076,-0.1565660298598424,-1.4829717487210494,1.0,0.0,1.0,0.0,0.0,7.0,1.0,0.0,2.0
2.924114341316161,-0.2393753665433349,-1.2170740485175422,1.4282669272114097,0.0,1.0,1.0,0.0,0.0,5.0,1.0,1.0,2.0
-0.5605884106597949,1.2919370263159458,0.6336712760362669,0.5160666551510916,0.0,1.0,0.0,1.0,0.0,8.0,0.0,0.0,1.0
-0.07660191732980101,-1.6672207058310426,0.3464997219810359,-0.12283709961023755,1.0,0.0,0.0,0.0,1.0,3.0,1.0,1.0,1.0
-0.7541830079917924,-0.6222034647581551,-1.2170740485175422,0.7274528656701647,0.0,1.0,0.0,0.0,1.0,8.0,1.0,1.0,1.0
0.5041818746661916,0.8056418745295526,0.5146598456587059,0.9255439291342165,0.0,1.0,0.0,0.0,1.0,4.0,1.0,0.0,2.0
0.5041818746661916,-0.8705243933299304,-1.2170740485175422,-0.21190305171411794,0.0,1.0,0.0,0.0,1.0,9.0,1.0,0.0,2.0
1.181762965328183,1.1056963298871143,0.09643941641395243,0.2898317124411402,0.0,1.0,1.0,0.0,0.0,8.0,1.0,1.0,1.0
0.8913710693301867,0.34004013345747397,0.8145830664657447,1.7094597484037972,1.0,0.0,0.0,1.0,0.0,10.0,1.0,1.0,1.0
-0.6573857093257937,1.9023926423882267,0.7922203483208444,-1.2578739447450689,0.0,1.0,1.0,0.0,0.0,8.0,1.0,1.0,2.0
-0.27019651466179856,1.2608969102444738,0.4846278017140959,-1.6606233653283062,1.0,0.0,0.0,1.0,0.0,4.0,0.0,1.0,1.0
-0.27019651466179856,-0.8394842772584584,-1.2170740485175422,-0.13463954550628612,1.0,0.0,1.0,0.0,0.0,3.0,1.0,0.0,2.0
0.31058727733419406,0.4021203656004178,-1.2170740485175422,0.3592744108869088,1.0,0.0,1.0,0.0,0.0,5.0,0.0,1.0,2.0
0.6009791733321904,0.7642550531009233,0.6623933504585264,1.2804028832716974,0.0,1.0,0.0,1.0,0.0,8.0,0.0,0.0,1.0
-0.94777760532379,-0.7774040451155146,0.5277468414599213,0.46289911349748053,1.0,0.0,1.0,0.0,0.0,5.0,1.0,1.0,1.0
0.020195381336197752,0.5573209459577774,0.26545586695940543,-0.7887335045917022,1.0,0.0,1.0,0.0,0.0,3.0,1.0,1.0,1.0
-0.8509803066577912,0.7746017584580807,0.5733085105948895,-1.6900452862261084,0.0,1.0,0.0,1.0,0.0,5.0,1.0,0.0,2.0
-0.36699381332779735,-0.8084441611869866,2.10838670649413,0.054403463175943245,1.0,0.0,0.0,1.0,0.0,9.0,0.0,1.0,2.0
-0.6573857093257937,-0.011747848685874276,0.9078725403736337,1.365065184304677,0.0,1.0,0.0,0.0,1.0,1.0,1.0,1.0,2.0
0.11699268000219652,-0.9015645094014022,0.5255975848009656,-0.28141428812243585,0.0,1.0,0.0,1.0,0.0,7.0,1.0,1.0,1.0
0.5041818746661916,0.13310602631432794,0.02918391895890946,-0.7396556266424908,0.0,1.0,0.0,0.0,1.0,7.0,0.0,0.0,3.0
2.2465332506541693,1.4781777227447772,0.7711301444401398,1.282528603836043,1.0,0.0,1.0,0.0,0.0,9.0,1.0,0.0,3.0
0.11699268000219652,-1.4913267147593685,0.7136469328156563,-0.13540042126311497,0.0,1.0,0.0,1.0,0.0,3.0,1.0,0.0,1.0
-1.334966799987785,0.46420059774336164,0.8155181619021805,0.38349510061663156,1.0,0.0,1.0,0.0,0.0,8.0,1.0,0.0,1.0
2.924114341316161,-0.3945759469006945,0.049307359223536476,-1.584846471881759,0.0,1.0,0.0,1.0,0.0,9.0,0.0,1.0,1.0
0.5041818746661916,0.2779599013145302,0.35844409128024246,-1.1911311897427703,1.0,0.0,0.0,1.0,0.0,2.0,0.0,1.0,2.0
-0.07660191732980101,-1.0774585004730763,1.476167508429006,1.032394786702755,1.0,0.0,1.0,0.0,0.0,5.0,0.0,1.0,1.0
-0.94777760532379,-2.0810889201173346,0.6669382968697947,-0.9807201665791572,0.0,1.0,1.0,0.0,0.0,7.0,1.0,1.0,1.0
-0.36699381332779735,-0.6946304022582562,-1.2170740485175422,1.6094682536252156,0.0,1.0,1.0,0.0,0.0,9.0,1.0,0.0,2.0
-0.8509803066577912,-0.8084441611869866,-1.2170740485175422,-0.5856774397898804,1.0,0.0,1.0,0.0,0.0,6.0,1.0,0.0,2.0
1.665749458658177,-1.5223668308308405,0.45824177798502613,-0.7654196382091099,0.0,1.0,0.0,1.0,0.0,9.0,0.0,0.0,1.0
0.5041818746661916,0.29865331202884476,0.5307037170758401,-0.4788652000581084,0.0,1.0,1.0,0.0,0.0,7.0,0.0,1.0,1.0
-1.2381695013217864,-1.781034464759773,-1.2170740485175422,-1.4045363129353128,1.0,0.0,1.0,0.0,0.0,1.0,1.0,1.0,2.0
0.020195381336197752,0.23657307988590098,-1.2170740485175422,-1.5705258647017932,1.0,0.0,0.0,0.0,1.0,6.0,1.0,1.0,2.0
3.1177089386481582,-0.7774040451155146,1.0378525743121916,1.6225850976050775,1.0,0.0,0.0,1.0,0.0,6.0,1.0,1.0,1.0
0.020195381336197752,0.17449284774295717,0.06727157619399028,-1.0679449872220692,0.0,1.0,0.0,1.0,0.0,4.0,1.0,0.0,1.0
0.2137899786681953,0.3607335441717886,-1.2170740485175422,0.7726005959344123,1.0,0.0,1.0,0.0,0.0,10.0,1.0,1.0,1.0
-0.5605884106597949,0.6504412941721931,-0.6541745666627078,-0.8035225704852343,0.0,1.0,0.0,1.0,0.0,3.0,1.0,0.0,1.0
0.020195381336197752,1.1677765620300582,1.006795895966371,-0.866044152393064,1.0,0.0,0.0,1.0,0.0,9.0,1.0,0.0,1.0
-0.7541830079917924,0.21587966917158638,0.2477922565672797,1.3470532685833525,0.0,1.0,1.0,0.0,0.0,6.0,1.0,0.0,1.0
-0.27019651466179856,-1.1188453219017056,-1.2170740485175422,-1.2844623253586958,1.0,0.0,1.0,0.0,0.0,3.0,0.0,0.0,2.0
1.181762965328183,1.1781232673872155,0.7661625805452219,0.27085765593083033,0.0,1.0,1.0,0.0,0.0,3.0,1.0,1.0,1.0
-0.4637911119937961,-0.5083897058294248,0.3644496320073875,-1.049234297400337,0.0,1.0,0.0,0.0,1.0,8.0,1.0,0.0,1.0
-1.334966799987785,0.6194011781007212,-1.2170740485175422,-1.5687089128773588,1.0,0.0,1.0,0.0,0.0,7.0,1.0,1.0,3.0
-0.07660191732980101,-0.8705243933299304,0.806436628193052,0.13886902198647832,1.0,0.0,1.0,0.0,0.0,1.0,1.0,1.0,2.0
-0.27019651466179856,0.7228682316722942,1.2774273366219548,-0.8733427495876831,0.0,1.0,1.0,0.0,0.0,1.0,1.0,1.0,2.0
-1.2381695013217864,-0.5187364111865821,0.47909760518594346,-0.8660850316346862,1.0,0.0,0.0,1.0,0.0,7.0,1.0,0.0,2.0
-0.7541830079917924,-0.30145559868627875,0.22469522245991796,0.9123338456926128,1.0,0.0,1.0,0.0,0.0,1.0,1.0,1.0,1.0
1.3753575626601806,-0.0014011433287169732,-1.2170740485175422,0.526624110696975,0.0,1.0,1.0,0.0,0.0,7.0,1.0,1.0,2.0
-0.6573857093257937,1.3540172584588896,-1.2170740485175422,-0.21381967930642215,0.0,1.0,1.0,0.0,0.0,9.0,1.0,1.0,1.0
-0.27019651466179856,-0.8498309826156157,-0.1386248004512606,0.9553045388977129,0.0,1.0,1.0,0.0,0.0,1.0,1.0,0.0,1.0
-0.6573857093257937,-0.4359627683293237,0.3885695322419696,0.36071422996310265,0.0,1.0,0.0,0.0,1.0,4.0,1.0,1.0,1.0
0.020195381336197752,-2.5466906611894133,-1.2170740485175422,1.060288519780772,0.0,1.0,1.0,0.0,0.0,10.0,1.0,0.0,1.0
-0.1733992159957998,0.5883610620292492,1.2483199392220206,-1.2689325623978163,0.0,1.0,0.0,1.0,0.0,8.0,1.0,1.0,1.0
1.568952159992178,1.3850573745303616,-1.2170740485175422,-1.6151656486446098,0.0,1.0,1.0,0.0,0.0,5.0,1.0,1.0,2.0
1.3753575626601806,0.6400945888150358,0.6320486435220185,1.5945101042301664,0.0,1.0,1.0,0.0,0.0,6.0,0.0,0.0,1.0
-0.4637911119937961,-0.011747848685874276,1.0719262495895965,-1.5409249449119526,0.0,1.0,0.0,1.0,0.0,4.0,1.0,1.0,1.0
0.31058727733419406,-2.877785232618447,-1.2170740485175422,-0.3839573433951108,0.0,1.0,1.0,0.0,0.0,7.0,1.0,0.0,1.0
2.2465332506541693,0.8987622227439683,0.11730263821519218,-0.9931509351166474,0.0,1.0,0.0,1.0,0.0,10.0,1.0,1.0,1.0
0.5041818746661916,-1.4809800094022112,0.6388267592306852,-0.5675145318058835,0.0,1.0,1.0,0.0,0.0,3.0,0.0,0.0,2.0
1.9561413546561732,-0.44630947368648094,-1.2170740485175422,-0.5081037732083804,0.0,1.0,1.0,0.0,0.0,1.0,1.0,0.0,1.0
1.4721548613261792,0.5883610620292492,1.116266362901722,0.4427566064936593,1.0,0.0,0.0,1.0,0.0,8.0,0.0,1.0,1.0
0.2137899786681953,-0.46700288440079557,0.9156336556686512,0.9848882372198061,1.0,0.0,0.0,1.0,0.0,4.0,1.0,0.0,1.0
-1.2381695013217864,-0.2186819558290203,0.8700956171042791,1.6898340593866104,0.0,1.0,1.0,0.0,0.0,7.0,0.0,1.0,2.0
0.7945737706641879,-1.781034464759773,-1.2170740485175422,-0.07980778383310927,0.0,1.0,1.0,0.0,0.0,1.0,1.0,0.0,1.0
-0.1733992159957998,0.7021748209579796,1.119983114076869,-0.33834272000527366,0.0,1.0,0.0,0.0,1.0,10.0,1.0,0.0,1.0
-0.6573857093257937,0.5055874191719908,-1.2170740485175422,-0.07163993740280829,1.0,0.0,1.0,0.0,0.0,3.0,0.0,0.0,1.0
-1.0445749039897887,1.1884699727443728,-0.2088710922323973,-1.50777014041429,1.0,0.0,0.0,1.0,0.0,3.0,1.0,1.0,2.0
0.2137899786681953,-0.44630947368648094,-1.2170740485175422,-0.4765726573971012,1.0,0.0,1.0,0.0,0.0,5.0,1.0,1.0,2.0
-0.5605884106597949,0.46420059774336164,-1.2170740485175422,-0.46075326066047434,1.0,0.0,1.0,0.0,0.0,4.0,1.0,1.0,2.0
-0.07660191732980101,0.443507187029047,-1.2170740485175422,0.9915305051436175,0.0,1.0,1.0,0.0,0.0,1.0,0.0,1.0,2.0
-1.2381695013217864,0.2676131959573729,0.36993047761599607,0.892176030717461,1.0,0.0,0.0,1.0,0.0,6.0,0.0,1.0,1.0
-0.36699381332779735,-0.35318912547206527,0.4629164514063002,0.8311144465753062,1.0,0.0,1.0,0.0,0.0,2.0,1.0,1.0,1.0
0.11699268000219652,-0.22902866118617762,-1.2170740485175422,0.6870775694225144,1.0,0.0,1.0,0.0,0.0,6.0,1.0,1.0,2.0
2.3433305493201684,-0.1152149022574473,-0.11700749016930564,0.21995725962215498,0.0,1.0,1.0,0.0,0.0,2.0,1.0,1.0,2.0
0.31058727733419406,0.6297478834578785,0.19502101287004478,-0.1328158094672847,1.0,0.0,1.0,0.0,0.0,1.0,0.0,0.0,1.0
-0.4637911119937961,-0.653243580829627,0.7244567132219004,0.554406513074404,1.0,0.0,1.0,0.0,0.0,3.0,1.0,1.0,1.0
-0.7541830079917924,-0.8084441611869866,0.9473606706089257,-0.5127683556087833,0.0,1.0,0.0,1.0,0.0,0.0,1.0,1.0,1.0
2.440127847986167,0.7125215263151369,-0.4815881316832913,-0.3520035188300377,0.0,1.0,0.0,0.0,1.0,3.0,1.0,0.0,2.0
-0.07660191732980101,0.3193467227431594,0.506066837827406,-1.464512248792518,0.0,1.0,1.0,0.0,0.0,4.0,1.0,1.0,1.0
-0.7541830079917924,-0.10486819690028999,1.2903090518881306,-0.1452166578789918,0.0,1.0,1.0,0.0,0.0,10.0,1.0,0.0,1.0
-0.6573857093257937,-0.042787964757346184,0.08434924488664755,0.4998059365591664,0.0,1.0,0.0,0.0,1.0,9.0,1.0,1.0,1.0
-0.5605884106597949,1.0125759816726987,-0.02130319699957439,-1.386314608425068,1.0,0.0,1.0,0.0,0.0,1.0,1.0,0.0,1.0
-0.36699381332779735,-0.49804300047226746,0.4763863589024768,0.5309223455107567,0.0,1.0,0.0,1.0,0.0,1.0,1.0,1.0,2.0
-1.818953293317779,0.19518625845727178,-1.2170740485175422,0.3461784414134074,1.0,0.0,0.0,0.0,1.0,4.0,1.0,0.0,2.0
-0.36699381332779735,0.9504957495297548,0.05911067022501435,1.6265067215332776,0.0,1.0,0.0,0.0,1.0,6.0,1.0,1.0,1.0
0.2137899786681953,-0.1359083129717619,0.901043948480157,-0.9077522858718122,0.0,1.0,1.0,0.0,0.0,1.0,1.0,1.0,1.0
-1.0445749039897887,-0.5601232326152112,-1.2170740485175422,-0.3679257225104885,0.0,1.0,1.0,0.0,0.0,2.0,1.0,1.0,3.0
2.052938653322172,-0.1566017236860765,0.7834503523383469,0.7220131432669202,0.0,1.0,0.0,0.0,1.0,7.0,1.0,1.0,1.0
-0.27019651466179856,0.919455633458283,0.5358416782825377,-0.09226447154932998,1.0,0.0,0.0,1.0,0.0,4.0,0.0,0.0,1.0
0.31058727733419406,0.20553296381442906,-1.2170740485175422,0.49734622389305805,1.0,0.0,0.0,0.0,1.0,3.0,1.0,1.0,2.0
-2.0125478906497762,0.6711347048865076,0.8525106145286253,1.6954176419295206,1.0,0.0,0.0,1.0,0.0,3.0,0.0,0.0,1.0
0.020195381336197752,0.8573754013153391,-1.2170740485175422,-0.08216590723493146,0.0,1.0,0.0,0.0,1.0,6.0,1.0,1.0,1.0
1.4721548613261792,0.4021203656004178,-1.2170740485175422,-1.5135944755972213,0.0,1.0,1.0,0.0,0.0,5.0,1.0,0.0,1.0
-0.4637911119937961,-0.5911633486866832,1.0579800333813414,-1.5728164938663844,1.0,0.0,1.0,0.0,0.0,7.0,0.0,0.0,1.0
2.1497359519881707,0.25726649060021556,-1.2170740485175422,0.32466882819721354,1.0,0.0,1.0,0.0,0.0,8.0,1.0,1.0,2.0
-0.5605884106597949,0.8573754013153391,0.7424722101380691,-0.661527046100249,0.0,1.0,0.0,1.0,0.0,5.0,1.0,0.0,1.0
-0.27019651466179856,1.674765124530766,0.3597133905008194,-1.272848619790987,1.0,0.0,0.0,1.0,0.0,6.0,0.0,1.0,1.0
-0.4637911119937961,1.064309508458485,-1.2170740485175422,-0.6025572614496049,0.0,1.0,1.0,0.0,0.0,7.0,1.0,1.0,2.0
-0.1733992159957998,0.8987622227439683,1.048742730808898,1.6608329337461858,0.0,1.0,0.0,1.0,0.0,7.0,1.0,0.0,2.0
-0.1733992159957998,1.0332693923870133,1.2138040346948933,0.16439715163122715,1.0,0.0,0.0,1.0,0.0,0.0,1.0,1.0,1.0
-1.4317640986537838,0.4124670709575751,-1.2170740485175422,-0.12259408556536104,0.0,1.0,1.0,0.0,0.0,6.0,1.0,1.0,2.0
0.9881683679961855,1.126389740601429,0.2538564718404622,0.3022316910817489,1.0,0.0,0.0,1.0,0.0,9.0,1.0,0.0,1.0
0.020195381336197752,2.057593222745586,-1.2170740485175422,0.7509846966900015,1.0,0.0,0.0,0.0,1.0,10.0,1.0,1.0,2.0
-0.94777760532379,0.4124670709575751,0.6562744794438297,-0.8327310495555037,1.0,0.0,1.0,0.0,0.0,9.0,1.0,0.0,1.0
0.020195381336197752,0.5573209459577774,1.1842365645531538,-0.06580933986796914,1.0,0.0,1.0,0.0,0.0,5.0,1.0,0.0,2.0
-0.5605884106597949,0.3710802495289459,0.968551183850527,0.38077306498726354,0.0,1.0,0.0,1.0,0.0,9.0,1.0,0.0,2.0
0.020195381336197752,1.0850029191727997,1.1839706804459051,0.16072845713842474,1.0,0.0,0.0,1.0,0.0,5.0,1.0,1.0,2.0
-0.1733992159957998,-0.7256705183297281,0.45884829596365284,-0.23047753538184995,1.0,0.0,1.0,0.0,0.0,10.0,1.0,0.0,1.0
-0.1733992159957998,0.15379943702864254,1.3303458293169166,-0.11468247370063127,1.0,0.0,0.0,1.0,0.0,2.0,0.0,1.0,1.0
-0.7541830079917924,0.7125215263151369,1.0552620355062763,0.6632352301205702,0.0,1.0,0.0,0.0,1.0,4.0,0.0,0.0,1.0
2.6337224453181647,-2.194902679046065,-1.2170740485175422,-0.5970653527804599,1.0,0.0,1.0,0.0,0.0,9.0,1.0,0.0,1.0
0.5041818746661916,-1.6051404736880988,1.666117268726582,-1.6863031830526056,1.0,0.0,0.0,0.0,1.0,0.0,1.0,0.0,2.0
-0.8509803066577912,-1.3154327236876944,-1.2170740485175422,0.46887896375279503,0.0,1.0,1.0,0.0,0.0,1.0,1.0,0.0,2.0
-0.8509803066577912,-0.3945759469006945,0.582184120760254,1.3209592658620224,0.0,1.0,0.0,0.0,1.0,9.0,1.0,1.0,1.0
0.2137899786681953,-0.7463639290440427,1.0615829720123944,-1.5770195757220076,0.0,1.0,0.0,1.0,0.0,0.0,0.0,1.0,1.0
-1.0445749039897887,0.21587966917158638,-1.2170740485175422,-1.5837488207556525,1.0,0.0,1.0,0.0,0.0,6.0,0.0,1.0,1.0
0.31058727733419406,-1.0050315629729754,-1.2170740485175422,1.454852350603302,0.0,1.0,0.0,0.0,1.0,1.0,0.0,1.0,2.0
-0.07660191732980101,-0.1152149022574473,-1.2170740485175422,-0.1918892708328511,0.0,1.0,1.0,0.0,0.0,9.0,1.0,0.0,2.0
0.9881683679961855,0.6918281156008222,-1.2170740485175422,1.471931523798766,1.0,0.0,1.0,0.0,0.0,10.0,1.0,0.0,1.0
0.020195381336197752,-0.30145559868627875,-1.2170740485175422,0.01745923995702879,0.0,1.0,0.0,0.0,1.0,9.0,0.0,1.0,2.0
-0.4637911119937961,-0.0014011433287169732,0.254820984926007,0.4191506709762439,0.0,1.0,1.0,0.0,0.0,4.0,1.0,1.0,1.0
-0.07660191732980101,1.1160430352442716,-1.2170740485175422,-1.3756352109711973,0.0,1.0,0.0,0.0,1.0,1.0,1.0,0.0,2.0
-0.7541830079917924,-1.5741003576166268,-1.2170740485175422,-1.2856643490166029,0.0,1.0,1.0,0.0,0.0,4.0,1.0,0.0,1.0
0.31058727733419406,0.7021748209579796,-1.2170740485175422,-1.2419084264639206,1.0,0.0,1.0,0.0,0.0,4.0,1.0,0.0,1.0
3.4081008346461545,-1.0878052058302337,0.6297875033451398,-0.5762418150066375,1.0,0.0,0.0,1.0,0.0,8.0,1.0,1.0,2.0
-1.4317640986537838,-0.5601232326152112,0.5199829933778283,1.5302303670241497,0.0,1.0,0.0,0.0,1.0,0.0,1.0,1.0,2.0
-0.5605884106597949,0.5573209459577774,-0.11714509403617668,-0.6085986914986817,0.0,1.0,0.0,0.0,1.0,7.0,1.0,1.0,1.0
0.11699268000219652,0.54697424060062,0.3173519757836893,1.3934752135066693,1.0,0.0,1.0,0.0,0.0,6.0,0.0,1.0,1.0
-0.94777760532379,0.18483955310011446,-1.2170740485175422,-0.1036259434985198,0.0,1.0,0.0,0.0,1.0,9.0,1.0,1.0,1.0
-0.4637911119937961,1.2712436156016311,0.7260216357031969,0.23568306898860023,0.0,1.0,0.0,1.0,0.0,4.0,0.0,1.0,2.0
-0.36699381332779735,-0.5187364111865821,-0.06683062592000544,1.348593285290075,0.0,1.0,0.0,1.0,0.0,8.0,1.0,0.0,1.0
-0.4637911119937961,0.6504412941721931,-1.2170740485175422,1.6209337501977672,0.0,1.0,0.0,0.0,1.0,5.0,1.0,0.0,2.0
-1.7221559946517802,-0.45665617904363826,-1.2170740485175422,0.2826378356867614,1.0,0.0,1.0,0.0,0.0,0.0,1.0,0.0,2.0
-1.1413722026557875,1.064309508458485,-1.2170740485175422,0.7701988100234538,1.0,0.0,1.0,0.0,0.0,7.0,1.0,0.0,2.0
0.11699268000219652,0.4331604816718897,0.8833454548647708,0.03583924280717186,0.0,1.0,1.0,0.0,0.0,4.0,1.0,1.0,1.0
-0.6573857093257937,0.6607879995293504,1.6010293536791202,1.5167510024505,0.0,1.0,1.0,0.0,0.0,8.0,1.0,0.0,1.0
0.6009791733321904,-1.2533524915447505,-1.2170740485175422,1.5795947475731553,1.0,0.0,1.0,0.0,0.0,1.0,0.0,1.0,1.0
1.2785602639941818,0.7435616423866088,0.8999513159064155,-0.12151035077682805,0.0,1.0,0.0,1.0,0.0,5.0,0.0,1.0,1.0
-0.5605884106597949,1.3850573745303616,0.9791961932713239,1.2047903765627366,1.0,0.0,0.0,1.0,0.0,5.0,1.0,1.0,2.0
-0.94777760532379,0.42281377631473244,-1.2170740485175422,-0.4018812382812835,0.0,1.0,1.0,0.0,0.0,4.0,1.0,0.0,1.0
-1.5285613973197827,0.16414614238579986,0.9707742257605271,1.2143855173654154,1.0,0.0,0.0,0.0,1.0,6.0,0.0,0.0,2.0
1.568952159992178,1.2298567941730019,-0.20228716515828707,1.4847442958026476,0.0,1.0,0.0,0.0,1.0,9.0,1.0,0.0,2.0
0.7945737706641879,0.22622637452874367,-1.2170740485175422,0.1548795944105206,0.0,1.0,1.0,0.0,0.0,1.0,0.0,0.0,2.0
-0.7541830079917924,-0.6946304022582562,-1.2170740485175422,-1.1895758650647168,0.0,1.0,1.0,0.0,0.0,5.0,1.0,0.0,2.0
-0.5605884106597949,1.1056963298871143,0.8589204469907944,-1.2742566052449815,0.0,1.0,0.0,1.0,0.0,0.0,1.0,1.0,2.0
-0.6573857093257937,-1.129192027258863,0.9039857133910688,1.0416181873380026,0.0,1.0,0.0,0.0,1.0,2.0,0.0,1.0,1.0
-1.1413722026557875,1.674765124530766,0.5728717469193184,-0.9295457923745044,0.0,1.0,0.0,1.0,0.0,6.0,1.0,0.0,1.0
-1.6253586959857813,0.5987077673864065,0.5986171732074057,0.9632342420012879,0.0,1.0,0.0,1.0,0.0,0.0,0.0,0.0,1.0
-0.36699381332779735,-0.5808166433295259,-1.2170740485175422,0.002732797582577099,0.0,1.0,0.0,0.0,1.0,8.0,1.0,0.0,1.0
-0.1733992159957998,0.7435616423866088,0.3046306911940763,0.37193079804730855,0.0,1.0,0.0,1.0,0.0,3.0,1.0,0.0,2.0
-0.1733992159957998,2.016206401316957,0.8261499896441415,-1.0148880804521672,1.0,0.0,1.0,0.0,0.0,6.0,1.0,1.0,1.0
0.6009791733321904,-1.615487179045256,0.2161753568709384,0.6142509395415403,1.0,0.0,0.0,0.0,1.0,3.0,1.0,0.0,3.0
0.7945737706641879,-0.8187908665441438,-1.2170740485175422,-1.1091145584367246,1.0,0.0,1.0,0.0,0.0,2.0,1.0,0.0,2.0
-0.4637911119937961,1.705805240602238,0.5256543303208318,0.05305984078322616,1.0,0.0,0.0,1.0,0.0,2.0,1.0,0.0,2.0
0.11699268000219652,0.919455633458283,0.6206252720411872,0.5127300392636358,0.0,1.0,0.0,1.0,0.0,4.0,1.0,0.0,2.0
-1.0445749039897887,-0.5394298219008967,0.7072295450009837,-1.194513555589999,0.0,1.0,1.0,0.0,0.0,7.0,0.0,0.0,1.0
-0.07660191732980101,0.9918825709583841,0.8683414893060349,-0.1838548472890356,0.0,1.0,0.0,1.0,0.0,2.0,1.0,0.0,1.0
0.31058727733419406,1.6333783031021367,-0.18025559650609052,1.436481219418362,1.0,0.0,0.0,1.0,0.0,6.0,0.0,1.0,3.0
2.5369251466521656,0.3090000173860021,0.948494134236622,1.5753488729794933,0.0,1.0,0.0,0.0,1.0,7.0,0.0,1.0,2.0
-0.6573857093257937,0.039985678099912235,0.6066113791647632,-0.3091930374612521,0.0,1.0,0.0,1.0,0.0,9.0,1.0,0.0,1.0
2.2465332506541693,-0.6946304022582562,0.9969229792705527,0.36955197409334584,1.0,0.0,0.0,1.0,0.0,9.0,0.0,1.0,2.0
2.2465332506541693,1.1884699727443728,1.07725309460888,-1.6345688502148412,1.0,0.0,0.0,1.0,0.0,7.0,0.0,1.0,1.0
-1.1413722026557875,0.2676131959573729,-1.2170740485175422,-1.387559772729453,0.0,1.0,1.0,0.0,0.0,2.0,1.0,1.0,2.0
1.2785602639941818,1.0332693923870133,-1.2170740485175422,1.381773313149589,0.0,1.0,0.0,0.0,1.0,8.0,0.0,1.0,2.0
0.6977764719981892,-1.987968571902919,0.5569294708805285,-1.6506439596543803,0.0,1.0,0.0,1.0,0.0,7.0,1.0,0.0,1.0
0.9881683679961855,0.6504412941721931,0.278875137518591,-1.605374461436365,1.0,0.0,0.0,1.0,0.0,4.0,1.0,0.0,1.0
1.181762965328183,0.10206591024285605,1.1396590202698034,-0.5538144193274744,0.0,1.0,1.0,0.0,0.0,6.0,1.0,1.0,1.0
-0.27019651466179856,2.057593222745586,0.43546994553967383,-0.21755169313518405,0.0,1.0,0.0,1.0,0.0,7.0,1.0,1.0,1.0
0.9881683679961855,0.6504412941721931,1.0416691525916928,0.7315861918837012,1.0,0.0,0.0,1.0,0.0,5.0,1.0,0.0,1.0
0.11699268000219652,0.6607879995293504,-1.2170740485175422,0.7219172944918829,0.0,1.0,1.0,0.0,0.0,7.0,1.0,1.0,1.0
-0.5605884106597949,0.5159341245291481,1.1541868378686417,1.5786907074935395,0.0,1.0,1.0,0.0,0.0,9.0,1.0,0.0,1.0
-0.4637911119937961,0.29865331202884476,-1.2170740485175422,-0.01580967850873576,1.0,0.0,0.0,0.0,1.0,7.0,1.0,0.0,2.0
0.5041818746661916,-0.6842836969010989,-1.2170740485175422,0.032525414922492474,1.0,0.0,0.0,0.0,1.0,4.0,0.0,1.0,2.0
-0.6573857093257937,-0.07382808082881809,0.9797610764350911,-1.4902816529399467,0.0,1.0,0.0,0.0,1.0,3.0,1.0,1.0,1.0
-0.36699381332779735,-0.9636447415443461,-1.2170740485175422,0.20576833578647818,0.0,1.0,1.0,0.0,0.0,1.0,0.0,0.0,2.0
0.11699268000219652,0.25726649060021556,1.1588991273002522,-0.08136937086307085,1.0,0.0,1.0,0.0,0.0,2.0,1.0,0.0,1.0
-0.6573857093257937,0.2883066066716875,0.20293114543677918,1.0389610366325708,1.0,0.0,0.0,1.0,0.0,0.0,0.0,0.0,1.0
0.2137899786681953,0.3607335441717886,0.865530898174757,1.5262936090788386,1.0,0.0,1.0,0.0,0.0,4.0,1.0,0.0,2.0
-1.334966799987785,1.2608969102444738,0.7848175496371068,-1.5331476257048067,0.0,1.0,1.0,0.0,0.0,1.0,0.0,1.0,2.0
2.052938653322172,-0.5601232326152112,0.04547100842578166,-0.8933560086062909,1.0,0.0,0.0,1.0,0.0,0.0,0.0,1.0,1.0
-1.0445749039897887,1.8299657048881255,0.9493324568601412,-0.3566552286181853,0.0,1.0,0.0,0.0,1.0,8.0,1.0,0.0,1.0
-0.8509803066577912,-1.305086018330537,1.322636958480699,0.014420433693644808,1.0,0.0,0.0,1.0,0.0,0.0,1.0,1.0,2.0
-0.07660191732980101,0.039985678099912235,-1.2170740485175422,0.1855920816640413,0.0,1.0,1.0,0.0,0.0,4.0,0.0,0.0,2.0
0.020195381336197752,-1.8431146969027168,0.6653863953151529,-0.2421646496302584,1.0,0.0,1.0,0.0,0.0,9.0,1.0,1.0,2.0
-1.1413722026557875,-0.45665617904363826,0.4051114139156067,-1.6043349110196277,1.0,0.0,0.0,0.0,1.0,5.0,0.0,0.0,1.0
0.31058727733419406,-0.03244125940018888,0.7437900565172851,-1.667032360643542,1.0,0.0,0.0,1.0,0.0,8.0,1.0,0.0,2.0
-1.6253586959857813,0.8573754013153391,0.8736082130096525,0.3833188849921076,0.0,1.0,1.0,0.0,0.0,5.0,0.0,0.0,1.0
0.11699268000219652,-0.33249571475775064,-1.2170740485175422,0.82167534270767,1.0,0.0,1.0,0.0,0.0,10.0,1.0,1.0,1.0
-0.8509803066577912,0.4124670709575751,-1.2170740485175422,-1.546377365973233,0.0,1.0,0.0,0.0,1.0,9.0,0.0,1.0,2.0
2.6337224453181647,0.7642550531009233,0.17278609270897927,0.7239603868018862,0.0,1.0,1.0,0.0,0.0,4.0,1.0,1.0,1.0
0.40738457600019284,2.057593222745586,0.8615334736917164,-1.4023164831381267,0.0,1.0,0.0,1.0,0.0,5.0,0.0,1.0,2.0
-0.94777760532379,0.08137249952854145,0.11582645093776575,-0.27354668667528215,0.0,1.0,0.0,1.0,0.0,9.0,1.0,1.0,1.0
0.9881683679961855,0.4745473031005189,1.9214240432224867,0.5431697663007166,1.0,0.0,1.0,0.0,0.0,7.0,0.0,1.0,4.0
-0.7541830079917924,1.3850573745303616,0.7391439969842155,-0.31450873050587325,1.0,0.0,0.0,0.0,1.0,2.0,0.0,0.0,2.0
0.2137899786681953,-0.38422924154353716,0.7678141484520364,1.3806542656544631,1.0,0.0,1.0,0.0,0.0,3.0,1.0,1.0,1.0
-0.36699381332779735,1.0125759816726987,-1.2170740485175422,0.5704160417731287,1.0,0.0,1.0,0.0,0.0,3.0,1.0,1.0,3.0
0.5041818746661916,0.08137249952854145,-0.8392532143739204,1.2177372672699829,1.0,0.0,1.0,0.0,0.0,9.0,0.0,1.0,1.0
0.31058727733419406,-0.8705243933299304,-1.2170740485175422,1.1850791020694729,0.0,1.0,1.0,0.0,0.0,2.0,1.0,1.0,2.0
0.6009791733321904,0.17449284774295717,0.4304141286974287,1.0179898117262502,0.0,1.0,0.0,0.0,1.0,4.0,1.0,1.0,2.0
-0.36699381332779735,-1.4292464826164246,-1.2170740485175422,-0.40389388860284486,0.0,1.0,1.0,0.0,0.0,8.0,1.0,0.0,1.0
0.9881683679961855,0.5780143566720919,-1.2170740485175422,-0.2938212249318315,1.0,0.0,1.0,0.0,0.0,10.0,1.0,0.0,1.0
-0.27019651466179856,1.5712980709591928,-1.2170740485175422,0.861286284114098,0.0,1.0,1.0,0.0,0.0,1.0,1.0,1.0,2.0
0.2137899786681953,-0.6118567594009978,-1.2170740485175422,-0.5906201749875329,0.0,1.0,0.0,0.0,1.0,0.0,1.0,0.0,2.0
0.020195381336197752,1.022922687029856,0.7049741919026179,-0.2225041697691379,1.0,0.0,0.0,0.0,1.0,7.0,1.0,0.0,1.0
0.6977764719981892,0.34004013345747397,0.4379522807175044,0.9441998233767531,1.0,0.0,0.0,1.0,0.0,3.0,1.0,0.0,2.0
-1.2381695013217864,0.8056418745295526,0.3465318724172207,-1.0524632356258183,0.0,1.0,0.0,1.0,0.0,4.0,1.0,0.0,2.0
-0.94777760532379,0.6918281156008222,-1.2170740485175422,0.4605964814917325,0.0,1.0,1.0,0.0,0.0,2.0,1.0,0.0,1.0
0.9881683679961855,0.2779599013145302,0.6626511969567287,1.655955257426689,0.0,1.0,0.0,1.0,0.0,2.0,1.0,0.0,1.0
-0.27019651466179856,0.3193467227431594,-0.05365232288002523,-1.0952627578787648,0.0,1.0,0.0,1.0,0.0,5.0,1.0,0.0,2.0
-0.1733992159957998,-0.8498309826156157,1.6564650647751726,1.7407682028139015,0.0,1.0,1.0,0.0,0.0,9.0,1.0,0.0,1.0
1.181762965328183,-0.8498309826156157,-1.2170740485175422,-0.4309495102505002,1.0,0.0,0.0,0.0,1.0,3.0,1.0,0.0,3.0
0.020195381336197752,-0.7774040451155146,-1.2170740485175422,-0.5400315046405032,0.0,1.0,1.0,0.0,0.0,1.0,1.0,1.0,2.0
-0.5605884106597949,-1.6258338844024134,0.9989429911760456,-0.1667323594928739,1.0,0.0,1.0,0.0,0.0,1.0,0.0,1.0,1.0
1.181762965328183,1.954126169174013,0.1940058628475089,-1.0988963136191943,1.0,0.0,0.0,1.0,0.0,1.0,0.0,1.0,1.0
-0.1733992159957998,0.039985678099912235,0.7335289233045353,1.3982918318950626,0.0,1.0,0.0,1.0,0.0,9.0,1.0,1.0,1.0
-0.07660191732980101,-0.1979885451147057,0.17455372369042102,-0.030751302252916946,1.0,0.0,0.0,1.0,0.0,6.0,1.0,0.0,2.0
-0.27019651466179856,-0.9015645094014022,2.0997200741639666,-0.9258856216384656,1.0,0.0,1.0,0.0,0.0,7.0,1.0,1.0,1.0
-0.94777760532379,1.6644184191736087,-1.2170740485175422,1.1857573495719596,0.0,1.0,1.0,0.0,0.0,6.0,0.0,0.0,2.0
-0.27019651466179856,0.4745473031005189,-1.2170740485175422,-0.43659676003780895,0.0,1.0,1.0,0.0,0.0,7.0,1.0,1.0,2.0
2.440127847986167,-1.4809800094022112,-1.2170740485175422,-1.631378703780346,1.0,0.0,1.0,0.0,0.0,2.0,1.0,1.0,1.0
-0.7541830079917924,1.2298567941730019,1.2753492931791486,1.499583634465664,0.0,1.0,1.0,0.0,0.0,3.0,1.0,1.0,2.0
-0.36699381332779735,-0.5187364111865821,-1.2170740485175422,0.3326785502418362,0.0,1.0,1.0,0.0,0.0,2.0,1.0,1.0,2.0
-0.1733992159957998,-0.20833525047186302,0.8971304366355586,-0.8368330640094997,0.0,1.0,0.0,1.0,0.0,9.0,1.0,1.0,2.0
0.7945737706641879,0.3607335441717886,1.5307584668143022,1.2754514503630618,1.0,0.0,0.0,1.0,0.0,5.0,1.0,0.0,1.0
0.11699268000219652,-0.34284242011490795,-1.2170740485175422,0.3339997325402164,1.0,0.0,1.0,0.0,0.0,0.0,1.0,0.0,1.0
-0.8509803066577912,-1.5844470629737841,-1.2170740485175422,0.6251364727457177,1.0,0.0,1.0,0.0,0.0,1.0,0.0,0.0,2.0
0.7945737706641879,0.3090000173860021,0.3425952122585694,-1.6993685365834457,0.0,1.0,1.0,0.0,0.0,9.0,1.0,1.0,1.0
-0.36699381332779735,-0.8498309826156157,0.7847008435537559,1.634040504832888,0.0,1.0,1.0,0.0,0.0,10.0,1.0,1.0,1.0
0.7945737706641879,1.064309508458485,1.7650986558566328,-1.2597740466865046,1.0,0.0,1.0,0.0,0.0,1.0,1.0,0.0,1.0
-0.4637911119937961,1.8713525263167547,1.0043624294515412,0.8115400740529216,1.0,0.0,0.0,0.0,1.0,6.0,0.0,1.0,2.0
-0.27019651466179856,-1.067111795115919,-1.2170740485175422,-0.5890401488102868,1.0,0.0,1.0,0.0,0.0,3.0,1.0,0.0,1.0
-1.334966799987785,-0.48769629511511015,1.441982914146763,-1.123378108632639,0.0,1.0,0.0,1.0,0.0,7.0,1.0,1.0,1.0
-1.1413722026557875,0.3193467227431594,0.35658049124678876,1.1530779619566505,1.0,0.0,1.0,0.0,0.0,1.0,1.0,0.0,1.0
1.2785602639941818,-1.2947393129733797,0.28741316810401507,-1.3678017045510984,0.0,1.0,1.0,0.0,0.0,8.0,0.0,1.0,1.0
0.31058727733419406,-1.2326590808304358,1.3392828468153941,0.019556605983568256,0.0,1.0,1.0,0.0,0.0,1.0,1.0,0.0,1.0
-1.6253586959857813,-0.8291375719013011,0.5209319135018234,-0.8094088333703673,1.0,0.0,0.0,0.0,1.0,3.0,0.0,1.0,1.0
-0.6573857093257937,0.11241261560001335,-1.2170740485175422,-0.604826842153616,0.0,1.0,1.0,0.0,0.0,9.0,0.0,0.0,2.0
-0.36699381332779735,0.6918281156008222,0.3512268006132912,-0.8062247753335604,0.0,1.0,1.0,0.0,0.0,3.0,1.0,1.0,1.0
-1.0445749039897887,-0.8084441611869866,-1.2170740485175422,-0.38615508100639884,0.0,1.0,0.0,0.0,1.0,8.0,0.0,0.0,2.0
-0.8509803066577912,-1.4499398933307392,-1.2170740485175422,0.767767277940931,1.0,0.0,1.0,0.0,0.0,5.0,1.0,0.0,2.0
0.020195381336197752,-2.339756554046267,-1.2170740485175422,1.6937509865508795,0.0,1.0,1.0,0.0,0.0,4.0,1.0,0.0,2.0
-0.7541830079917924,0.09171920488569875,1.5530986796538733,-0.9466642792236136,1.0,0.0,1.0,0.0,0.0,6.0,0.0,1.0,1.0
-0.4637911119937961,-1.2947393129733797,0.7557821692142263,-0.9234591342283138,0.0,1.0,0.0,1.0,0.0,3.0,1.0,1.0,1.0
-0.6573857093257937,-0.03244125940018888,-1.2170740485175422,0.5878728695794924,0.0,1.0,0.0,0.0,1.0,8.0,1.0,0.0,1.0
-1.1413722026557875,-0.2807621879719641,0.4683913491842145,1.174689686299789,1.0,0.0,0.0,1.0,0.0,7.0,1.0,1.0,1.0
-1.1413722026557875,-0.44630947368648094,1.2476603730236888,1.7411884762086196,0.0,1.0,0.0,0.0,1.0,4.0,1.0,1.0,1.0
0.8913710693301867,0.6918281156008222,-1.2170740485175422,-0.48277621277890875,0.0,1.0,1.0,0.0,0.0,9.0,1.0,1.0,2.0
0.6009791733321904,1.0746562138156424,0.9634167591918099,0.7612380802599046,1.0,0.0,0.0,1.0,0.0,7.0,0.0,0.0,1.0
2.7305197439841633,0.12275932095717065,-1.2170740485175422,-0.4790685525409006,0.0,1.0,1.0,0.0,0.0,9.0,1.0,1.0,3.0
-1.334966799987785,-1.7706877594026156,1.5853243478593742,1.422744402599603,1.0,0.0,0.0,1.0,0.0,3.0,0.0,0.0,2.0
-0.27019651466179856,-0.38422924154353716,-1.2170740485175422,0.534945558703243,0.0,1.0,0.0,0.0,1.0,5.0,1.0,0.0,2.0
-0.07660191732980101,1.2815903209587884,0.7957466081615964,-1.462308074875102,1.0,0.0,0.0,1.0,0.0,4.0,1.0,1.0,2.0
-1.5285613973197827,0.16414614238579986,-1.2170740485175422,-0.1441297919145049,0.0,1.0,1.0,0.0,0.0,1.0,1.0,0.0,2.0
0.020195381336197752,0.54697424060062,0.4315389117073547,1.2544283870992798,1.0,0.0,0.0,1.0,0.0,10.0,1.0,0.0,2.0
0.11699268000219652,0.753908347743766,-1.2170740485175422,0.48687278823527447,0.0,1.0,1.0,0.0,0.0,10.0,1.0,0.0,1.0
-0.4637911119937961,1.4574843120304626,-1.2170740485175422,-0.23533172788169113,0.0,1.0,1.0,0.0,0.0,1.0,0.0,1.0,1.0
-0.07660191732980101,1.7368453566737099,0.749475861156572,1.4203144361050577,0.0,1.0,1.0,0.0,0.0,9.0,1.0,1.0,2.0
0.6009791733321904,-1.3878596611877954,-1.2170740485175422,1.266659282238371,1.0,0.0,1.0,0.0,0.0,4.0,0.0,0.0,1.0
-0.5605884106597949,1.0436160977441706,-1.2170740485175422,-1.0487336571561319,0.0,1.0,1.0,0.0,0.0,4.0,1.0,1.0,2.0
0.2137899786681953,1.2505502048873165,0.3266648318811677,-0.418066286787653,0.0,1.0,0.0,0.0,1.0,10.0,1.0,1.0,1.0
-0.36699381332779735,-0.16694842904323381,0.609635931448851,-0.1561338507511491,0.0,1.0,0.0,0.0,1.0,2.0,1.0,0.0,1.0
-0.07660191732980101,0.6400945888150358,0.663417502603194,-0.41436436703889384,0.0,1.0,0.0,0.0,1.0,6.0,0.0,1.0,2.0
0.31058727733419406,-0.9015645094014022,0.3876257561877639,-1.098299824599952,0.0,1.0,1.0,0.0,0.0,7.0,1.0,1.0,1.0
0.40738457600019284,0.050332383457069536,0.9517919652282807,1.6496645509808279,0.0,1.0,1.0,0.0,0.0,7.0,1.0,0.0,1.0
2.2465332506541693,-1.708607527259672,0.6855387709723463,1.1859527001606465,0.0,1.0,0.0,1.0,0.0,9.0,1.0,0.0,2.0
1.568952159992178,-0.011747848685874276,1.0477868983411225,1.3912120691087861,1.0,0.0,0.0,1.0,0.0,2.0,1.0,1.0,3.0
-1.2381695013217864,-0.3945759469006945,0.3976264708674168,0.8662071010800724,0.0,1.0,1.0,0.0,0.0,4.0,0.0,1.0,1.0
-0.07660191732980101,2.057593222745586,0.5002686674136531,0.8544462302425245,1.0,0.0,1.0,0.0,0.0,0.0,0.0,1.0,1.0
-1.7221559946517802,-1.1084986165445483,1.3794909860690452,-1.5759542800807593,1.0,0.0,1.0,0.0,0.0,10.0,1.0,0.0,2.0
-0.6573857093257937,2.057593222745586,1.2906869802654828,0.9014067374299345,0.0,1.0,1.0,0.0,0.0,4.0,1.0,1.0,2.0
0.31058727733419406,1.612684892387822,-1.2170740485175422,-1.450048129381326,1.0,0.0,0.0,0.0,1.0,1.0,1.0,0.0,1.0
0.020195381336197752,0.6504412941721931,1.1924000425570243,-0.6264496995668137,0.0,1.0,0.0,1.0,0.0,3.0,1.0,0.0,2.0
-1.2381695013217864,0.5055874191719908,-1.2170740485175422,-0.8664185018737901,1.0,0.0,1.0,0.0,0.0,2.0,0.0,0.0,2.0
-1.1413722026557875,0.9918825709583841,-1.2170740485175422,-1.5108063373643792,0.0,1.0,1.0,0.0,0.0,10.0,0.0,0.0,2.0
-0.8509803066577912,-0.30145559868627875,1.3322115191287223,0.7390246482709333,1.0,0.0,1.0,0.0,0.0,2.0,1.0,0.0,3.0
0.020195381336197752,1.022922687029856,-1.2170740485175422,-1.4019729235542822,1.0,0.0,0.0,0.0,1.0,6.0,0.0,0.0,2.0
-1.334966799987785,0.9504957495297548,-1.2170740485175422,0.519799886659391,0.0,1.0,0.0,0.0,1.0,6.0,1.0,0.0,2.0
-1.0445749039897887,-0.6946304022582562,-1.2170740485175422,-1.392057706987414,0.0,1.0,1.0,0.0,0.0,10.0,1.0,0.0,2.0
-0.36699381332779735,1.3540172584588896,0.3672494527425433,0.30938921140421716,0.0,1.0,0.0,1.0,0.0,7.0,1.0,0.0,2.0
0.31058727733419406,0.5159341245291481,-1.2170740485175422,-1.3159311655593338,1.0,0.0,0.0,0.0,1.0,5.0,0.0,0.0,2.0
-0.1733992159957998,0.7952951691723953,-1.2170740485175422,-0.481068504204426,0.0,1.0,1.0,0.0,0.0,0.0,1.0,1.0,2.0
-0.27019651466179856,-0.1566017236860765,0.6727133189694945,0.2037805609183295,0.0,1.0,1.0,0.0,0.0,5.0,1.0,1.0,2.0
-0.4637911119937961,1.0332693923870133,0.8260080454683855,-1.7287422721624,1.0,0.0,0.0,0.0,1.0,8.0,0.0,0.0,2.0
0.31058727733419406,-0.6222034647581551,1.381506979170015,0.554831831141493,0.0,1.0,1.0,0.0,0.0,9.0,1.0,1.0,2.0
-0.07660191732980101,-0.30145559868627875,-1.2170740485175422,0.0945802776589523,0.0,1.0,1.0,0.0,0.0,5.0,0.0,0.0,2.0
0.11699268000219652,0.6504412941721931,-1.2170740485175422,-0.6453105118801196,1.0,0.0,1.0,0.0,0.0,0.0,1.0,0.0,2.0
0.9881683679961855,0.24691978524305827,-1.2170740485175422,-0.3368098354215572,1.0,0.0,1.0,0.0,0.0,0.0,1.0,1.0,1.0
-0.8509803066577912,-1.718954232616829,-1.2170740485175422,0.12539800721537206,1.0,0.0,0.0,0.0,1.0,7.0,1.0,0.0,1.0
-0.5605884106597949,-2.288023027260481,-1.2170740485175422,-0.5235810019949199,1.0,0.0,1.0,0.0,0.0,8.0,1.0,1.0,1.0
-0.36699381332779735,0.7746017584580807,-1.2170740485175422,0.012147025996800943,1.0,0.0,0.0,0.0,1.0,9.0,0.0,1.0,2.0
-0.4637911119937961,-0.5497765272580539,0.4625960723097183,-0.9847378132366141,0.0,1.0,0.0,0.0,1.0,0.0,0.0,1.0,1.0
-0.27019651466179856,0.46420059774336164,-1.2170740485175422,-0.3054653724879821,1.0,0.0,0.0,0.0,1.0,7.0,1.0,1.0,2.0
0.6009791733321904,-0.7463639290440427,-1.2170740485175422,-1.536786400071826,1.0,0.0,1.0,0.0,0.0,2.0,0.0,0.0,2.0
-0.27019651466179856,-2.2362895004746943,-1.2170740485175422,1.6900784650652445,0.0,1.0,1.0,0.0,0.0,4.0,1.0,1.0,1.0
-0.07660191732980101,1.0332693923870133,-1.2170740485175422,-0.1568907255609254,0.0,1.0,0.0,0.0,1.0,7.0,0.0,0.0,2.0
0.11699268000219652,0.2676131959573729,-1.2170740485175422,-0.18980373369324893,0.0,1.0,0.0,0.0,1.0,5.0,1.0,0.0,2.0
-0.1733992159957998,-0.2807621879719641,-1.2170740485175422,0.21302187883820312,0.0,1.0,1.0,0.0,0.0,0.0,0.0,0.0,2.0
-0.27019651466179856,-1.305086018330537,0.6256024810669605,1.1903925337092385,0.0,1.0,1.0,0.0,0.0,2.0,0.0,1.0,1.0
-0.5605884106597949,0.919455633458283,0.8658720143026781,0.4077780659569956,0.0,1.0,1.0,0.0,0.0,1.0,1.0,1.0,1.0
-0.36699381332779735,0.9608424548869121,-1.2170740485175422,-0.9884442557950847,0.0,1.0,0.0,0.0,1.0,7.0,1.0,1.0,2.0
-0.6573857093257937,2.057593222745586,0.8509702871310101,-0.7904916598898888,0.0,1.0,0.0,1.0,0.0,2.0,0.0,0.0,2.0
-1.6253586959857813,0.12275932095717065,-1.2170740485175422,-1.2302529718834916,1.0,0.0,0.0,0.0,1.0,9.0,1.0,0.0,1.0
-0.36699381332779735,-2.06039550940302,-1.2170740485175422,0.8655286796233664,1.0,0.0,1.0,0.0,0.0,8.0,1.0,1.0,2.0
0.11699268000219652,-0.22902866118617762,-1.2170740485175422,-1.7352285031511683,0.0,1.0,1.0,0.0,0.0,9.0,1.0,0.0,1.0
0.020195381336197752,0.050332383457069536,-1.2170740485175422,-0.016770079755524053,0.0,1.0,1.0,0.0,0.0,10.0,1.0,1.0,2.0
-0.5605884106597949,0.19518625845727178,-1.2170740485175422,-0.20301990553254112,1.0,0.0,1.0,0.0,0.0,7.0,1.0,1.0,2.0
0.5041818746661916,-0.5187364111865821,-1.2170740485175422,-0.7183853744325606,1.0,0.0,0.0,0.0,1.0,4.0,1.0,0.0,2.0
-0.4637911119937961,-0.6635902861867843,-1.2170740485175422,-0.0335037798707272,1.0,0.0,0.0,0.0,1.0,1.0,1.0,1.0,2.0
1.7625467573241755,0.784948463815238,0.5460513707973917,-1.7239788837652252,1.0,0.0,0.0,0.0,1.0,1.0,0.0,1.0,1.0
-0.27019651466179856,-1.3154327236876944,-1.2170740485175422,0.16970762604925846,1.0,0.0,1.0,0.0,0.0,10.0,1.0,0.0,2.0
-1.4317640986537838,1.6230315977449794,0.7468136442882873,1.2915813553817965,0.0,1.0,1.0,0.0,0.0,4.0,1.0,0.0,1.0
-0.7541830079917924,-1.2636991969019078,-1.2170740485175422,-1.2705870409810807,1.0,0.0,1.0,0.0,0.0,5.0,1.0,0.0,2.0
-1.818953293317779,-1.0878052058302337,-1.2170740485175422,-1.3803239730081343,1.0,0.0,1.0,0.0,0.0,6.0,0.0,1.0,1.0
-0.6573857093257937,-0.6325501701153124,-1.2170740485175422,0.6789512980507141,0.0,1.0,1.0,0.0,0.0,9.0,1.0,0.0,2.0
1.2785602639941818,-0.9843381522586606,-1.2170740485175422,1.3097101683387387,1.0,0.0,1.0,0.0,0.0,9.0,1.0,0.0,1.0
-0.27019651466179856,-1.274045902259065,-1.2170740485175422,-0.6840250671925976,0.0,1.0,0.0,0.0,1.0,7.0,1.0,0.0,2.0
0.11699268000219652,0.3296934281003167,-1.2170740485175422,-0.4191721137620839,1.0,0.0,1.0,0.0,0.0,1.0,0.0,0.0,2.0
1.2785602639941818,0.4848940084576762,0.5078674230059373,-1.235985981101097,0.0,1.0,0.0,1.0,0.0,10.0,1.0,0.0,3.0
0.2137899786681953,-0.37388253618637984,0.8208364870558748,-0.7707464643237898,0.0,1.0,0.0,0.0,1.0,1.0,1.0,1.0,1.0
-0.36699381332779735,-0.6222034647581551,0.23281963768382405,-0.74442179830718,1.0,0.0,0.0,1.0,0.0,2.0,1.0,0.0,2.0
-0.5605884106597949,-1.02572497368729,1.113233612256407,-0.7134532504423079,0.0,1.0,0.0,1.0,0.0,3.0,1.0,0.0,1.0
0.11699268000219652,0.9504957495297548,-0.12145807505037147,-0.08666471126399086,0.0,1.0,1.0,0.0,0.0,8.0,1.0,0.0,1.0
-1.0445749039897887,1.5712980709591928,-1.2170740485175422,1.0401646258784552,0.0,1.0,1.0,0.0,0.0,3.0,1.0,0.0,2.0
-0.5605884106597949,0.9815358656012267,0.5169298272055358,0.8059944135298989,1.0,0.0,0.0,1.0,0.0,2.0,1.0,1.0,2.0
2.052938653322172,1.0850029191727997,-1.2170740485175422,1.1594883489056433,0.0,1.0,1.0,0.0,0.0,2.0,1.0,1.0,1.0
0.6009791733321904,0.34004013345747397,1.1632058389793911,1.4562806887009978,0.0,1.0,1.0,0.0,0.0,6.0,1.0,0.0,1.0
-0.4637911119937961,-0.1359083129717619,-1.2170740485175422,-1.6684366930589236,1.0,0.0,0.0,0.0,1.0,7.0,0.0,0.0,2.0
-0.7541830079917924,0.2779599013145302,-1.2170740485175422,0.5320904480958286,1.0,0.0,1.0,0.0,0.0,1.0,0.0,1.0,2.0
-0.4637911119937961,-0.1359083129717619,0.9289894291163716,0.9703922841864153,0.0,1.0,1.0,0.0,0.0,5.0,0.0,1.0,1.0
0.6977764719981892,1.6540717138164513,1.6801020654582584,-1.5028609783810336,0.0,1.0,1.0,0.0,0.0,9.0,1.0,0.0,1.0
-0.7541830079917924,0.3607335441717886,-1.2170740485175422,-1.6535469076722034,1.0,0.0,1.0,0.0,0.0,1.0,1.0,0.0,2.0
0.6977764719981892,0.039985678099912235,0.9875636657927872,0.2659361431479771,1.0,0.0,0.0,1.0,0.0,7.0,1.0,0.0,1.0
0.6977764719981892,-0.860177687972773,-1.2170740485175422,-1.2261349536412862,1.0,0.0,0.0,0.0,1.0,3.0,1.0,1.0,2.0
-1.0445749039897887,-1.7706877594026156,-1.2170740485175422,-0.8998090143391028,1.0,0.0,1.0,0.0,0.0,6.0,0.0,0.0,2.0
1.0849656666621843,-0.10486819690028999,1.251930433205577,0.5401641852932892,0.0,1.0,1.0,0.0,0.0,6.0,1.0,1.0,2.0
-0.27019651466179856,-0.8187908665441438,-0.11836214879795347,-0.8603492391495663,1.0,0.0,1.0,0.0,0.0,8.0,0.0,1.0,2.0
2.440127847986167,0.4848940084576762,1.505463950393707,-0.26264254036959994,1.0,0.0,0.0,1.0,0.0,1.0,1.0,0.0,1.0
-1.334966799987785,-2.1017823308316492,-1.2170740485175422,-0.0807662715834812,0.0,1.0,0.0,0.0,1.0,2.0,0.0,0.0,2.0
0.5041818746661916,0.5366275352434627,0.3721628431524896,0.8986128587078437,0.0,1.0,1.0,0.0,0.0,6.0,1.0,0.0,1.0
0.7945737706641879,-1.0464183844016044,-1.2170740485175422,-0.048731732260482115,0.0,1.0,1.0,0.0,0.0,2.0,1.0,1.0,2.0
-0.7541830079917924,0.7746017584580807,-1.2170740485175422,0.10887113866735466,0.0,1.0,1.0,0.0,0.0,9.0,1.0,1.0,2.0
0.9881683679961855,0.2779599013145302,2.070483914267112,-1.7242309434295244,1.0,0.0,1.0,0.0,0.0,3.0,0.0,1.0,1.0
-0.5605884106597949,-0.6222034647581551,0.9010886375864539,0.32917998297586926,0.0,1.0,1.0,0.0,0.0,9.0,1.0,0.0,1.0
0.6009791733321904,-1.2430057861875932,0.8163698269567168,1.1286638351346565,1.0,0.0,0.0,0.0,1.0,1.0,1.0,1.0,2.0
1.7625467573241755,1.2402034995301592,-1.2170740485175422,-0.24322316105693956,1.0,0.0,1.0,0.0,0.0,4.0,0.0,0.0,1.0
-0.1733992159957998,-0.3945759469006945,0.5236550554466783,0.24866318495180278,0.0,1.0,1.0,0.0,0.0,9.0,1.0,1.0,1.0
2.2465332506541693,-0.1152149022574473,-1.2170740485175422,0.031394886448868696,0.0,1.0,0.0,0.0,1.0,3.0,1.0,1.0,1.0
2.6337224453181647,2.057593222745586,-1.2170740485175422,-0.6176747529098705,0.0,1.0,1.0,0.0,0.0,4.0,0.0,1.0,2.0
0.31058727733419406,0.8780688120296537,0.6682312266609675,-1.0078495448159521,1.0,0.0,1.0,0.0,0.0,7.0,0.0,0.0,3.0
-0.07660191732980101,-1.02572497368729,0.9092130528103599,-0.9271180872848149,0.0,1.0,0.0,1.0,0.0,10.0,1.0,1.0,2.0
0.8913710693301867,-1.6672207058310426,1.281224785391926,1.5318862372411715,1.0,0.0,0.0,0.0,1.0,8.0,1.0,0.0,1.0
-0.7541830079917924,-0.7256705183297281,-1.2170740485175422,-0.1881850896792362,0.0,1.0,1.0,0.0,0.0,3.0,0.0,0.0,2.0
-0.07660191732980101,1.1574298566729009,1.2357180935028345,-1.1822950112005042,1.0,0.0,1.0,0.0,0.0,0.0,0.0,0.0,2.0
0.40738457600019284,-1.5223668308308405,0.9489038915457975,1.418983164461937,0.0,1.0,0.0,1.0,0.0,5.0,1.0,0.0,2.0
-0.27019651466179856,0.443507187029047,0.35074599084014707,0.30062278850403784,0.0,1.0,1.0,0.0,0.0,3.0,1.0,1.0,1.0
0.11699268000219652,0.19518625845727178,1.1487350884047807,-0.5220131526130505,1.0,0.0,0.0,1.0,0.0,2.0,0.0,1.0,1.0
-0.8509803066577912,0.8056418745295526,-0.19357423620001768,0.7871894405211064,0.0,1.0,0.0,1.0,0.0,6.0,1.0,0.0,1.0
-0.1733992159957998,-1.036071679044447,-1.2170740485175422,-0.8572514624057147,0.0,1.0,1.0,0.0,0.0,3.0,1.0,1.0,2.0
1.9561413546561732,-0.18764183975754842,0.45469622788256325,0.0574121753593247,0.0,1.0,1.0,0.0,0.0,2.0,1.0,1.0,1.0
-0.07660191732980101,-0.9843381522586606,0.6276559294260855,1.6239558568560628,0.0,1.0,1.0,0.0,0.0,2.0,1.0,0.0,1.0
-0.1733992159957998,0.12275932095717065,1.2794669602935205,0.3280418005165803,1.0,0.0,0.0,1.0,0.0,8.0,1.0,0.0,1.0
-0.8509803066577912,-0.6325501701153124,-1.2170740485175422,-0.29169237319153185,0.0,1.0,0.0,0.0,1.0,3.0,1.0,0.0,2.0
-0.6573857093257937,1.3436705531017323,1.1477176878517115,-1.0401025706388545,0.0,1.0,1.0,0.0,0.0,6.0,1.0,1.0,1.0
0.40738457600019284,-0.4773495897579529,0.7977744969239546,-1.3201135468628162,1.0,0.0,0.0,1.0,0.0,8.0,1.0,0.0,2.0
-0.36699381332779735,0.6607879995293504,-1.2170740485175422,0.9072350735599176,1.0,0.0,1.0,0.0,0.0,3.0,1.0,1.0,1.0
-0.6573857093257937,0.7746017584580807,-1.2170740485175422,1.4823846068128486,1.0,0.0,1.0,0.0,0.0,8.0,0.0,0.0,2.0
-1.5285613973197827,0.5262808298863054,0.37075931586084093,0.256500170456295,1.0,0.0,0.0,1.0,0.0,7.0,1.0,0.0,1.0
0.40738457600019284,-0.1979885451147057,0.3906649369203157,-1.3148046380327625,0.0,1.0,1.0,0.0,0.0,2.0,1.0,0.0,1.0
2.2465332506541693,-2.132822446903121,-0.18634103106715497,-0.40512287516480067,0.0,1.0,0.0,0.0,1.0,1.0,1.0,1.0,1.0
-0.6573857093257937,0.7952951691723953,-0.22321565234498222,0.9787749640780065,0.0,1.0,0.0,1.0,0.0,5.0,1.0,1.0,1.0
-0.6573857093257937,-1.2843926076162224,-1.2170740485175422,0.16813003523108744,0.0,1.0,1.0,0.0,0.0,0.0,1.0,0.0,1.0
0.5041818746661916,-0.7774040451155146,0.7044051291821466,0.33395711375639753,0.0,1.0,0.0,1.0,0.0,9.0,1.0,0.0,1.0
-0.1733992159957998,-1.1188453219017056,0.7489998739488557,-1.1456623399890153,1.0,0.0,0.0,1.0,0.0,3.0,0.0,0.0,2.0
1.3753575626601806,-0.1359083129717619,0.7749134470181894,-1.4473167002240956,1.0,0.0,0.0,1.0,0.0,1.0,1.0,0.0,1.0
0.31058727733419406,-0.06348137547166079,-1.2170740485175422,0.8688720797253896,0.0,1.0,1.0,0.0,0.0,6.0,0.0,0.0,1.0
0.8913710693301867,-1.2533524915447505,-1.2170740485175422,-0.25706261086530297,1.0,0.0,1.0,0.0,0.0,0.0,1.0,0.0,1.0
-0.27019651466179856,-1.8638081076170314,0.2307202142009549,-0.06074466276232932,1.0,0.0,0.0,1.0,0.0,5.0,1.0,1.0,2.0
-1.0445749039897887,1.612684892387822,1.45091800261907,0.9787262568964995,1.0,0.0,0.0,0.0,1.0,7.0,1.0,0.0,3.0
-0.6573857093257937,-0.6015100540438405,1.3314495537911417,1.1653519977422195,0.0,1.0,0.0,0.0,1.0,10.0,1.0,0.0,1.0
-0.8509803066577912,-0.10486819690028999,0.1895954660116741,-1.6104702763473255,0.0,1.0,1.0,0.0,0.0,2.0,0.0,1.0,2.0
-0.5605884106597949,-0.5083897058294248,-1.2170740485175422,0.22735901166903727,1.0,0.0,1.0,0.0,0.0,8.0,1.0,1.0,2.0
-0.4637911119937961,-0.8498309826156157,1.223775170973256,0.04246428926323544,0.0,1.0,0.0,0.0,1.0,0.0,1.0,0.0,1.0
0.5041818746661916,-0.38422924154353716,-1.2170740485175422,0.08822555606025301,0.0,1.0,1.0,0.0,0.0,6.0,0.0,1.0,2.0
-0.36699381332779735,0.888415517386811,0.9270031751688729,-0.6229039907073166,0.0,1.0,0.0,1.0,0.0,0.0,0.0,1.0,1.0
0.2137899786681953,0.9504957495297548,-1.2170740485175422,1.111174303934995,0.0,1.0,0.0,0.0,1.0,7.0,1.0,0.0,1.0
-0.07660191732980101,0.9711891602440694,-0.17065113595241574,0.7017092067472471,0.0,1.0,0.0,1.0,0.0,5.0,1.0,1.0,2.0
0.11699268000219652,0.5883610620292492,0.11742159482907619,0.021414958912283764,0.0,1.0,0.0,0.0,1.0,8.0,1.0,0.0,1.0
0.6977764719981892,0.3193467227431594,-1.2170740485175422,-1.6561209082606339,0.0,1.0,0.0,0.0,1.0,4.0,1.0,1.0,1.0
0.9881683679961855,-1.1705788486874922,1.056508990173705,1.285879310015292,1.0,0.0,0.0,0.0,1.0,9.0,0.0,0.0,1.0
-0.36699381332779735,-1.543060241545155,-1.2170740485175422,-0.33469176884287716,1.0,0.0,1.0,0.0,0.0,6.0,1.0,1.0,2.0
-0.36699381332779735,0.5780143566720919,-1.2170740485175422,-0.09933466685352471,0.0,1.0,1.0,0.0,0.0,2.0,1.0,1.0,3.0
-0.5605884106597949,0.19518625845727178,1.0528214958954858,-0.4105533779944027,0.0,1.0,1.0,0.0,0.0,2.0,1.0,0.0,2.0
0.8913710693301867,0.06067908881422684,1.0912608789024287,0.025327015358402104,1.0,0.0,0.0,1.0,0.0,5.0,0.0,0.0,1.0
-1.0445749039897887,-0.5497765272580539,0.8725718436992345,-0.9361800584042106,0.0,1.0,1.0,0.0,0.0,8.0,0.0,1.0,2.0
-1.1413722026557875,1.7161519459593952,0.8696596571896129,-0.7062411084948638,1.0,0.0,0.0,1.0,0.0,7.0,1.0,1.0,1.0
2.2465332506541693,-0.9532980361871888,0.691964517900427,-1.3827796847271903,0.0,1.0,1.0,0.0,0.0,6.0,1.0,1.0,1.0
1.7625467573241755,-1.1188453219017056,0.4891227541970967,0.36180092197337,1.0,0.0,0.0,1.0,0.0,1.0,1.0,1.0,2.0
-0.36699381332779735,-1.2636991969019078,-1.2170740485175422,-0.7539296140915853,1.0,0.0,0.0,0.0,1.0,5.0,1.0,0.0,2.0
-0.5605884106597949,0.6194011781007212,-1.2170740485175422,-1.013601515043501,0.0,1.0,1.0,0.0,0.0,1.0,0.0,0.0,1.0
-0.07660191732980101,0.3710802495289459,-0.10090092540161119,-0.5788946168565776,0.0,1.0,0.0,0.0,1.0,8.0,1.0,1.0,2.0
1.568952159992178,-0.1359083129717619,1.2878985729351728,0.15879512994103226,1.0,0.0,0.0,0.0,1.0,2.0,0.0,1.0,1.0
-0.36699381332779735,0.9711891602440694,0.27095310929046834,1.0726204823214904,0.0,1.0,1.0,0.0,0.0,9.0,1.0,0.0,2.0
-1.1413722026557875,0.14345273167148526,1.1529911631469278,1.5246977530676025,1.0,0.0,0.0,1.0,0.0,2.0,0.0,0.0,1.0
-0.4637911119937961,0.4124670709575751,-1.2170740485175422,1.073304992175885,1.0,0.0,1.0,0.0,0.0,7.0,0.0,1.0,2.0
0.40738457600019284,-1.2223123754732785,0.076049609785534,-1.5189903615371094,0.0,1.0,0.0,1.0,0.0,4.0,0.0,1.0,2.0
-0.5605884106597949,0.29865331202884476,1.7370441852417513,1.117841273357999,0.0,1.0,1.0,0.0,0.0,10.0,1.0,0.0,1.0
0.5041818746661916,0.5780143566720919,-1.2170740485175422,1.6122682207449957,1.0,0.0,1.0,0.0,0.0,6.0,1.0,1.0,2.0
0.8913710693301867,0.4021203656004178,-1.2170740485175422,-1.6823041494966533,1.0,0.0,0.0,0.0,1.0,2.0,1.0,1.0,2.0
0.5041818746661916,-0.5601232326152112,0.0388526803849539,0.16167911694891138,0.0,1.0,1.0,0.0,0.0,8.0,0.0,1.0,2.0
0.11699268000219652,0.24691978524305827,0.05344608487360933,0.7467035093897474,1.0,0.0,0.0,0.0,1.0,8.0,1.0,0.0,1.0
-0.1733992159957998,-1.6982608219025146,-1.2170740485175422,0.46730850505763044,0.0,1.0,1.0,0.0,0.0,2.0,1.0,1.0,2.0
1.8593440559901744,0.2676131959573729,0.23006289853315606,-1.6851016812573576,1.0,0.0,1.0,0.0,0.0,1.0,0.0,1.0,1.0
0.5041818746661916,0.5055874191719908,-0.2721444366615873,-1.4435377187560237,1.0,0.0,1.0,0.0,0.0,2.0,1.0,0.0,1.0
2.2465332506541693,0.6090544727435638,0.8900401401915378,0.3390379686044666,0.0,1.0,0.0,0.0,1.0,3.0,1.0,0.0,2.0
1.4721548613261792,-0.8705243933299304,0.26693076821938444,1.021667377884256,1.0,0.0,0.0,0.0,1.0,5.0,1.0,0.0,2.0
-0.8509803066577912,0.2883066066716875,0.03598421846854346,0.3703966957840549,1.0,0.0,0.0,1.0,0.0,4.0,1.0,1.0,1.0
-1.1413722026557875,0.8780688120296537,-0.3888346055466036,1.605129139569812,0.0,1.0,1.0,0.0,0.0,5.0,0.0,1.0,1.0
0.020195381336197752,-0.9532980361871888,-1.2170740485175422,0.3703904334321468,1.0,0.0,0.0,0.0,1.0,2.0,1.0,1.0,2.0
-1.1413722026557875,0.6918281156008222,-1.2170740485175422,-1.2808153751433515,0.0,1.0,1.0,0.0,0.0,2.0,0.0,0.0,2.0
2.1497359519881707,-0.3221490094005933,-1.2170740485175422,-1.186666480740766,0.0,1.0,1.0,0.0,0.0,5.0,0.0,0.0,1.0
0.6977764719981892,2.057593222745586,0.6740208772091314,-0.19027132263571717,0.0,1.0,1.0,0.0,0.0,9.0,1.0,0.0,1.0
-0.5605884106597949,-0.9222579201157168,0.27244279975109237,-1.7135263226138018,0.0,1.0,0.0,1.0,0.0,8.0,1.0,0.0,2.0
-1.0445749039897887,2.057593222745586,0.4081340371735233,-1.122376654190009,0.0,1.0,0.0,1.0,0.0,2.0,1.0,1.0,2.0
-0.4637911119937961,0.2883066066716875,1.3632455314170324,0.38348988199004147,0.0,1.0,1.0,0.0,0.0,7.0,1.0,0.0,1.0
-0.4637911119937961,0.6297478834578785,0.6169205772796095,-0.12288267561579054,0.0,1.0,1.0,0.0,0.0,8.0,1.0,0.0,1.0
0.2137899786681953,0.5366275352434627,0.5502597021418048,0.2854343237221474,1.0,0.0,1.0,0.0,0.0,6.0,1.0,0.0,1.0
-0.1733992159957998,0.039985678099912235,1.4145770785819105,-0.4105225880975216,0.0,1.0,0.0,0.0,1.0,8.0,0.0,0.0,2.0
-0.8509803066577912,0.9091089281011256,-1.2170740485175422,0.3956718959934062,1.0,0.0,1.0,0.0,0.0,6.0,0.0,0.0,1.0
-1.334966799987785,-1.0878052058302337,0.836185266042693,0.09430142904482419,0.0,1.0,0.0,0.0,1.0,7.0,1.0,1.0,2.0
0.40738457600019284,-0.7980974558298293,1.0551488659709056,0.005718547808962228,1.0,0.0,0.0,1.0,0.0,3.0,1.0,1.0,1.0
-0.94777760532379,0.24691978524305827,0.7332746133543133,0.5844658022330705,1.0,0.0,0.0,1.0,0.0,8.0,1.0,0.0,1.0
-1.2381695013217864,-1.129192027258863,-1.2170740485175422,-0.7826052713870109,1.0,0.0,0.0,0.0,1.0,2.0,1.0,1.0,2.0
-0.36699381332779735,0.9401490441725975,0.9829320739560009,-0.26700444242778026,0.0,1.0,0.0,1.0,0.0,5.0,0.0,0.0,1.0
0.6977764719981892,0.12275932095717065,0.3171351210916225,-1.3711090961296502,1.0,0.0,0.0,1.0,0.0,6.0,1.0,1.0,1.0
2.052938653322172,-0.011747848685874276,-1.2170740485175422,0.05335295364336694,0.0,1.0,1.0,0.0,0.0,8.0,1.0,1.0,2.0
-0.5605884106597949,1.436790901316148,0.9550209942865038,1.6585890982666853,1.0,0.0,1.0,0.0,0.0,10.0,0.0,0.0,1.0
-0.36699381332779735,1.1988166781015301,0.640842430827293,-1.2513612727149108,1.0,0.0,1.0,0.0,0.0,6.0,0.0,1.0,1.0
-1.5285613973197827,0.5987077673864065,-0.03853486628155701,-0.6334059548571257,0.0,1.0,0.0,1.0,0.0,8.0,1.0,0.0,2.0
0.7945737706641879,1.3850573745303616,0.7446097318878174,-1.1487100179176022,1.0,0.0,1.0,0.0,0.0,9.0,1.0,1.0,1.0
-0.1733992159957998,-1.5120201254736831,0.937107896509584,-0.10649479648928788,0.0,1.0,0.0,0.0,1.0,0.0,1.0,1.0,1.0
-0.7541830079917924,-0.2704154826148068,-1.2170740485175422,-1.7355172671558174,0.0,1.0,1.0,0.0,0.0,5.0,0.0,1.0,2.0
-1.2381695013217864,-1.987968571902919,1.192274173599361,-0.8670316904981206,0.0,1.0,1.0,0.0,0.0,4.0,0.0,0.0,1.0
-0.4637911119937961,-0.1152149022574473,0.034008734917166675,1.194824713272165,1.0,0.0,0.0,0.0,1.0,3.0,1.0,1.0,1.0
0.11699268000219652,0.3503868388146313,1.4835841318003031,1.1749146091058205,0.0,1.0,1.0,0.0,0.0,2.0,1.0,1.0,2.0
-0.4637911119937961,0.8573754013153391,0.9305493682800596,-1.5090781021919755,0.0,1.0,1.0,0.0,0.0,6.0,1.0,1.0,1.0
1.0849656666621843,-0.7153238129725709,0.3339686072214562,-1.3831912604109253,1.0,0.0,0.0,1.0,0.0,6.0,1.0,1.0,2.0
-0.4637911119937961,-0.1152149022574473,0.9936384907099105,-1.3063497671400086,0.0,1.0,0.0,0.0,1.0,1.0,0.0,0.0,1.0
-0.5605884106597949,0.7642550531009233,0.6345152249861187,1.34676607016668,1.0,0.0,0.0,1.0,0.0,7.0,1.0,1.0,2.0
-0.1733992159957998,2.057593222745586,-1.2170740485175422,0.16408281635628683,0.0,1.0,1.0,0.0,0.0,6.0,1.0,0.0,2.0
-0.5605884106597949,0.15379943702864254,0.778266576760086,-0.31266342414363285,0.0,1.0,0.0,1.0,0.0,2.0,1.0,0.0,1.0
1.4721548613261792,-0.1462550183289192,-1.2170740485175422,0.8867888424885562,1.0,0.0,0.0,0.0,1.0,5.0,0.0,1.0,1.0
-0.27019651466179856,1.4574843120304626,0.2640989578002247,-0.5634380886221787,0.0,1.0,0.0,0.0,1.0,5.0,0.0,1.0,1.0
0.6009791733321904,0.008945562028440329,1.2170586233498835,0.2691896089184316,0.0,1.0,0.0,1.0,0.0,2.0,0.0,1.0,1.0
-0.27019651466179856,1.3850573745303616,-1.2170740485175422,-0.6618539060790056,0.0,1.0,1.0,0.0,0.0,2.0,0.0,1.0,1.0
-0.27019651466179856,1.3850573745303616,0.9601277695701019,1.5789532044110188,1.0,0.0,1.0,0.0,0.0,4.0,0.0,0.0,1.0
-1.1413722026557875,-1.4499398933307392,-1.2170740485175422,-0.8831539415311898,0.0,1.0,1.0,0.0,0.0,8.0,1.0,1.0,2.0
-1.2381695013217864,-0.30145559868627875,-1.2170740485175422,0.43673170209545104,1.0,0.0,0.0,0.0,1.0,8.0,1.0,1.0,2.0
1.8593440559901744,1.1574298566729009,1.803645099816071,-1.1138899496750563,1.0,0.0,1.0,0.0,0.0,9.0,0.0,1.0,1.0
0.9881683679961855,0.4021203656004178,0.657661770765205,-0.8497211581904976,0.0,1.0,0.0,0.0,1.0,8.0,0.0,1.0,1.0
-0.8509803066577912,-0.4773495897579529,0.959869119310995,1.5057504855071218,1.0,0.0,1.0,0.0,0.0,9.0,0.0,1.0,1.0
-0.36699381332779735,-1.3982063665449527,0.4561727366643514,0.34455649226922097,0.0,1.0,1.0,0.0,0.0,10.0,0.0,0.0,2.0
0.2137899786681953,0.7228682316722942,-1.2170740485175422,-0.6756354291322195,0.0,1.0,1.0,0.0,0.0,7.0,0.0,1.0,2.0
0.2137899786681953,-0.9119112147585595,0.3988216633325877,-1.3993902252548682,0.0,1.0,0.0,1.0,0.0,2.0,1.0,1.0,1.0
0.020195381336197752,1.0539628031013277,1.275594279502877,-1.4507420327635825,1.0,0.0,1.0,0.0,0.0,7.0,1.0,1.0,1.0
0.8913710693301867,-1.987968571902919,0.9369170836708267,-1.4015775256129763,0.0,1.0,0.0,1.0,0.0,4.0,1.0,1.0,1.0
0.6977764719981892,-1.067111795115919,-1.2170740485175422,0.08019930836476169,1.0,0.0,1.0,0.0,0.0,1.0,1.0,1.0,1.0
1.568952159992178,-1.098151911187391,-1.2170740485175422,-1.5625250143223737,1.0,0.0,1.0,0.0,0.0,5.0,0.0,0.0,1.0
0.11699268000219652,0.21587966917158638,0.21403638835156177,1.5487752784745383,0.0,1.0,0.0,1.0,0.0,4.0,1.0,0.0,2.0
-0.1733992159957998,0.18483955310011446,-1.2170740485175422,0.5685108951593221,0.0,1.0,1.0,0.0,0.0,4.0,1.0,0.0,1.0
0.6977764719981892,-0.5187364111865821,0.3615567357594765,0.6593776213452078,1.0,0.0,1.0,0.0,0.0,3.0,0.0,0.0,1.0
-1.0445749039897887,0.5676676513149347,0.7910960475674611,-0.8621093079441692,1.0,0.0,0.0,1.0,0.0,6.0,1.0,1.0,2.0
-0.6573857093257937,-0.40492265225785173,0.4952699175956359,1.343508777403393,0.0,1.0,0.0,1.0,0.0,9.0,1.0,0.0,2.0
-1.6253586959857813,0.6090544727435638,-1.2170740485175422,-0.0037165551116217503,0.0,1.0,0.0,0.0,1.0,8.0,0.0,0.0,2.0
0.6009791733321904,0.07102579417138415,0.9460523086083839,1.0334616479319803,1.0,0.0,0.0,1.0,0.0,9.0,1.0,1.0,1.0
-1.1413722026557875,0.039985678099912235,-1.2170740485175422,-0.8391160391884253,0.0,1.0,1.0,0.0,0.0,10.0,1.0,0.0,2.0
0.020195381336197752,-0.2186819558290203,0.47843932500505915,-0.713278600405761,0.0,1.0,0.0,0.0,1.0,10.0,0.0,0.0,1.0
0.31058727733419406,-2.0500488040458626,-1.2170740485175422,-0.29311636243373584,1.0,0.0,0.0,0.0,1.0,5.0,1.0,0.0,3.0
2.6337224453181647,0.42281377631473244,1.3506530093243396,0.3188486679155546,0.0,1.0,1.0,0.0,0.0,4.0,1.0,1.0,1.0
-0.94777760532379,-0.18764183975754842,0.8760202994844193,1.4750653090660888,0.0,1.0,1.0,0.0,0.0,10.0,1.0,0.0,1.0
-0.1733992159957998,0.8159885798867099,-1.2170740485175422,0.42629114378518473,1.0,0.0,1.0,0.0,0.0,1.0,1.0,1.0,2.0
-0.5605884106597949,0.54697424060062,0.8807272840940591,-0.43583066565439027,1.0,0.0,1.0,0.0,0.0,0.0,1.0,1.0,2.0
-0.27019651466179856,0.5055874191719908,-1.2170740485175422,0.5380483801194648,1.0,0.0,1.0,0.0,0.0,4.0,1.0,0.0,2.0
-0.07660191732980101,2.016206401316957,-1.2170740485175422,1.526578198182216,1.0,0.0,1.0,0.0,0.0,5.0,1.0,1.0,1.0
0.020195381336197752,-0.08417478618597539,-1.2170740485175422,1.2269669302571384,0.0,1.0,1.0,0.0,0.0,7.0,1.0,1.0,2.0
-1.7221559946517802,0.8263352852438672,0.9098711722390634,0.11837182232875362,1.0,0.0,0.0,1.0,0.0,8.0,1.0,0.0,1.0
0.6009791733321904,-0.7774040451155146,0.9308646033068521,0.6155575096854681,0.0,1.0,0.0,0.0,1.0,5.0,0.0,0.0,1.0
-0.07660191732980101,1.5195645441734065,0.8575153121773367,0.9965645663065955,1.0,0.0,0.0,1.0,0.0,4.0,1.0,0.0,1.0
-0.94777760532379,0.4021203656004178,-1.2170740485175422,0.15167553163845182,0.0,1.0,1.0,0.0,0.0,5.0,1.0,0.0,2.0
-0.6573857093257937,1.1056963298871143,0.13933517138047424,-0.42553135817049476,1.0,0.0,1.0,0.0,0.0,2.0,1.0,1.0,1.0
-0.27019651466179856,-0.2186819558290203,0.8180323260118342,0.6009985852245568,1.0,0.0,1.0,0.0,0.0,8.0,1.0,1.0,2.0
-0.07660191732980101,-0.9739914469015034,0.8709932572825595,0.038571541735500287,1.0,0.0,0.0,1.0,0.0,2.0,0.0,0.0,1.0
0.11699268000219652,0.46420059774336164,1.2527081522568875,0.6696017806062068,0.0,1.0,0.0,0.0,1.0,3.0,1.0,1.0,1.0
-0.27019651466179856,0.6297478834578785,0.4024961366841518,-0.5062123689779281,0.0,1.0,1.0,0.0,0.0,2.0,0.0,0.0,3.0
3.2145062373141573,-0.09452149154313269,1.363657539256741,0.736961377271449,0.0,1.0,1.0,0.0,0.0,1.0,1.0,1.0,2.0
1.181762965328183,-0.41526935761500905,0.7581641950311603,0.8661138616183305,0.0,1.0,0.0,0.0,1.0,1.0,1.0,1.0,1.0
0.020195381336197752,0.24691978524305827,-1.2170740485175422,-0.28597275844884135,1.0,0.0,1.0,0.0,0.0,6.0,0.0,0.0,2.0
-0.1733992159957998,-0.42561606297216636,1.0393070600451935,0.5167339435377389,1.0,0.0,0.0,0.0,1.0,10.0,1.0,1.0,2.0
0.2137899786681953,-1.4706333040450539,0.8193956652582518,0.2594847030031423,0.0,1.0,0.0,0.0,1.0,7.0,0.0,1.0,1.0
0.40738457600019284,0.5262808298863054,0.64960712198782,-0.6654839827350418,0.0,1.0,0.0,0.0,1.0,6.0,1.0,0.0,1.0
3.1177089386481582,-0.011747848685874276,-1.2170740485175422,1.313738426203595,0.0,1.0,0.0,0.0,1.0,0.0,1.0,1.0,1.0
0.40738457600019284,1.302283731673103,-1.2170740485175422,-1.358108975431186,0.0,1.0,1.0,0.0,0.0,1.0,1.0,0.0,2.0
1.9561413546561732,-0.653243580829627,-1.2170740485175422,-1.2598335390296311,0.0,1.0,0.0,0.0,1.0,4.0,1.0,1.0,2.0
-0.94777760532379,0.6504412941721931,-1.2170740485175422,0.5102748494072387,0.0,1.0,0.0,0.0,1.0,9.0,1.0,0.0,2.0
-0.5605884106597949,0.9401490441725975,1.0003085809529964,-0.8431837846611467,0.0,1.0,0.0,1.0,0.0,1.0,1.0,1.0,1.0
-0.36699381332779735,-1.646527295116728,1.0553086536387442,-1.0496251725319314,0.0,1.0,1.0,0.0,0.0,4.0,1.0,0.0,2.0
-1.4317640986537838,-0.053134670114503485,0.2682452388028012,-1.4083577392329842,0.0,1.0,0.0,1.0,0.0,0.0,1.0,1.0,1.0
0.020195381336197752,0.8056418745295526,0.897030288026843,1.632670093490342,1.0,0.0,0.0,1.0,0.0,1.0,1.0,1.0,1.0
-0.8509803066577912,-1.4292464826164246,-1.2170740485175422,1.0900835724797624,0.0,1.0,1.0,0.0,0.0,5.0,1.0,0.0,2.0
2.3433305493201684,-2.2776763219033236,1.3707610173795983,1.1854889382110116,0.0,1.0,1.0,0.0,0.0,6.0,1.0,1.0,1.0
0.7945737706641879,-0.9636447415443461,-1.2170740485175422,0.06833945757622255,1.0,0.0,1.0,0.0,0.0,9.0,1.0,0.0,2.0
-0.36699381332779735,0.19518625845727178,0.4461487129184647,1.3006273227129825,1.0,0.0,1.0,0.0,0.0,3.0,1.0,1.0,2.0
-0.36699381332779735,0.2883066066716875,0.6988143290817856,0.3714165893739694,1.0,0.0,0.0,0.0,1.0,8.0,0.0,0.0,1.0
0.6977764719981892,-1.0464183844016044,-1.2170740485175422,0.534590170232461,1.0,0.0,1.0,0.0,0.0,7.0,1.0,0.0,2.0
-0.7541830079917924,-0.16694842904323381,-1.2170740485175422,0.6179469448468308,0.0,1.0,0.0,0.0,1.0,1.0,1.0,0.0,2.0
-0.5605884106597949,1.3436705531017323,0.21806483800552065,-1.6160293313452625,0.0,1.0,1.0,0.0,0.0,3.0,1.0,0.0,1.0
-0.6573857093257937,-1.1395387326160202,-1.2170740485175422,-1.0258002286519539,0.0,1.0,1.0,0.0,0.0,8.0,0.0,0.0,2.0
-0.6573857093257937,0.9815358656012267,-1.2170740485175422,-0.4687882060669488,1.0,0.0,1.0,0.0,0.0,4.0,1.0,1.0,2.0
-0.36699381332779735,0.7332149370294515,1.418359738151237,-1.4749667234403576,1.0,0.0,1.0,0.0,0.0,2.0,1.0,1.0,2.0
-0.27019651466179856,-0.16694842904323381,0.08874565628274202,1.685136077776031,1.0,0.0,0.0,1.0,0.0,9.0,1.0,0.0,2.0
0.5041818746661916,0.9711891602440694,0.7061362694185187,-1.1410285474854935,1.0,0.0,0.0,1.0,0.0,0.0,1.0,1.0,1.0
-0.5605884106597949,0.4021203656004178,-1.2170740485175422,0.6637917096692887,0.0,1.0,1.0,0.0,0.0,5.0,1.0,0.0,2.0
0.31058727733419406,1.2712436156016311,0.9079723674779875,1.0960303714333397,0.0,1.0,0.0,1.0,0.0,2.0,1.0,1.0,2.0
-0.27019651466179856,1.2712436156016311,0.8857215328510105,0.9120696092329368,0.0,1.0,0.0,1.0,0.0,9.0,1.0,0.0,1.0
-1.2381695013217864,0.5262808298863054,-0.07121176585891216,0.15461796726413948,0.0,1.0,1.0,0.0,0.0,2.0,1.0,1.0,1.0
0.31058727733419406,2.057593222745586,0.6044267570260041,1.710579839624241,1.0,0.0,1.0,0.0,0.0,9.0,1.0,1.0,1.0
-1.2381695013217864,-0.9015645094014022,0.13335486874573443,1.4548191253473453,0.0,1.0,1.0,0.0,0.0,7.0,0.0,0.0,2.0
-1.2381695013217864,-0.7256705183297281,0.4724225316252493,1.4727191885054238,1.0,0.0,0.0,1.0,0.0,3.0,1.0,1.0,1.0
0.40738457600019284,0.21587966917158638,0.27148391299187996,1.1738098258567073,1.0,0.0,1.0,0.0,0.0,4.0,1.0,1.0,2.0
-1.0445749039897887,0.753908347743766,-1.2170740485175422,0.006636504226151438,0.0,1.0,1.0,0.0,0.0,9.0,1.0,1.0,2.0
-0.6573857093257937,0.3814269548861032,0.7627168575471128,1.2641694754922606,1.0,0.0,1.0,0.0,0.0,6.0,1.0,0.0,1.0
-0.6573857093257937,-0.860177687972773,1.5060614662502023,-0.659677390882517,1.0,0.0,0.0,0.0,1.0,7.0,1.0,0.0,1.0
0.40738457600019284,0.6194011781007212,-0.589444646722164,1.314485037714411,0.0,1.0,0.0,1.0,0.0,2.0,1.0,1.0,2.0
-0.5605884106597949,0.8366819906010244,0.5733765087674204,-0.9525745477910605,1.0,0.0,0.0,0.0,1.0,8.0,1.0,1.0,1.0
-1.6253586959857813,-1.6879141165453573,-1.2170740485175422,-0.5821343402436785,1.0,0.0,1.0,0.0,0.0,6.0,1.0,1.0,2.0
-1.1413722026557875,0.9401490441725975,-1.2170740485175422,0.5510220597765394,0.0,1.0,1.0,0.0,0.0,0.0,0.0,1.0,2.0
-0.7541830079917924,0.753908347743766,1.370996519324652,-0.6093152089294951,0.0,1.0,0.0,1.0,0.0,2.0,0.0,1.0,2.0
-0.7541830079917924,0.10206591024285605,0.9702458333418295,-0.5965026108798331,1.0,0.0,1.0,0.0,0.0,3.0,1.0,0.0,2.0
0.020195381336197752,1.5919914816735075,-1.2170740485175422,1.1618685644933637,0.0,1.0,1.0,0.0,0.0,2.0,0.0,0.0,1.0
-1.1413722026557875,-0.2807621879719641,0.3047232844502885,-1.659317491001257,0.0,1.0,0.0,1.0,0.0,9.0,0.0,1.0,2.0
-0.6573857093257937,0.5987077673864065,-1.2170740485175422,1.7318765328755608,1.0,0.0,1.0,0.0,0.0,7.0,1.0,1.0,2.0
-1.9157505919837776,-0.4773495897579529,1.4535546598905877,0.14153434854023464,0.0,1.0,0.0,1.0,0.0,8.0,1.0,1.0,1.0
0.11699268000219652,0.5055874191719908,-1.2170740485175422,1.7377205248853143,1.0,0.0,0.0,0.0,1.0,2.0,1.0,0.0,2.0
2.1497359519881707,-1.2636991969019078,-1.2170740485175422,1.5918947025374548,0.0,1.0,1.0,0.0,0.0,1.0,1.0,1.0,2.0
-0.8509803066577912,0.3296934281003167,-0.1530500581586695,0.26664187541717116,0.0,1.0,1.0,0.0,0.0,4.0,1.0,1.0,1.0
-0.8509803066577912,0.9504957495297548,0.8248546485702548,0.6770680696685863,1.0,0.0,1.0,0.0,0.0,1.0,1.0,1.0,1.0
-1.2381695013217864,-0.5290831165437394,0.5336638077353772,-0.3011440017629845,1.0,0.0,1.0,0.0,0.0,6.0,1.0,0.0,1.0
-0.4637911119937961,-0.9326046254728741,0.0501278383549732,-1.5257610076750354,0.0,1.0,1.0,0.0,0.0,1.0,1.0,1.0,1.0
-0.36699381332779735,-0.5083897058294248,0.2393796126829765,-0.8378206021145561,0.0,1.0,0.0,1.0,0.0,7.0,1.0,1.0,2.0
-0.8509803066577912,0.29865331202884476,-1.2170740485175422,1.0484723315013693,1.0,0.0,0.0,0.0,1.0,3.0,1.0,0.0,1.0
0.6977764719981892,0.5676676513149347,0.47427327148422904,0.1537911628580565,1.0,0.0,0.0,1.0,0.0,4.0,1.0,0.0,1.0
1.0849656666621843,-1.5016734201165258,-1.2170740485175422,-1.5280469400756955,0.0,1.0,0.0,0.0,1.0,3.0,1.0,0.0,2.0
0.8913710693301867,-0.10486819690028999,1.151471572780652,1.001974890446716,1.0,0.0,1.0,0.0,0.0,3.0,1.0,1.0,1.0
-0.7541830079917924,-0.5290831165437394,-1.2170740485175422,0.37742531602974866,0.0,1.0,1.0,0.0,0.0,8.0,1.0,1.0,2.0
0.2137899786681953,-1.0153782683301327,-1.2170740485175422,-0.16093168208381795,0.0,1.0,1.0,0.0,0.0,1.0,1.0,0.0,2.0
0.020195381336197752,0.5159341245291481,-1.2170740485175422,0.8008192754947696,1.0,0.0,1.0,0.0,0.0,9.0,0.0,1.0,2.0
0.11699268000219652,-0.653243580829627,0.8009205778568209,0.3765324090201917,1.0,0.0,0.0,1.0,0.0,10.0,1.0,0.0,1.0
-0.8509803066577912,-0.8187908665441438,-1.2170740485175422,1.30755435369439,1.0,0.0,1.0,0.0,0.0,6.0,0.0,1.0,1.0
0.5041818746661916,-0.5497765272580539,-1.2170740485175422,0.8459256046547362,0.0,1.0,0.0,0.0,1.0,8.0,1.0,0.0,2.0
0.5041818746661916,0.11241261560001335,-1.2170740485175422,1.3125920678959815,0.0,1.0,1.0,0.0,0.0,8.0,1.0,1.0,2.0
0.8913710693301867,0.25726649060021556,0.8993825746903059,-1.4909014518246246,0.0,1.0,0.0,0.0,1.0,1.0,0.0,1.0,2.0
1.568952159992178,1.5092178388162492,-1.2170740485175422,-0.8774219760389026,1.0,0.0,1.0,0.0,0.0,10.0,1.0,1.0,4.0
-0.4637911119937961,-1.7293009379739863,1.1660696390825547,-1.1501926297318343,1.0,0.0,0.0,1.0,0.0,4.0,0.0,1.0,1.0
-0.1733992159957998,0.4124670709575751,0.7612649438490061,-0.029507007719630267,1.0,0.0,0.0,1.0,0.0,7.0,1.0,1.0,1.0
-0.36699381332779735,0.6090544727435638,0.49523439136365177,0.4886916535561252,0.0,1.0,0.0,0.0,1.0,1.0,1.0,1.0,1.0
-1.5285613973197827,0.6090544727435638,-1.2170740485175422,0.5971747235678102,0.0,1.0,0.0,0.0,1.0,6.0,1.0,1.0,2.0
-0.7541830079917924,0.5573209459577774,0.5663416718258178,1.1068030083489524,1.0,0.0,0.0,1.0,0.0,9.0,1.0,0.0,2.0
-0.6573857093257937,0.08137249952854145,1.2090579873052887,1.3010700362020382,1.0,0.0,0.0,1.0,0.0,3.0,0.0,1.0,2.0
2.2465332506541693,-0.9015645094014022,0.6304724683880575,-1.419426620184692,1.0,0.0,0.0,1.0,0.0,5.0,0.0,1.0,3.0
3.1177089386481582,1.3229771423874177,-1.2170740485175422,0.8182226993556951,0.0,1.0,1.0,0.0,0.0,3.0,1.0,1.0,2.0
-0.6573857093257937,-0.5290831165437394,0.04539722317473754,-0.6176956274162307,1.0,0.0,1.0,0.0,0.0,1.0,1.0,0.0,1.0
-0.07660191732980101,1.3229771423874177,-1.2170740485175422,0.6729276113320434,1.0,0.0,0.0,0.0,1.0,7.0,1.0,1.0,2.0
0.6977764719981892,-0.5394298219008967,0.7673267478394745,-1.1914230849233736,0.0,1.0,0.0,1.0,0.0,9.0,1.0,1.0,1.0
-1.1413722026557875,1.4264441959589906,-0.15286310337225464,-0.3548765467220779,1.0,0.0,1.0,0.0,0.0,8.0,1.0,1.0,1.0
-0.07660191732980101,0.7228682316722942,-1.2170740485175422,-0.8058236369030054,0.0,1.0,0.0,0.0,1.0,7.0,0.0,1.0,1.0
-1.2381695013217864,0.8366819906010244,-1.2170740485175422,0.9481543246524707,0.0,1.0,1.0,0.0,0.0,7.0,1.0,0.0,2.0
-0.6573857093257937,-0.08417478618597539,-1.2170740485175422,0.5469650994654375,1.0,0.0,0.0,0.0,1.0,2.0,0.0,0.0,1.0
0.020195381336197752,-1.1705788486874922,0.7565367399514842,-0.720024545044494,0.0,1.0,0.0,0.0,1.0,2.0,1.0,1.0,2.0
0.8913710693301867,-1.1188453219017056,0.4049234946161063,-1.1576300423937487,0.0,1.0,0.0,1.0,0.0,1.0,0.0,0.0,1.0
0.6009791733321904,-2.1431691522602785,-1.2170740485175422,0.5244921277807214,0.0,1.0,1.0,0.0,0.0,6.0,1.0,0.0,1.0
1.0849656666621843,-0.2186819558290203,0.8625915445465593,-0.9060118739040318,0.0,1.0,0.0,1.0,0.0,3.0,1.0,1.0,4.0
0.8913710693301867,-2.132822446903121,1.4881694270089831,-1.4475238796997207,1.0,0.0,0.0,1.0,0.0,7.0,1.0,0.0,1.0
1.665749458658177,-0.44630947368648094,-1.2170740485175422,0.9385129120273603,1.0,0.0,0.0,0.0,1.0,5.0,0.0,1.0,2.0
-0.94777760532379,-0.6015100540438405,1.2306259466676999,-1.1455624902669257,1.0,0.0,1.0,0.0,0.0,2.0,1.0,0.0,1.0
0.020195381336197752,1.954126169174013,0.30957285624440817,-0.2673862719399522,1.0,0.0,1.0,0.0,0.0,1.0,1.0,0.0,1.0
0.2137899786681953,-0.08417478618597539,0.8380062667482018,1.2612501757777885,0.0,1.0,0.0,1.0,0.0,2.0,1.0,0.0,1.0
-0.6573857093257937,-0.20833525047186302,-1.2170740485175422,1.6783793479756786,0.0,1.0,1.0,0.0,0.0,10.0,0.0,1.0,2.0
-0.1733992159957998,-1.067111795115919,-1.2170740485175422,0.38104652102058173,0.0,1.0,0.0,0.0,1.0,4.0,1.0,0.0,1.0
3.2145062373141573,0.11241261560001335,1.0383066992233023,1.3811961330487301,1.0,0.0,0.0,0.0,1.0,7.0,0.0,1.0,1.0
0.8913710693301867,0.8470286959581818,-1.2170740485175422,0.312628412928659,0.0,1.0,1.0,0.0,0.0,5.0,0.0,1.0,1.0
-1.1413722026557875,-0.03244125940018888,-1.2170740485175422,1.0994209131288928,1.0,0.0,0.0,0.0,1.0,7.0,1.0,1.0,2.0
-0.07660191732980101,0.6711347048865076,-1.2170740485175422,1.5624569518056628,0.0,1.0,1.0,0.0,0.0,4.0,1.0,0.0,2.0
0.6009791733321904,-1.543060241545155,-1.2170740485175422,-0.26433180979679793,0.0,1.0,1.0,0.0,0.0,0.0,0.0,0.0,1.0
-0.6573857093257937,-1.0153782683301327,0.6528681407300472,-0.3923398493324822,0.0,1.0,1.0,0.0,0.0,3.0,1.0,0.0,1.0
-0.36699381332779735,1.1988166781015301,-1.2170740485175422,-1.0497629442739087,1.0,0.0,1.0,0.0,0.0,9.0,1.0,0.0,2.0
1.7625467573241755,1.4781777227447772,0.6646340751084281,-0.11344879037474435,0.0,1.0,0.0,1.0,0.0,3.0,1.0,0.0,1.0
-0.36699381332779735,-0.30145559868627875,-1.2170740485175422,-0.8479553489066456,1.0,0.0,1.0,0.0,0.0,5.0,1.0,0.0,2.0
-0.27019651466179856,-0.48769629511511015,0.6082074875691591,0.6091299012687277,0.0,1.0,0.0,1.0,0.0,10.0,1.0,1.0,1.0
-1.2381695013217864,0.6194011781007212,0.8533116426461703,-1.4020125851163665,0.0,1.0,0.0,1.0,0.0,9.0,1.0,0.0,1.0
-1.4317640986537838,-0.9946848576158179,-1.2170740485175422,1.704888057556697,1.0,0.0,0.0,0.0,1.0,2.0,0.0,1.0,2.0
0.6009791733321904,-0.35318912547206527,-1.2170740485175422,0.7556461479144505,1.0,0.0,0.0,0.0,1.0,1.0,1.0,0.0,1.0
0.40738457600019284,-0.7670573397583573,-1.2170740485175422,0.611453059872397,0.0,1.0,0.0,0.0,1.0,3.0,1.0,1.0,2.0
0.31058727733419406,-1.2119656701161212,1.1106491994436898,-1.5199302361859768,1.0,0.0,1.0,0.0,0.0,9.0,0.0,1.0,1.0
-0.27019651466179856,0.039985678099912235,1.1483877029418033,-0.20947273731113328,1.0,0.0,1.0,0.0,0.0,2.0,1.0,1.0,1.0
0.31058727733419406,0.8056418745295526,-1.2170740485175422,-0.7234841465652554,1.0,0.0,0.0,0.0,1.0,7.0,1.0,0.0,2.0
-0.5605884106597949,1.3540172584588896,1.861701392965549,1.1689733766872723,0.0,1.0,1.0,0.0,0.0,7.0,1.0,1.0,1.0
0.7945737706641879,-0.48769629511511015,0.6943915543280199,-0.9059803881902718,1.0,0.0,0.0,1.0,0.0,4.0,0.0,1.0,1.0
-0.4637911119937961,0.3090000173860021,-1.2170740485175422,0.5362643056425477,0.0,1.0,1.0,0.0,0.0,7.0,0.0,0.0,2.0
-1.334966799987785,-0.8291375719013011,0.10923946957221815,1.180216385812868,0.0,1.0,0.0,1.0,0.0,6.0,1.0,0.0,2.0
0.2137899786681953,0.008945562028440329,1.345862755084981,1.3658057074178047,0.0,1.0,0.0,1.0,0.0,9.0,1.0,0.0,1.0
0.11699268000219652,1.2091633834586875,-1.2170740485175422,-0.5354003214502763,1.0,0.0,1.0,0.0,0.0,8.0,0.0,1.0,2.0
1.2785602639941818,-0.022094554043031577,-0.4275598059312296,-1.008939020093734,1.0,0.0,1.0,0.0,0.0,8.0,1.0,0.0,1.0
-1.2381695013217864,0.13310602631432794,0.651575853947598,-0.08199421442011902,0.0,1.0,0.0,1.0,0.0,7.0,1.0,1.0,2.0
-0.4637911119937961,0.3607335441717886,-1.2170740485175422,-0.2188380845896304,1.0,0.0,1.0,0.0,0.0,1.0,1.0,0.0,2.0
2.052938653322172,1.1470831513157436,1.4983638480666497,-1.1900845072030268,1.0,0.0,0.0,0.0,1.0,10.0,1.0,0.0,1.0
0.40738457600019284,0.888415517386811,0.8009667137327463,0.6723559977662139,1.0,0.0,0.0,1.0,0.0,1.0,1.0,0.0,1.0
-0.27019651466179856,0.4331604816718897,1.646112302819296,-0.7156313312267735,0.0,1.0,1.0,0.0,0.0,8.0,0.0,0.0,1.0
-0.7541830079917924,1.9644728745311704,-1.2170740485175422,1.2765078743391065,0.0,1.0,1.0,0.0,0.0,2.0,1.0,0.0,2.0
-0.94777760532379,-2.474263723689312,-1.2170740485175422,-1.5194581244337972,0.0,1.0,1.0,0.0,0.0,5.0,0.0,0.0,2.0
-0.1733992159957998,0.039985678099912235,0.5366263096776284,-1.706198153201839,0.0,1.0,1.0,0.0,0.0,6.0,1.0,0.0,2.0
-0.07660191732980101,-1.0567650897587617,0.5075300041781774,1.0016989990543224,1.0,0.0,1.0,0.0,0.0,8.0,0.0,0.0,1.0
2.1497359519881707,-1.3568195451163236,0.9338269444969222,-0.16620771356635478,0.0,1.0,0.0,1.0,0.0,8.0,1.0,1.0,2.0
0.11699268000219652,-0.9843381522586606,-1.2170740485175422,-0.6566074468138124,1.0,0.0,1.0,0.0,0.0,8.0,1.0,0.0,2.0
0.8913710693301867,-1.8017278754740875,0.8585683997145707,-1.276526533857432,1.0,0.0,0.0,0.0,1.0,2.0,0.0,1.0,1.0
0.020195381336197752,0.3503868388146313,-1.2170740485175422,-1.4095968151396807,0.0,1.0,0.0,0.0,1.0,9.0,1.0,1.0,2.0
0.6977764719981892,-0.6015100540438405,0.37039408690578124,0.7950001589384289,1.0,0.0,1.0,0.0,0.0,7.0,1.0,0.0,1.0
-0.27019651466179856,0.7228682316722942,-0.16811671706796577,-1.2371782633227026,1.0,0.0,0.0,1.0,0.0,3.0,1.0,0.0,2.0
0.40738457600019284,1.7264986513165526,0.47567052944082167,-0.3638618040305999,0.0,1.0,0.0,1.0,0.0,10.0,1.0,1.0,1.0
1.181762965328183,1.2505502048873165,1.0966468807242924,-0.9251438808458003,1.0,0.0,0.0,1.0,0.0,9.0,0.0,1.0,1.0
-1.7221559946517802,0.5883610620292492,0.9365930072740836,-0.8621971548251017,0.0,1.0,0.0,1.0,0.0,8.0,1.0,0.0,2.0
0.020195381336197752,0.2883066066716875,0.24879133137172316,-1.631400622012024,1.0,0.0,0.0,0.0,1.0,7.0,0.0,1.0,1.0
-0.36699381332779735,-0.1462550183289192,1.1480375846917505,-0.26263593010925274,0.0,1.0,0.0,1.0,0.0,8.0,1.0,1.0,2.0
0.2137899786681953,0.2779599013145302,-1.2170740485175422,-1.508159797866347,1.0,0.0,1.0,0.0,0.0,9.0,0.0,0.0,1.0
-0.36699381332779735,-0.7463639290440427,-1.2170740485175422,-1.6594970117559544,0.0,1.0,1.0,0.0,0.0,1.0,1.0,0.0,2.0
0.6009791733321904,1.2608969102444738,0.3402482304170769,0.24513313197207567,0.0,1.0,1.0,0.0,0.0,8.0,1.0,1.0,1.0
-0.36699381332779735,1.4471376066733053,-0.3741506975800878,1.0644790769325791,1.0,0.0,0.0,1.0,0.0,7.0,1.0,0.0,1.0
0.6977764719981892,1.778232178102339,0.09428999900281561,-1.2435594259627916,1.0,0.0,0.0,0.0,1.0,3.0,1.0,1.0,1.0
1.181762965328183,-3.115759455833065,-1.2170740485175422,0.4516738477022909,0.0,1.0,1.0,0.0,0.0,10.0,1.0,1.0,1.0
-0.6573857093257937,1.4885244281019345,0.6679897768852195,1.7127278263287042,0.0,1.0,1.0,0.0,0.0,2.0,1.0,1.0,1.0
-0.27019651466179856,-0.2807621879719641,-1.2170740485175422,0.2043476516744477,1.0,0.0,0.0,0.0,1.0,0.0,1.0,0.0,2.0
-1.6253586959857813,-0.9326046254728741,1.7855992207377076,-0.46222926221435895,1.0,0.0,1.0,0.0,0.0,6.0,1.0,0.0,2.0
-0.1733992159957998,-0.6946304022582562,0.9397668983342499,-0.5032770654752466,1.0,0.0,0.0,1.0,0.0,10.0,1.0,1.0,4.0
0.020195381336197752,0.8470286959581818,-1.2170740485175422,0.7303053669642842,0.0,1.0,1.0,0.0,0.0,1.0,1.0,1.0,2.0
0.8913710693301867,-0.1359083129717619,1.0066595781169472,-0.9076853134972399,1.0,0.0,1.0,0.0,0.0,10.0,1.0,1.0,1.0
0.020195381336197752,-0.5704699379723686,0.17417643832179205,0.5550929364252152,1.0,0.0,1.0,0.0,0.0,10.0,0.0,1.0,1.0
-1.4317640986537838,1.6644184191736087,0.2695119659884835,-0.2889649449813541,1.0,0.0,0.0,0.0,1.0,1.0,0.0,0.0,1.0
-0.27019651466179856,0.6918281156008222,-1.2170740485175422,-0.9384625117204771,0.0,1.0,1.0,0.0,0.0,9.0,1.0,0.0,1.0
0.11699268000219652,-1.7293009379739863,0.501389592371237,0.3163755607745317,0.0,1.0,0.0,1.0,0.0,7.0,0.0,0.0,2.0
-0.36699381332779735,-1.781034464759773,0.2752509795996563,-0.007111793571105733,0.0,1.0,0.0,1.0,0.0,9.0,1.0,0.0,1.0
2.3433305493201684,0.4745473031005189,1.1679742309221435,0.33057196464165434,0.0,1.0,1.0,0.0,0.0,7.0,0.0,0.0,1.0
-0.94777760532379,-2.319063143331953,1.0547651505150397,-0.10470985224127237,0.0,1.0,1.0,0.0,0.0,1.0,1.0,1.0,1.0
0.11699268000219652,0.09171920488569875,0.9009020043044007,-1.0628095107490243,0.0,1.0,1.0,0.0,0.0,5.0,1.0,1.0,2.0
-0.07660191732980101,0.16414614238579986,0.1847232281600443,-0.38255631610990287,0.0,1.0,0.0,0.0,1.0,1.0,1.0,1.0,1.0
-0.7541830079917924,-0.3221490094005933,1.464816636181771,0.6142829471179593,0.0,1.0,0.0,0.0,1.0,2.0,1.0,1.0,2.0
-0.4637911119937961,0.24691978524305827,0.7862088597630053,1.1099821956676088,0.0,1.0,1.0,0.0,0.0,1.0,0.0,1.0,2.0
-0.6573857093257937,-0.03244125940018888,1.3089694865541666,1.5853455001211665,1.0,0.0,0.0,1.0,0.0,8.0,1.0,0.0,3.0
-0.27019651466179856,1.2091633834586875,1.6791889930706094,-1.4352985510956586,1.0,0.0,1.0,0.0,0.0,5.0,1.0,0.0,2.0
0.31058727733419406,-0.18764183975754842,-1.2170740485175422,-0.747882617507479,1.0,0.0,1.0,0.0,0.0,1.0,1.0,0.0,2.0
-0.1733992159957998,1.0850029191727997,0.9148792456835744,-0.7112064577410732,0.0,1.0,1.0,0.0,0.0,3.0,1.0,1.0,1.0
1.3753575626601806,0.753908347743766,1.0284355508014744,-1.5124409851666014,1.0,0.0,0.0,1.0,0.0,1.0,1.0,1.0,2.0
-0.36699381332779735,0.25726649060021556,-1.2170740485175422,0.6967368993322507,0.0,1.0,0.0,0.0,1.0,0.0,0.0,0.0,2.0
-0.07660191732980101,-1.3568195451163236,-1.2170740485175422,1.1016010813639947,0.0,1.0,1.0,0.0,0.0,5.0,1.0,0.0,2.0
-0.1733992159957998,-0.653243580829627,-1.2170740485175422,1.5300647626070258,0.0,1.0,0.0,0.0,1.0,2.0,0.0,1.0,2.0
-0.5605884106597949,0.4124670709575751,0.845486226478783,0.23870169656250262,1.0,0.0,1.0,0.0,0.0,1.0,1.0,1.0,1.0
0.31058727733419406,-0.8808710986870877,0.5192227963142378,1.0024530905965843,0.0,1.0,1.0,0.0,0.0,3.0,1.0,1.0,1.0
-1.0445749039897887,-1.3878596611877954,0.6325825015148677,1.3776746038257668,0.0,1.0,1.0,0.0,0.0,2.0,1.0,0.0,1.0
0.40738457600019284,-0.5290831165437394,0.927029056270002,1.348492565796887,0.0,1.0,0.0,1.0,0.0,8.0,1.0,0.0,1.0
-1.1413722026557875,0.12275932095717065,-1.2170740485175422,0.8870203755549345,1.0,0.0,1.0,0.0,0.0,9.0,1.0,0.0,2.0
-0.36699381332779735,-0.41526935761500905,-1.2170740485175422,-1.3265829042922772,0.0,1.0,1.0,0.0,0.0,10.0,1.0,1.0,1.0
2.2465332506541693,0.5987077673864065,-1.2170740485175422,-0.3072647549362301,0.0,1.0,0.0,0.0,1.0,3.0,1.0,1.0,2.0
0.31058727733419406,1.8299657048881255,-1.2170740485175422,1.4997019233350386,0.0,1.0,0.0,0.0,1.0,10.0,1.0,1.0,1.0
-0.7541830079917924,-0.36353583082922253,0.01534395994224542,1.112443995784353,0.0,1.0,0.0,0.0,1.0,7.0,1.0,1.0,2.0
0.40738457600019284,0.3607335441717886,0.9514090535333192,-0.0349933498537459,0.0,1.0,0.0,1.0,0.0,2.0,1.0,1.0,1.0
0.8913710693301867,-0.9532980361871888,-1.2170740485175422,0.6628128692752158,1.0,0.0,1.0,0.0,0.0,2.0,0.0,1.0,2.0
-0.5605884106597949,-0.9326046254728741,-1.2170740485175422,-0.9497417033237638,1.0,0.0,0.0,0.0,1.0,6.0,1.0,0.0,2.0
0.9881683679961855,-0.6222034647581551,-1.2170740485175422,-0.8651656835837396,0.0,1.0,1.0,0.0,0.0,3.0,1.0,0.0,2.0
1.0849656666621843,-1.5637536522594695,-1.2170740485175422,-0.27819352574527884,1.0,0.0,0.0,0.0,1.0,5.0,1.0,1.0,4.0
0.6009791733321904,-2.132822446903121,-1.2170740485175422,-0.15449241873435987,0.0,1.0,0.0,0.0,1.0,10.0,0.0,1.0,2.0
-1.7221559946517802,-0.24972207190049223,0.374260337609188,1.2054670584772464,1.0,0.0,1.0,0.0,0.0,7.0,1.0,1.0,1.0
-0.94777760532379,0.3090000173860021,-1.2170740485175422,-0.5825963626511172,0.0,1.0,1.0,0.0,0.0,8.0,1.0,0.0,1.0
-0.7541830079917924,1.1160430352442716,-1.2170740485175422,-0.013428419195697658,0.0,1.0,0.0,0.0,1.0,8.0,1.0,1.0,2.0
-0.27019651466179856,1.2402034995301592,0.034331846800824066,-0.0009167619460617238,1.0,0.0,0.0,1.0,0.0,5.0,0.0,0.0,1.0
-0.94777760532379,0.9298023388154402,-1.2170740485175422,0.2806895484264774,0.0,1.0,1.0,0.0,0.0,8.0,1.0,1.0,2.0
-0.07660191732980101,-0.33249571475775064,-1.2170740485175422,0.21890292309674594,1.0,0.0,0.0,0.0,1.0,1.0,1.0,0.0,1.0
1.2785602639941818,-0.24972207190049223,0.006279144459932858,1.3460518141407225,0.0,1.0,0.0,1.0,0.0,1.0,0.0,1.0,2.0
1.2785602639941818,0.6194011781007212,1.1180529626405131,0.549949632012285,1.0,0.0,0.0,1.0,0.0,8.0,0.0,1.0,1.0
-1.4317640986537838,-1.5947937683309414,-1.2170740485175422,-0.4082476148127008,0.0,1.0,0.0,0.0,1.0,3.0,1.0,0.0,2.0
0.6009791733321904,-0.7567106344012,1.1717179884636861,0.7573696863229233,0.0,1.0,1.0,0.0,0.0,1.0,1.0,0.0,1.0
-0.6573857093257937,-0.5187364111865821,0.2781284436381984,-0.22442305876629787,0.0,1.0,1.0,0.0,0.0,8.0,1.0,0.0,1.0
-0.4637911119937961,-1.6775674111882,-1.2170740485175422,-0.9796771370780266,0.0,1.0,1.0,0.0,0.0,5.0,0.0,0.0,1.0
-0.1733992159957998,-0.8705243933299304,-1.2170740485175422,-1.237993760704507,1.0,0.0,1.0,0.0,0.0,7.0,1.0,1.0,2.0
0.020195381336197752,-0.2704154826148068,-1.2170740485175422,0.009469348693448324,0.0,1.0,1.0,0.0,0.0,2.0,1.0,0.0,2.0
-1.2381695013217864,1.333323847744575,1.0391905147140235,0.30068784738219356,1.0,0.0,1.0,0.0,0.0,3.0,1.0,0.0,1.0
-0.07660191732980101,-1.1809255540446495,-1.2170740485175422,-0.8266429997755557,1.0,0.0,1.0,0.0,0.0,10.0,0.0,0.0,1.0
0.40738457600019284,1.2608969102444738,1.0037264938238053,1.3481185642246003,0.0,1.0,0.0,0.0,1.0,7.0,1.0,1.0,1.0
0.2137899786681953,0.8263352852438672,1.2302745424002,-0.19265606103314858,1.0,0.0,1.0,0.0,0.0,9.0,1.0,1.0,1.0
-0.4637911119937961,2.057593222745586,-1.2170740485175422,1.2498257324010789,1.0,0.0,1.0,0.0,0.0,2.0,1.0,1.0,2.0
0.2137899786681953,1.46783101738762,1.0624957228956817,0.05327310865653929,1.0,0.0,1.0,0.0,0.0,3.0,1.0,0.0,1.0
1.4721548613261792,0.6504412941721931,1.00109031880883,-0.8445503690108601,0.0,1.0,0.0,1.0,0.0,4.0,0.0,1.0,2.0
-0.6573857093257937,-1.7293009379739863,-1.2170740485175422,0.6876810166105434,1.0,0.0,1.0,0.0,0.0,3.0,1.0,1.0,2.0
-1.7221559946517802,-0.2186819558290203,0.16247191127652427,0.5782866004420164,1.0,0.0,0.0,0.0,1.0,1.0,1.0,1.0,1.0
0.40738457600019284,0.15379943702864254,0.9977813959166876,0.3347115532070987,0.0,1.0,1.0,0.0,0.0,7.0,1.0,1.0,2.0
-0.5605884106597949,2.057593222745586,-1.2170740485175422,-1.6525124019278365,0.0,1.0,1.0,0.0,0.0,10.0,1.0,0.0,1.0
1.665749458658177,2.057593222745586,1.511595038574154,0.9739993988854551,0.0,1.0,0.0,1.0,0.0,1.0,0.0,0.0,1.0
0.020195381336197752,-0.7463639290440427,1.459468571874606,-0.104773519485671,1.0,0.0,1.0,0.0,0.0,3.0,1.0,0.0,2.0
-2.0125478906497762,0.5676676513149347,1.6144068286712654,0.5183057938666609,0.0,1.0,1.0,0.0,0.0,2.0,1.0,0.0,2.0
-1.1413722026557875,-0.5394298219008967,-1.2170740485175422,-1.2057165552450708,0.0,1.0,1.0,0.0,0.0,5.0,1.0,0.0,2.0
-0.5605884106597949,-0.9739914469015034,-0.340917595456735,-1.73062950149158,0.0,1.0,1.0,0.0,0.0,3.0,1.0,1.0,1.0
-0.7541830079917924,-0.7049771076154135,1.3385446728005908,-1.518964268404159,1.0,0.0,1.0,0.0,0.0,4.0,1.0,0.0,1.0
-0.4637911119937961,-0.311802304043436,0.24992656327340962,-0.9567706714778971,1.0,0.0,0.0,1.0,0.0,2.0,1.0,0.0,2.0
-0.7541830079917924,-0.5083897058294248,1.2789544823407342,1.3844602100265841,0.0,1.0,1.0,0.0,0.0,7.0,1.0,1.0,1.0
-0.8509803066577912,1.8092722941738109,-1.2170740485175422,1.0009130738898615,1.0,0.0,1.0,0.0,0.0,5.0,0.0,1.0,2.0
1.0849656666621843,1.4574843120304626,1.1413334149863092,-1.4495655803759664,1.0,0.0,0.0,1.0,0.0,4.0,1.0,0.0,1.0
0.31058727733419406,0.443507187029047,0.9332627043418783,-1.103800083071641,0.0,1.0,1.0,0.0,0.0,8.0,1.0,0.0,1.0
0.6009791733321904,-0.0014011433287169732,0.32490748903930483,-0.2622581015441333,1.0,0.0,0.0,0.0,1.0,8.0,1.0,0.0,1.0
-0.6573857093257937,2.057593222745586,0.9967125546657231,1.0358102038517205,0.0,1.0,0.0,1.0,0.0,3.0,0.0,1.0,1.0
1.9561413546561732,-0.06348137547166079,0.7387966115212384,-1.7354880428469133,1.0,0.0,0.0,1.0,0.0,8.0,0.0,0.0,2.0
-1.334966799987785,-1.336126134402009,0.2947989270565748,0.059323758279258634,1.0,0.0,0.0,1.0,0.0,5.0,1.0,0.0,2.0
-0.07660191732980101,-1.0050315629729754,1.0130723041183733,1.640034619334215,1.0,0.0,1.0,0.0,0.0,3.0,1.0,1.0,1.0
-0.7541830079917924,-1.0153782683301327,-1.2170740485175422,-0.18737115788540876,1.0,0.0,1.0,0.0,0.0,4.0,1.0,1.0,2.0
-0.1733992159957998,-0.1772951344003911,0.6371358070395441,1.1989465585072028,0.0,1.0,1.0,0.0,0.0,5.0,0.0,0.0,2.0
-0.8509803066577912,-0.46700288440079557,1.6814120349806096,-1.7037821030448674,0.0,1.0,0.0,0.0,1.0,8.0,1.0,1.0,2.0
0.6009791733321904,-0.053134670114503485,-0.4593726625361175,-0.7414320471337424,1.0,0.0,1.0,0.0,0.0,3.0,1.0,1.0,1.0
-1.334966799987785,1.2815903209587884,-0.24926232822012115,-1.4922763859768822,0.0,1.0,0.0,1.0,0.0,10.0,1.0,0.0,2.0
0.31058727733419406,0.19518625845727178,-0.4212094517760023,0.008094414541190658,1.0,0.0,0.0,1.0,0.0,5.0,1.0,1.0,3.0
-0.27019651466179856,1.954126169174013,-1.2170740485175422,0.7220070548692318,1.0,0.0,0.0,0.0,1.0,6.0,1.0,0.0,2.0
-1.5285613973197827,1.1574298566729009,-1.2170740485175422,0.9415324093723608,1.0,0.0,1.0,0.0,0.0,2.0,1.0,0.0,2.0
-0.36699381332779735,1.064309508458485,-1.2170740485175422,-1.5690719553338064,0.0,1.0,0.0,0.0,1.0,4.0,1.0,1.0,2.0
-0.94777760532379,0.9401490441725975,-1.2170740485175422,1.3952502423641637,1.0,0.0,1.0,0.0,0.0,4.0,1.0,1.0,2.0
0.40738457600019284,-1.3568195451163236,1.2071519486960713,-1.296405326264236,0.0,1.0,0.0,1.0,0.0,3.0,0.0,1.0,3.0
0.31058727733419406,0.18483955310011446,-1.2170740485175422,0.6222625750825793,1.0,0.0,1.0,0.0,0.0,9.0,0.0,0.0,2.0
0.020195381336197752,-1.0153782683301327,1.0797045653679733,-0.9653636620210674,1.0,0.0,0.0,0.0,1.0,1.0,1.0,0.0,2.0
1.8593440559901744,-1.40855307190211,0.9024886283301222,-0.3204586606354048,1.0,0.0,1.0,0.0,0.0,2.0,1.0,0.0,1.0
0.11699268000219652,-0.49804300047226746,0.4359962481800196,-1.061635319766264,0.0,1.0,1.0,0.0,0.0,4.0,1.0,1.0,2.0
-0.94777760532379,1.2195100888158448,1.1214099504347517,1.5399137026162004,0.0,1.0,1.0,0.0,0.0,4.0,1.0,0.0,1.0
-0.07660191732980101,0.2779599013145302,-1.2170740485175422,0.2645895635335257,1.0,0.0,1.0,0.0,0.0,2.0,0.0,0.0,2.0
-0.07660191732980101,2.057593222745586,-1.2170740485175422,-0.3453346359106177,0.0,1.0,1.0,0.0,0.0,1.0,1.0,1.0,2.0
-0.5605884106597949,1.4471376066733053,0.8763969418443247,-0.7973845958442416,1.0,0.0,0.0,1.0,0.0,10.0,0.0,0.0,2.0
-0.1733992159957998,1.022922687029856,0.6125600136198611,-0.20048139160492282,1.0,0.0,0.0,0.0,1.0,2.0,0.0,0.0,1.0
1.568952159992178,0.2779599013145302,0.8670283047400655,1.4658497363707264,0.0,1.0,0.0,1.0,0.0,4.0,1.0,1.0,1.0
0.8913710693301867,-0.1359083129717619,-1.2170740485175422,-1.5993283346233569,0.0,1.0,0.0,0.0,1.0,2.0,1.0,1.0,2.0
-0.7541830079917924,-0.49804300047226746,0.8685850288601349,0.16154273684069156,0.0,1.0,1.0,0.0,0.0,1.0,1.0,0.0,1.0
0.020195381336197752,-1.5534069469023122,0.668575718584688,1.4293341363490744,1.0,0.0,1.0,0.0,0.0,9.0,0.0,0.0,1.0
0.020195381336197752,-0.9222579201157168,0.8817871232228921,-1.5656570600474997,1.0,0.0,0.0,1.0,0.0,6.0,1.0,0.0,1.0
-0.7541830079917924,-1.0567650897587617,-1.2170740485175422,-1.2902852689078694,0.0,1.0,1.0,0.0,0.0,4.0,0.0,1.0,2.0
-0.07660191732980101,1.3850573745303616,-1.2170740485175422,0.610686443626319,1.0,0.0,1.0,0.0,0.0,1.0,1.0,0.0,1.0
0.6009791733321904,0.18483955310011446,1.1839941502643199,1.2802226667001215,0.0,1.0,1.0,0.0,0.0,7.0,0.0,1.0,1.0
0.11699268000219652,-0.311802304043436,1.4164223528667388,-0.17985511791620434,0.0,1.0,1.0,0.0,0.0,10.0,0.0,0.0,1.0
3.1177089386481582,2.057593222745586,-0.09810801701023504,-0.034187072045583904,0.0,1.0,0.0,0.0,1.0,10.0,1.0,0.0,1.0
0.31058727733419406,-1.4913267147593685,-1.2170740485175422,-1.132119482125186,0.0,1.0,1.0,0.0,0.0,6.0,1.0,0.0,2.0
-0.27019651466179856,-0.40492265225785173,0.8839717453616511,-0.3873245752252282,1.0,0.0,0.0,1.0,0.0,2.0,0.0,0.0,2.0
0.2137899786681953,0.6918281156008222,-1.2170740485175422,-1.2585443643076701,1.0,0.0,1.0,0.0,0.0,1.0,0.0,1.0,2.0
0.40738457600019284,1.1884699727443728,0.5847656400337149,-1.0985579726619397,0.0,1.0,0.0,1.0,0.0,6.0,1.0,1.0,2.0
0.31058727733419406,-1.1705788486874922,0.07505583980306108,0.3367365542782564,1.0,0.0,0.0,1.0,0.0,4.0,1.0,0.0,1.0
-0.7541830079917924,-0.5808166433295259,-1.2170740485175422,1.5679740838366594,0.0,1.0,1.0,0.0,0.0,4.0,1.0,0.0,2.0
0.5041818746661916,-1.5741003576166268,0.03080221116427278,0.14549511216785987,1.0,0.0,0.0,1.0,0.0,6.0,1.0,0.0,2.0
-0.36699381332779735,-0.38422924154353716,0.8421658901817948,-0.528898260627518,1.0,0.0,0.0,1.0,0.0,6.0,0.0,0.0,1.0
0.6977764719981892,-1.4913267147593685,0.43521981514615593,-0.5137739849526854,1.0,0.0,0.0,1.0,0.0,8.0,1.0,1.0,1.0
1.665749458658177,-0.022094554043031577,1.3063214158778034,-0.18184184905903505,1.0,0.0,1.0,0.0,0.0,8.0,1.0,0.0,1.0
-0.7541830079917924,-1.129192027258863,-1.2170740485175422,0.2671745232377951,1.0,0.0,1.0,0.0,0.0,3.0,1.0,1.0,2.0
2.6337224453181647,-1.1809255540446495,0.4433553222705458,0.5358850854436709,0.0,1.0,0.0,1.0,0.0,8.0,1.0,1.0,2.0
-0.27019651466179856,-0.9843381522586606,0.9403523577771757,1.3535704634232217,1.0,0.0,1.0,0.0,0.0,2.0,0.0,1.0,1.0
-0.94777760532379,-0.18764183975754842,1.0105869146491049,1.626546731003801,1.0,0.0,0.0,1.0,0.0,0.0,1.0,0.0,1.0
0.020195381336197752,-0.45665617904363826,-1.2170740485175422,0.57200389589026,1.0,0.0,1.0,0.0,0.0,10.0,1.0,0.0,3.0
0.11699268000219652,-0.6222034647581551,0.1714436512460816,0.6420383865913399,1.0,0.0,0.0,0.0,1.0,1.0,0.0,1.0,1.0
1.2785602639941818,0.46420059774336164,1.0299369761713058,-1.2596597587641825,0.0,1.0,1.0,0.0,0.0,6.0,1.0,0.0,1.0
0.020195381336197752,-1.3464728397591663,-1.2170740485175422,-1.2608817871573517,1.0,0.0,1.0,0.0,0.0,6.0,0.0,1.0,2.0
0.31058727733419406,0.24691978524305827,0.27175863846907927,-1.5880543616466603,0.0,1.0,0.0,1.0,0.0,2.0,1.0,0.0,2.0
1.0849656666621843,-0.1462550183289192,0.8139582227384927,-1.4357431780811305,0.0,1.0,0.0,1.0,0.0,4.0,0.0,1.0,1.0
-0.07660191732980101,-0.7360172236868854,0.8440658202081373,0.45393594837485646,1.0,0.0,0.0,1.0,0.0,1.0,1.0,0.0,1.0
0.5041818746661916,-1.0774585004730763,-1.2170740485175422,-1.6421212466159563,1.0,0.0,0.0,0.0,1.0,5.0,0.0,0.0,3.0
-1.5285613973197827,-0.1152149022574473,-0.059453226080853856,1.0693738007656033,0.0,1.0,0.0,1.0,0.0,3.0,1.0,0.0,1.0
-0.36699381332779735,-1.2119656701161212,0.10031804503529013,0.2750188148195134,0.0,1.0,1.0,0.0,0.0,2.0,1.0,0.0,2.0
-0.36699381332779735,1.6954585352450806,-1.2170740485175422,1.7157389738711606,0.0,1.0,1.0,0.0,0.0,4.0,0.0,1.0,2.0
-0.7541830079917924,0.919455633458283,-1.2170740485175422,-0.22964064163102618,1.0,0.0,0.0,0.0,1.0,8.0,0.0,0.0,2.0
-1.334966799987785,0.9815358656012267,0.46815198918681844,-0.4861566651297211,1.0,0.0,0.0,0.0,1.0,3.0,0.0,0.0,1.0
-0.94777760532379,0.6090544727435638,0.706650194140933,1.533645610218896,1.0,0.0,0.0,0.0,1.0,3.0,1.0,0.0,1.0
2.7305197439841633,0.039985678099912235,1.167899641910195,1.51577581509504,0.0,1.0,0.0,1.0,0.0,6.0,1.0,1.0,1.0
-0.5605884106597949,-1.1809255540446495,0.9704737799343798,-0.6455815325543627,1.0,0.0,0.0,0.0,1.0,7.0,1.0,0.0,1.0
0.020195381336197752,-1.7706877594026156,0.7381048948867218,-0.3030380153067318,0.0,1.0,0.0,0.0,1.0,5.0,1.0,1.0,1.0
1.665749458658177,2.057593222745586,0.8938830818287102,0.33602316802339693,0.0,1.0,1.0,0.0,0.0,7.0,1.0,1.0,1.0
0.9881683679961855,-1.0774585004730763,0.7366711461850596,-0.9278238195540088,0.0,1.0,0.0,1.0,0.0,8.0,1.0,0.0,2.0
-0.1733992159957998,-1.1705788486874922,0.949095025888916,1.089872913919744,0.0,1.0,1.0,0.0,0.0,1.0,1.0,0.0,1.0
-0.1733992159957998,-0.6325501701153124,1.5141524450204764,0.4939862981401664,0.0,1.0,0.0,0.0,1.0,6.0,1.0,1.0,1.0
1.3753575626601806,0.6194011781007212,0.7731188096703523,0.04470308007036525,1.0,0.0,0.0,1.0,0.0,5.0,1.0,0.0,1.0
0.020195381336197752,0.4331604816718897,-1.2170740485175422,-0.3123711810545902,1.0,0.0,0.0,0.0,1.0,0.0,0.0,0.0,2.0
-0.36699381332779735,0.34004013345747397,0.3899294956925877,1.339854347156603,0.0,1.0,0.0,1.0,0.0,3.0,1.0,1.0,1.0
2.052938653322172,-0.7670573397583573,0.7985927255248584,1.370029315871349,0.0,1.0,1.0,0.0,0.0,10.0,1.0,1.0,2.0
1.181762965328183,-1.9672751611886043,0.7101812765471127,-0.7495864990891292,0.0,1.0,1.0,0.0,0.0,9.0,0.0,0.0,1.0
-1.1413722026557875,-1.377512955830638,0.933814084322448,0.7559507417530896,1.0,0.0,1.0,0.0,0.0,1.0,1.0,1.0,1.0
-0.1733992159957998,-1.781034464759773,0.6867773665263669,1.0472428230767545,0.0,1.0,0.0,0.0,1.0,6.0,0.0,1.0,1.0
-1.2381695013217864,0.8987622227439683,-1.2170740485175422,-0.5631686335359126,1.0,0.0,1.0,0.0,0.0,3.0,1.0,0.0,2.0
-0.7541830079917924,0.29865331202884476,0.70915101581957,0.022276728116520213,1.0,0.0,0.0,0.0,1.0,9.0,1.0,1.0,2.0
-0.6573857093257937,1.0125759816726987,0.06127760962387185,1.0052714968636485,1.0,0.0,0.0,1.0,0.0,7.0,0.0,1.0,1.0
-0.07660191732980101,-0.0014011433287169732,-1.2170740485175422,-0.5710720695523179,0.0,1.0,0.0,0.0,1.0,2.0,1.0,0.0,3.0
-0.8509803066577912,0.7332149370294515,-1.2170740485175422,1.1571060458672875,0.0,1.0,1.0,0.0,0.0,5.0,1.0,0.0,2.0
-1.0445749039897887,1.4574843120304626,0.8749996838877319,-1.0727393394703448,1.0,0.0,1.0,0.0,0.0,4.0,1.0,0.0,1.0
-0.07660191732980101,0.54697424060062,0.4979549612736118,1.2858314726048834,0.0,1.0,0.0,0.0,1.0,6.0,1.0,0.0,1.0
0.40738457600019284,0.5780143566720919,-1.2170740485175422,0.32198071364068076,0.0,1.0,0.0,0.0,1.0,10.0,1.0,0.0,2.0
-0.94777760532379,-0.5704699379723686,-1.2170740485175422,0.2929054835026774,1.0,0.0,0.0,0.0,1.0,6.0,1.0,0.0,2.0
-0.07660191732980101,-0.9222579201157168,-1.2170740485175422,0.2755697278332026,0.0,1.0,1.0,0.0,0.0,5.0,1.0,0.0,1.0
2.2465332506541693,-1.0774585004730763,0.8363542165848442,-0.2558117060716688,0.0,1.0,1.0,0.0,0.0,10.0,1.0,1.0,2.0
0.5041818746661916,1.6851118298879233,0.31792955836974984,0.12446248142199645,0.0,1.0,0.0,1.0,0.0,8.0,0.0,0.0,2.0
1.0849656666621843,-0.7360172236868854,0.8027346662185499,-0.7361327057857702,0.0,1.0,1.0,0.0,0.0,0.0,1.0,0.0,1.0
0.40738457600019284,-0.1152149022574473,0.9114838381180945,-0.5266358120465133,0.0,1.0,1.0,0.0,0.0,7.0,0.0,0.0,1.0
-0.1733992159957998,0.7332149370294515,0.8080467220371882,1.0490088063148264,1.0,0.0,0.0,1.0,0.0,0.0,0.0,0.0,1.0
-0.5605884106597949,0.7952951691723953,1.20083390572921,1.2334291555635926,1.0,0.0,0.0,1.0,0.0,9.0,1.0,0.0,2.0
0.40738457600019284,0.09171920488569875,-1.2170740485175422,0.21165720798490606,1.0,0.0,1.0,0.0,0.0,1.0,0.0,1.0,1.0
-0.27019651466179856,-0.2704154826148068,0.871810360618197,1.723122808633417,1.0,0.0,1.0,0.0,0.0,8.0,0.0,0.0,2.0
-0.5605884106597949,2.0058596959597996,1.4254591974695705,0.8837966559560431,0.0,1.0,1.0,0.0,0.0,8.0,1.0,0.0,1.0
-1.0445749039897887,2.057593222745586,0.4747677451927516,-0.43625215672864626,1.0,0.0,1.0,0.0,0.0,1.0,0.0,1.0,1.0
0.9881683679961855,0.08137249952854145,-1.2170740485175422,0.28512886011241007,1.0,0.0,1.0,0.0,0.0,1.0,1.0,0.0,1.0
1.665749458658177,0.9608424548869121,-1.2170740485175422,1.2114157709272397,0.0,1.0,1.0,0.0,0.0,9.0,1.0,1.0,2.0
-1.7221559946517802,0.784948463815238,1.247975768802662,1.1035164912767612,0.0,1.0,0.0,1.0,0.0,8.0,1.0,1.0,1.0
-0.27019651466179856,-0.8084441611869866,-1.2170740485175422,-0.7471909755300783,1.0,0.0,1.0,0.0,0.0,1.0,1.0,1.0,1.0
1.0849656666621843,0.54697424060062,1.442382061811998,0.36377408468706635,0.0,1.0,1.0,0.0,0.0,4.0,1.0,0.0,1.0
0.40738457600019284,-0.3221490094005933,-1.2170740485175422,-1.3775189612159844,1.0,0.0,0.0,0.0,1.0,2.0,1.0,0.0,2.0
-0.5605884106597949,-1.305086018330537,0.8891614687706061,-0.7790672165131792,0.0,1.0,0.0,1.0,0.0,4.0,0.0,0.0,2.0
-0.7541830079917924,-0.9015645094014022,0.7951506998269108,-0.47143961628313164,0.0,1.0,0.0,0.0,1.0,0.0,1.0,1.0,1.0
-0.94777760532379,-1.8948482236885031,0.5782381369751092,1.667394139003631,0.0,1.0,0.0,1.0,0.0,1.0,1.0,1.0,2.0
1.0849656666621843,0.8780688120296537,0.6526186533452528,1.48733830112634,0.0,1.0,0.0,1.0,0.0,9.0,1.0,0.0,1.0
0.020195381336197752,-1.708607527259672,0.35539349714284496,0.3596089248513307,1.0,0.0,1.0,0.0,0.0,8.0,0.0,1.0,1.0
0.6009791733321904,0.888415517386811,-1.2170740485175422,-1.7133473237217633,0.0,1.0,1.0,0.0,0.0,10.0,1.0,0.0,2.0
-1.0445749039897887,-1.6775674111882,0.06027853481942815,1.1848881003362774,0.0,1.0,0.0,1.0,0.0,1.0,1.0,1.0,2.0
0.31058727733419406,0.7952951691723953,-1.2170740485175422,-1.0095515129011858,0.0,1.0,0.0,0.0,1.0,8.0,0.0,1.0,2.0
-1.334966799987785,0.8263352852438672,0.34142172133782317,-0.03445635317763022,0.0,1.0,0.0,0.0,1.0,8.0,1.0,0.0,1.0
-0.07660191732980101,0.3296934281003167,0.8108603674599034,-1.4695642272401221,0.0,1.0,0.0,0.0,1.0,3.0,0.0,0.0,1.0
-0.6573857093257937,-0.022094554043031577,-1.2170740485175422,-1.2361425398987984,1.0,0.0,0.0,0.0,1.0,7.0,1.0,0.0,1.0
-0.4637911119937961,0.5676676513149347,-1.2170740485175422,-1.0851041793585807,0.0,1.0,1.0,0.0,0.0,8.0,1.0,1.0,2.0
1.3753575626601806,-2.44322360761784,1.471657927497541,-1.3481702750446625,0.0,1.0,0.0,0.0,1.0,5.0,1.0,1.0,1.0
-0.94777760532379,-1.0567650897587617,-1.2170740485175422,1.560364978359933,1.0,0.0,1.0,0.0,0.0,8.0,1.0,1.0,2.0
0.9881683679961855,-0.42561606297216636,0.6136092431047531,1.6691797790685252,0.0,1.0,0.0,1.0,0.0,6.0,1.0,0.0,1.0
1.7625467573241755,-3.1054127504759075,1.4055408769878026,1.2135567994629162,1.0,0.0,0.0,1.0,0.0,4.0,1.0,0.0,1.0
-0.7541830079917924,1.0022292763155414,0.38334154981395463,1.7290462977215593,1.0,0.0,0.0,1.0,0.0,1.0,1.0,0.0,1.0
-0.07660191732980101,-0.4359627683293237,1.0455460129390401,1.2450158982272528,0.0,1.0,0.0,1.0,0.0,6.0,0.0,1.0,2.0
0.40738457600019284,-0.2393753665433349,1.7556615383232999,0.40146683291321333,0.0,1.0,0.0,0.0,1.0,3.0,1.0,0.0,1.0
0.2137899786681953,-1.7293009379739863,-1.2170740485175422,-0.4451721812047927,0.0,1.0,1.0,0.0,0.0,5.0,1.0,1.0,1.0
0.2137899786681953,-0.8498309826156157,0.7158662774254951,1.10097954293712,0.0,1.0,1.0,0.0,0.0,4.0,1.0,0.0,1.0
0.020195381336197752,1.126389740601429,1.653726169116587,-0.5693067821311251,0.0,1.0,1.0,0.0,0.0,6.0,1.0,0.0,1.0
-0.1733992159957998,-0.6842836969010989,1.234345591382104,0.000845394299177031,0.0,1.0,0.0,1.0,0.0,6.0,1.0,1.0,1.0
-0.27019651466179856,-0.6842836969010989,1.130727146841115,-0.23369220936131824,0.0,1.0,0.0,1.0,0.0,5.0,0.0,0.0,2.0
0.5041818746661916,1.302283731673103,0.7867917471710362,-0.3490633446092056,0.0,1.0,0.0,1.0,0.0,3.0,0.0,1.0,2.0
-1.0445749039897887,-0.3945759469006945,0.015194299661804845,1.489475154760744,0.0,1.0,0.0,1.0,0.0,7.0,1.0,1.0,2.0
0.5041818746661916,1.0850029191727997,0.9924982754906156,1.5601120489245353,0.0,1.0,0.0,1.0,0.0,10.0,1.0,0.0,1.0
-0.5605884106597949,-0.6118567594009978,1.2998366728993231,-1.0910146218802474,0.0,1.0,0.0,1.0,0.0,2.0,1.0,1.0,1.0
0.40738457600019284,-1.6051404736880988,-1.2170740485175422,1.7333988062518773,1.0,0.0,0.0,0.0,1.0,3.0,0.0,1.0,2.0
0.020195381336197752,1.5919914816735075,1.439711485830305,-1.491637278173821,1.0,0.0,0.0,0.0,1.0,5.0,1.0,0.0,1.0
-0.5605884106597949,-0.042787964757346184,1.4925721077401337,-0.1667965485999315,1.0,0.0,0.0,1.0,0.0,3.0,0.0,0.0,2.0
0.11699268000219652,0.784948463815238,0.27875135833927944,-0.4869566805859753,0.0,1.0,0.0,1.0,0.0,1.0,1.0,0.0,2.0
-1.334966799987785,-1.4809800094022112,0.573633390752537,-0.8986758765521841,1.0,0.0,1.0,0.0,0.0,2.0,0.0,1.0,1.0
2.052938653322172,-0.5601232326152112,0.9012873272820758,-1.5508916519278426,1.0,0.0,1.0,0.0,0.0,0.0,0.0,0.0,1.0
1.181762965328183,0.919455633458283,-1.2170740485175422,1.37547599644338,1.0,0.0,1.0,0.0,0.0,4.0,1.0,1.0,2.0
2.7305197439841633,1.0850029191727997,-1.2170740485175422,-0.11788566670160165,0.0,1.0,1.0,0.0,0.0,4.0,1.0,1.0,3.0
-0.7541830079917924,1.5299112495305638,1.2679444047170592,-0.19576462293861943,0.0,1.0,0.0,1.0,0.0,9.0,0.0,1.0,1.0
-1.0445749039897887,0.8677221066724964,1.3622614065654148,0.26264527722029407,0.0,1.0,0.0,1.0,0.0,5.0,0.0,1.0,2.0
0.6009791733321904,0.14345273167148526,1.2817808271857427,-0.8347496143205336,1.0,0.0,0.0,1.0,0.0,5.0,1.0,0.0,2.0
0.020195381336197752,1.881699231673912,-1.2170740485175422,-1.7073224193235548,1.0,0.0,1.0,0.0,0.0,3.0,1.0,0.0,2.0
-0.27019651466179856,-1.1602321433303349,-1.2170740485175422,0.33226906200873735,0.0,1.0,0.0,0.0,1.0,6.0,1.0,1.0,3.0
-1.1413722026557875,0.16414614238579986,1.0018228664973015,1.1560826731929792,0.0,1.0,0.0,1.0,0.0,2.0,1.0,0.0,1.0
-0.1733992159957998,-1.708607527259672,0.413563924340779,-0.8435758774722789,0.0,1.0,0.0,1.0,0.0,1.0,0.0,0.0,1.0
-1.9157505919837776,-0.8187908665441438,1.0118687525397938,-1.4559423941605638,1.0,0.0,0.0,1.0,0.0,1.0,1.0,1.0,1.0
-1.1413722026557875,0.29865331202884476,-1.2170740485175422,-1.1725285254914521,0.0,1.0,1.0,0.0,0.0,3.0,1.0,0.0,1.0
-0.5605884106597949,-0.44630947368648094,-1.2170740485175422,-0.3575509188952568,1.0,0.0,1.0,0.0,0.0,4.0,1.0,0.0,1.0
-0.7541830079917924,-1.4809800094022112,-0.050953936771032556,0.5208952763806418,0.0,1.0,1.0,0.0,0.0,8.0,1.0,0.0,1.0
0.40738457600019284,-0.6222034647581551,-1.2170740485175422,1.7233238997113534,0.0,1.0,1.0,0.0,0.0,3.0,0.0,1.0,2.0
-1.334966799987785,-1.0153782683301327,0.8489803358833502,-1.3773039538004743,1.0,0.0,0.0,1.0,0.0,7.0,1.0,0.0,2.0
-0.4637911119937961,0.7952951691723953,0.23652995877173416,-1.5353373614219898,1.0,0.0,1.0,0.0,0.0,6.0,1.0,1.0,2.0
1.8593440559901744,0.443507187029047,1.085093621481274,0.048183034234827816,1.0,0.0,0.0,1.0,0.0,1.0,0.0,0.0,1.0
-0.7541830079917924,-1.036071679044447,-1.2170740485175422,1.4829031643416795,0.0,1.0,1.0,0.0,0.0,1.0,1.0,1.0,2.0
-0.5605884106597949,-0.2393753665433349,1.2286721646607484,-1.1774032445892144,0.0,1.0,0.0,1.0,0.0,8.0,1.0,1.0,1.0
3.2145062373141573,0.6504412941721931,-1.2170740485175422,-0.22831632815669203,1.0,0.0,1.0,0.0,0.0,3.0,1.0,1.0,1.0
0.11699268000219652,0.3814269548861032,1.2051351518341968,1.6763566083093766,1.0,0.0,0.0,1.0,0.0,8.0,0.0,1.0,2.0
-0.1733992159957998,0.34004013345747397,1.0089644428870377,-0.8261329660034885,0.0,1.0,0.0,1.0,0.0,4.0,1.0,1.0,2.0
1.9561413546561732,-1.036071679044447,1.4669774669977536,1.0372032292428237,1.0,0.0,1.0,0.0,0.0,2.0,1.0,0.0,1.0
-0.27019651466179856,2.057593222745586,-1.2170740485175422,0.71989003201587,0.0,1.0,0.0,0.0,1.0,0.0,1.0,0.0,2.0
-0.5605884106597949,-0.5601232326152112,-1.2170740485175422,-1.6553141085898126,1.0,0.0,0.0,0.0,1.0,2.0,1.0,1.0,2.0
0.40738457600019284,0.19518625845727178,0.5781722285809304,1.3736922698749021,0.0,1.0,0.0,1.0,0.0,9.0,1.0,0.0,1.0
0.6009791733321904,0.8366819906010244,0.37103532735548767,-0.31950156451879025,1.0,0.0,0.0,1.0,0.0,6.0,1.0,0.0,1.0
-1.6253586959857813,0.2779599013145302,0.6808454502980849,1.6623990435858587,1.0,0.0,1.0,0.0,0.0,6.0,1.0,1.0,2.0
-0.5605884106597949,-0.5187364111865821,0.6224160513366821,0.9246264945796865,1.0,0.0,0.0,1.0,0.0,7.0,1.0,1.0,2.0
-0.94777760532379,2.057593222745586,-1.2170740485175422,1.7071512019545805,1.0,0.0,0.0,0.0,1.0,1.0,1.0,1.0,2.0
0.020195381336197752,0.4021203656004178,-1.2170740485175422,1.0554531143366548,0.0,1.0,1.0,0.0,0.0,6.0,1.0,0.0,2.0
-0.4637911119937961,-0.9326046254728741,0.15159879451099617,-1.2288355929016352,0.0,1.0,0.0,0.0,1.0,4.0,1.0,1.0,2.0
0.5041818746661916,-0.2704154826148068,-1.2170740485175422,-1.6537286898317567,1.0,0.0,1.0,0.0,0.0,7.0,1.0,0.0,1.0
0.6009791733321904,0.42281377631473244,1.2311307085158016,0.14233227654585262,0.0,1.0,0.0,1.0,0.0,6.0,0.0,1.0,4.0
0.7945737706641879,0.3607335441717886,-1.2170740485175422,-1.1790269332755974,1.0,0.0,0.0,0.0,1.0,6.0,1.0,0.0,1.0
0.31058727733419406,1.022922687029856,1.2237285528407877,-0.5420989505412598,0.0,1.0,0.0,1.0,0.0,8.0,1.0,0.0,2.0
0.020195381336197752,-1.274045902259065,0.8346320784706038,-1.350943975077272,0.0,1.0,0.0,1.0,0.0,0.0,0.0,1.0,1.0
-1.1413722026557875,1.1884699727443728,0.8129966031922043,1.3525893616242932,0.0,1.0,0.0,1.0,0.0,5.0,1.0,0.0,1.0
-0.27019651466179856,1.7264986513165526,-1.2170740485175422,-1.5972765446023705,0.0,1.0,1.0,0.0,0.0,4.0,1.0,1.0,2.0
0.2137899786681953,0.3296934281003167,1.1759338751606028,1.1142225037262412,0.0,1.0,0.0,0.0,1.0,0.0,1.0,1.0,1.0
-0.94777760532379,-0.2393753665433349,-0.05971798492283594,-1.1307238474207881,1.0,0.0,1.0,0.0,0.0,9.0,1.0,1.0,1.0
-0.7541830079917924,-0.311802304043436,0.3964822368435986,-0.1648117309535174,1.0,0.0,0.0,1.0,0.0,8.0,1.0,1.0,1.0
-0.8509803066577912,1.7885788834594962,0.9311219675485113,1.0819122469650682,0.0,1.0,1.0,0.0,0.0,0.0,1.0,1.0,1.0
1.0849656666621843,1.1056963298871143,0.32315303973669873,-0.5551679571107128,1.0,0.0,1.0,0.0,0.0,2.0,1.0,1.0,3.0
-0.1733992159957998,-1.543060241545155,-1.2170740485175422,-0.4038523135443442,0.0,1.0,1.0,0.0,0.0,10.0,1.0,1.0,1.0
1.2785602639941818,-1.3154327236876944,0.19584535005382375,1.2879697178730452,0.0,1.0,1.0,0.0,0.0,2.0,1.0,0.0,1.0
-0.5605884106597949,1.4885244281019345,0.4636337276375837,0.36521929634406985,1.0,0.0,0.0,1.0,0.0,9.0,1.0,1.0,1.0
0.5041818746661916,1.0332693923870133,-1.2170740485175422,1.2311748828309124,1.0,0.0,1.0,0.0,0.0,10.0,1.0,0.0,2.0
-1.6253586959857813,1.5299112495305638,1.5830035686233723,1.6138630330309136,1.0,0.0,1.0,0.0,0.0,8.0,0.0,1.0,2.0
-0.7541830079917924,0.07102579417138415,0.02204636137369644,-1.502554123137539,0.0,1.0,0.0,1.0,0.0,2.0,0.0,0.0,2.0
-0.6573857093257937,0.5987077673864065,-1.2170740485175422,0.17086824860288452,1.0,0.0,1.0,0.0,0.0,2.0,0.0,0.0,2.0
-0.07660191732980101,2.057593222745586,1.1354373464943737,0.07033697388067263,0.0,1.0,0.0,0.0,1.0,1.0,0.0,1.0,1.0
0.11699268000219652,1.5609513656020357,-1.2170740485175422,-0.3122582847660257,0.0,1.0,0.0,0.0,1.0,4.0,1.0,1.0,2.0
-1.4317640986537838,0.6400945888150358,1.1570305439491897,0.3780687726883014,1.0,0.0,0.0,1.0,0.0,7.0,1.0,1.0,1.0
0.31058727733419406,0.019292267385597632,-1.2170740485175422,-1.6367417123727168,1.0,0.0,1.0,0.0,0.0,1.0,1.0,1.0,2.0
-1.6253586959857813,-1.1084986165445483,-1.2170740485175422,-0.5192711122484205,0.0,1.0,0.0,0.0,1.0,4.0,1.0,0.0,2.0
-0.07660191732980101,-0.022094554043031577,0.7475426554287784,-0.1894923556400427,0.0,1.0,1.0,0.0,0.0,1.0,0.0,1.0,1.0
-0.36699381332779735,0.8263352852438672,0.8383504371675602,0.6823355773943593,0.0,1.0,0.0,1.0,0.0,2.0,1.0,0.0,2.0
-1.7221559946517802,0.21587966917158638,-0.6425185867760791,-1.2362709181129132,1.0,0.0,0.0,1.0,0.0,1.0,1.0,0.0,1.0
1.3753575626601806,0.5780143566720919,0.54579014850339,-0.8306008061814468,1.0,0.0,0.0,0.0,1.0,6.0,1.0,1.0,1.0
-0.36699381332779735,-0.8498309826156157,0.29294561516270046,1.4766893456609114,1.0,0.0,1.0,0.0,0.0,4.0,1.0,0.0,1.0
-0.94777760532379,-0.053134670114503485,0.4862149079963599,-1.46796106515166,1.0,0.0,0.0,1.0,0.0,4.0,1.0,0.0,1.0
0.5041818746661916,1.1160430352442716,0.5688116290857175,0.0048534734745522955,0.0,1.0,1.0,0.0,0.0,2.0,1.0,0.0,2.0
0.020195381336197752,-0.7670573397583573,-1.2170740485175422,-1.5535047922156984,1.0,0.0,1.0,0.0,0.0,10.0,1.0,0.0,2.0
2.3433305493201684,0.4538538923862043,1.1331699369824384,0.46672158352046983,0.0,1.0,0.0,0.0,1.0,1.0,1.0,1.0,1.0
3.4081008346461545,-1.098151911187391,-1.2170740485175422,1.0692624700650157,1.0,0.0,0.0,0.0,1.0,3.0,1.0,1.0,2.0
0.11699268000219652,-0.06348137547166079,0.8953902942770546,1.6490410990575364,0.0,1.0,1.0,0.0,0.0,6.0,1.0,1.0,1.0
1.2785602639941818,-0.1772951344003911,-1.2170740485175422,1.3403995196810434,0.0,1.0,0.0,0.0,1.0,1.0,1.0,1.0,2.0
0.2137899786681953,-1.0153782683301327,1.1134234605820783,-1.400571026497976,0.0,1.0,0.0,0.0,1.0,6.0,1.0,1.0,1.0
1.181762965328183,1.2608969102444738,0.6508285170584815,-0.22887663469824343,0.0,1.0,0.0,1.0,0.0,8.0,1.0,1.0,2.0
2.827317042650162,-0.41526935761500905,0.10988874763097076,0.8104408573388382,0.0,1.0,1.0,0.0,0.0,5.0,1.0,1.0,2.0
0.020195381336197752,-0.6222034647581551,1.2022565625303885,-1.477391297354093,1.0,0.0,1.0,0.0,0.0,4.0,1.0,0.0,1.0
-1.334966799987785,-1.129192027258863,1.0226876958203508,-0.7912537533262552,0.0,1.0,0.0,1.0,0.0,8.0,0.0,0.0,1.0
0.2137899786681953,0.22622637452874367,0.36813696553342556,0.8957017348416961,1.0,0.0,0.0,1.0,0.0,9.0,1.0,0.0,1.0
-0.27019651466179856,1.6851118298879233,-1.2170740485175422,-0.020903753877499785,1.0,0.0,1.0,0.0,0.0,6.0,1.0,1.0,2.0
2.3433305493201684,-0.5083897058294248,-1.2170740485175422,-0.7573180683365024,1.0,0.0,1.0,0.0,0.0,7.0,1.0,1.0,2.0
0.8913710693301867,-0.45665617904363826,0.5844894677868873,1.282209745751391,1.0,0.0,1.0,0.0,0.0,4.0,1.0,0.0,3.0
0.7945737706641879,0.3917736602432605,0.6928628010874311,-1.1957138397057097,0.0,1.0,0.0,1.0,0.0,2.0,0.0,0.0,2.0
-0.5605884106597949,-0.9946848576158179,0.8299988791120082,0.38149219173137183,0.0,1.0,0.0,0.0,1.0,5.0,0.0,1.0,1.0
-0.07660191732980101,0.443507187029047,0.7365054106865266,0.2369661553128731,0.0,1.0,0.0,0.0,1.0,7.0,1.0,0.0,1.0
1.9561413546561732,-0.6946304022582562,-1.2170740485175422,0.528845506082138,1.0,0.0,0.0,0.0,1.0,1.0,0.0,1.0,1.0
-0.07660191732980101,0.9711891602440694,-1.2170740485175422,1.6416430000492677,1.0,0.0,0.0,0.0,1.0,7.0,1.0,1.0,2.0
-0.07660191732980101,0.6918281156008222,-1.2170740485175422,-1.0706943336639252,0.0,1.0,1.0,0.0,0.0,7.0,1.0,0.0,2.0
-0.7541830079917924,1.1470831513157436,0.6747757694507514,1.0347795251001863,0.0,1.0,1.0,0.0,0.0,7.0,1.0,1.0,1.0
0.31058727733419406,0.08137249952854145,-1.2170740485175422,1.0937479181170733,1.0,0.0,0.0,0.0,1.0,2.0,0.0,0.0,1.0
-0.1733992159957998,0.2779599013145302,0.6055835297199343,0.6134542292154597,1.0,0.0,0.0,1.0,0.0,2.0,1.0,1.0,1.0
1.8593440559901744,-0.41526935761500905,-1.2170740485175422,0.13580586213234064,0.0,1.0,1.0,0.0,0.0,8.0,0.0,1.0,2.0
-1.0445749039897887,-0.787750750472672,-1.2170740485175422,-1.5515436323431588,0.0,1.0,0.0,0.0,1.0,7.0,1.0,1.0,1.0
-0.07660191732980101,-0.5497765272580539,-1.2170740485175422,1.2859511531080152,1.0,0.0,0.0,0.0,1.0,6.0,0.0,0.0,2.0
-1.2381695013217864,0.8159885798867099,-1.2170740485175422,1.495136668794066,0.0,1.0,0.0,0.0,1.0,6.0,1.0,1.0,2.0
-0.1733992159957998,-0.1152149022574473,1.3232023239010096,-0.3228694921657864,0.0,1.0,0.0,0.0,1.0,5.0,1.0,0.0,1.0
0.2137899786681953,0.753908347743766,1.079757613587678,1.4904833934179413,1.0,0.0,0.0,0.0,1.0,4.0,0.0,0.0,3.0
0.40738457600019284,-0.08417478618597539,-1.2170740485175422,0.7985491729280995,0.0,1.0,0.0,0.0,1.0,1.0,1.0,1.0,2.0
0.31058727733419406,1.4574843120304626,0.37511087739845744,-0.9167157989028756,1.0,0.0,1.0,0.0,0.0,0.0,1.0,0.0,2.0
0.6009791733321904,-1.3982063665449527,0.5358368557171099,0.2776216918084089,1.0,0.0,0.0,0.0,1.0,8.0,0.0,1.0,1.0
-1.1413722026557875,-1.0050315629729754,-1.2170740485175422,0.6127544113897347,1.0,0.0,0.0,0.0,1.0,4.0,1.0,1.0,2.0
0.11699268000219652,0.9504957495297548,-1.2170740485175422,-1.2451276232531006,1.0,0.0,1.0,0.0,0.0,6.0,1.0,0.0,1.0
-0.6573857093257937,1.405750785244676,-1.2170740485175422,-1.5067872990731648,0.0,1.0,1.0,0.0,0.0,4.0,1.0,1.0,2.0
1.0849656666621843,1.436790901316148,0.7350776098155585,1.3327170055236164,0.0,1.0,0.0,1.0,0.0,8.0,1.0,1.0,1.0
1.0849656666621843,-1.02572497368729,0.7308495059528917,0.3069662030784588,0.0,1.0,0.0,1.0,0.0,4.0,1.0,0.0,1.0
-0.8509803066577912,1.2815903209587884,-1.2170740485175422,-0.7375234697720175,0.0,1.0,0.0,0.0,1.0,4.0,0.0,1.0,2.0
-1.5285613973197827,0.5159341245291481,1.774543007238107,-0.40439766002300387,0.0,1.0,0.0,1.0,0.0,5.0,1.0,1.0,2.0
0.2137899786681953,1.9334327584596984,-1.2170740485175422,-0.3226012547590581,1.0,0.0,0.0,0.0,1.0,5.0,1.0,0.0,2.0
0.2137899786681953,0.13310602631432794,-1.2170740485175422,0.9079651594198651,1.0,0.0,1.0,0.0,0.0,5.0,1.0,1.0,1.0
-1.0445749039897887,-0.5911633486866832,1.074845509195179,0.5084008405987531,0.0,1.0,0.0,1.0,0.0,0.0,1.0,0.0,2.0
-0.94777760532379,-1.3878596611877954,-1.2170740485175422,0.0616526573721767,1.0,0.0,0.0,0.0,1.0,5.0,1.0,0.0,2.0
1.9561413546561732,0.6400945888150358,-1.2170740485175422,-0.6463897238589411,1.0,0.0,1.0,0.0,0.0,3.0,1.0,1.0,2.0
-0.8509803066577912,-0.6946304022582562,0.583572376594715,1.3553354029359752,1.0,0.0,0.0,1.0,0.0,8.0,1.0,0.0,1.0
-0.27019651466179856,-0.2393753665433349,0.25037650862781613,-0.6396775263388236,1.0,0.0,0.0,1.0,0.0,3.0,1.0,0.0,1.0
-1.4317640986537838,-0.29110889332912143,-1.2170740485175422,0.2835688386704254,1.0,0.0,1.0,0.0,0.0,5.0,1.0,0.0,2.0
1.181762965328183,0.5366275352434627,-1.2170740485175422,-0.3925125858726129,1.0,0.0,1.0,0.0,0.0,3.0,1.0,1.0,3.0
0.5041818746661916,-0.06348137547166079,0.6115749242551579,0.8679970900004582,0.0,1.0,0.0,0.0,1.0,8.0,1.0,0.0,2.0
0.7945737706641879,-0.042787964757346184,0.4805205834914841,1.0002751837663382,0.0,1.0,0.0,0.0,1.0,5.0,1.0,1.0,2.0
1.181762965328183,-0.6635902861867843,0.1290537833929281,0.8513277529465327,0.0,1.0,0.0,0.0,1.0,3.0,0.0,1.0,1.0
0.6977764719981892,-1.5844470629737841,0.2595578694412987,0.03646234682202325,0.0,1.0,1.0,0.0,0.0,1.0,1.0,0.0,1.0
3.0209116399821596,1.2298567941730019,0.5630777595443341,-1.342786044037492,1.0,0.0,1.0,0.0,0.0,9.0,1.0,0.0,1.0
-1.1413722026557875,0.15379943702864254,0.15293978920426557,-0.6148803523251204,1.0,0.0,1.0,0.0,0.0,1.0,0.0,1.0,1.0
0.6009791733321904,-1.8224212861884022,0.9412496764510945,-1.2530914213837308,1.0,0.0,1.0,0.0,0.0,0.0,1.0,0.0,1.0
1.4721548613261792,-0.7256705183297281,0.2184398728436167,-1.640392141672454,0.0,1.0,1.0,0.0,0.0,4.0,0.0,0.0,1.0
-0.6573857093257937,0.3814269548861032,-1.2170740485175422,1.352478030923705,1.0,0.0,1.0,0.0,0.0,5.0,0.0,1.0,2.0
2.827317042650162,1.1056963298871143,0.592928796533224,-1.113189609986672,0.0,1.0,0.0,1.0,0.0,6.0,1.0,0.0,1.0
-0.4637911119937961,1.3540172584588896,-1.2170740485175422,1.4466444947024772,0.0,1.0,1.0,0.0,0.0,9.0,1.0,0.0,1.0
2.440127847986167,-0.5497765272580539,-0.20465793832255638,0.9117789317318713,1.0,0.0,0.0,0.0,1.0,1.0,1.0,1.0,1.0
-0.1733992159957998,0.8263352852438672,-1.2170740485175422,1.2260234025696581,0.0,1.0,1.0,0.0,0.0,8.0,1.0,1.0,2.0
-1.7221559946517802,-0.29110889332912143,-1.2170740485175422,0.6261066154288071,0.0,1.0,1.0,0.0,0.0,10.0,0.0,1.0,2.0
2.3433305493201684,0.34004013345747397,0.08896974482295007,-0.5256093081962513,1.0,0.0,0.0,1.0,0.0,3.0,1.0,0.0,1.0
-1.1413722026557875,1.4264441959589906,-1.2170740485175422,0.06514513624045515,0.0,1.0,1.0,0.0,0.0,6.0,1.0,0.0,2.0
-0.27019651466179856,-0.37388253618637984,-1.2170740485175422,-1.2672024137289961,0.0,1.0,1.0,0.0,0.0,6.0,1.0,1.0,1.0
-1.5285613973197827,0.8159885798867099,-1.2170740485175422,1.4512276665280754,0.0,1.0,1.0,0.0,0.0,8.0,1.0,0.0,2.0
-0.36699381332779735,0.18483955310011446,0.5233769541736795,1.306591517088527,1.0,0.0,0.0,1.0,0.0,4.0,1.0,0.0,2.0
-0.1733992159957998,0.039985678099912235,0.2802842911365721,-0.5852613412964341,0.0,1.0,1.0,0.0,0.0,5.0,1.0,0.0,2.0
1.9561413546561732,-1.129192027258863,-0.10960774577700538,-1.599572218439332,1.0,0.0,1.0,0.0,0.0,2.0,1.0,0.0,2.0
2.7305197439841633,-0.9532980361871888,0.8071069647875058,1.3229611310219644,0.0,1.0,0.0,0.0,1.0,9.0,1.0,0.0,1.0
3.79529002931015,-0.16694842904323381,-0.4529160511892993,0.339930701659804,1.0,0.0,1.0,0.0,0.0,6.0,1.0,1.0,1.0
-0.1733992159957998,-0.8084441611869866,-1.2170740485175422,1.6375472479471793,1.0,0.0,1.0,0.0,0.0,6.0,1.0,0.0,2.0
-0.27019651466179856,1.0436160977441706,0.7105448979803632,0.4261222342378868,1.0,0.0,1.0,0.0,0.0,2.0,1.0,0.0,1.0
2.2465332506541693,-0.1359083129717619,0.5305688459960447,-0.4456289849856415,0.0,1.0,0.0,1.0,0.0,4.0,1.0,1.0,2.0
2.7305197439841633,1.6230315977449794,0.7855308070638671,1.2183007049874879,1.0,0.0,0.0,0.0,1.0,10.0,0.0,1.0,1.0
-0.6573857093257937,1.8610058209595974,1.1304482418072117,1.589977205174052,1.0,0.0,1.0,0.0,0.0,2.0,1.0,0.0,1.0
-0.8509803066577912,1.0125759816726987,-1.2170740485175422,0.4643352795350612,0.0,1.0,1.0,0.0,0.0,1.0,0.0,1.0,2.0
0.11699268000219652,0.7228682316722942,-1.2170740485175422,0.3952551016830811,1.0,0.0,1.0,0.0,0.0,7.0,1.0,1.0,2.0
-1.2381695013217864,1.1884699727443728,0.4589088995358613,-1.7296348312635175,1.0,0.0,1.0,0.0,0.0,3.0,1.0,1.0,1.0
-0.5605884106597949,-0.44630947368648094,0.4350190356721816,-0.5071306733035564,0.0,1.0,0.0,1.0,0.0,1.0,1.0,0.0,2.0
0.11699268000219652,-0.860177687972773,0.3789158815209321,0.6043560756183731,0.0,1.0,0.0,1.0,0.0,1.0,0.0,0.0,1.0
-1.2381695013217864,1.8092722941738109,1.0762596461307685,-0.6883958409159809,0.0,1.0,1.0,0.0,0.0,5.0,0.0,0.0,1.0
0.31058727733419406,1.3436705531017323,1.2995904005581478,1.318839459741146,1.0,0.0,1.0,0.0,0.0,3.0,1.0,1.0,1.0
-0.7541830079917924,0.10206591024285605,1.100366364686515,-1.4850106661297806,1.0,0.0,1.0,0.0,0.0,7.0,1.0,1.0,2.0
2.440127847986167,-1.1498854379731775,0.25975125431495044,-0.0771955133163518,0.0,1.0,0.0,1.0,0.0,1.0,0.0,1.0,1.0
0.11699268000219652,0.34004013345747397,0.9904818001331032,1.515452782109116,1.0,0.0,0.0,1.0,0.0,6.0,1.0,0.0,1.0
0.5041818746661916,1.0539628031013277,1.0025353201631573,-1.4670533720334313,0.0,1.0,0.0,1.0,0.0,3.0,1.0,0.0,1.0
2.3433305493201684,-0.18764183975754842,0.6243839795355556,-0.45232291731269386,0.0,1.0,0.0,0.0,1.0,4.0,1.0,0.0,1.0
-0.1733992159957998,1.8299657048881255,-1.2170740485175422,-0.08720744842935563,0.0,1.0,1.0,0.0,0.0,4.0,1.0,0.0,2.0
-0.8509803066577912,0.3296934281003167,0.6035601420186419,-0.6057724572917325,0.0,1.0,0.0,0.0,1.0,1.0,1.0,1.0,1.0
-0.5605884106597949,-1.098151911187391,0.91334084731213,0.13170106441083015,0.0,1.0,0.0,1.0,0.0,1.0,0.0,1.0,2.0
0.020195381336197752,0.49524071381483353,0.546769290037399,1.3944813647132306,0.0,1.0,1.0,0.0,0.0,2.0,1.0,1.0,1.0
0.11699268000219652,-0.41526935761500905,0.848381051752865,-1.5612255763014522,1.0,0.0,0.0,1.0,0.0,7.0,1.0,0.0,2.0
1.568952159992178,0.8366819906010244,0.9784152591763942,-1.680232876603064,0.0,1.0,1.0,0.0,0.0,9.0,0.0,1.0,1.0
-0.6573857093257937,1.5195645441734065,-1.2170740485175422,-1.0807208809313813,0.0,1.0,1.0,0.0,0.0,7.0,0.0,1.0,2.0
0.7945737706641879,-0.5704699379723686,-1.2170740485175422,-0.43528636290104855,0.0,1.0,1.0,0.0,0.0,6.0,1.0,0.0,1.0
0.5041818746661916,0.5780143566720919,-1.2170740485175422,0.6126375141541177,0.0,1.0,0.0,0.0,1.0,3.0,1.0,1.0,2.0
0.11699268000219652,0.16414614238579986,1.1379786777226033,-1.4037375151585965,1.0,0.0,0.0,0.0,1.0,1.0,1.0,0.0,1.0
-0.27019651466179856,-1.6361805897595707,1.1727934205540684,-0.7613311921842479,1.0,0.0,1.0,0.0,0.0,5.0,1.0,0.0,2.0
-1.7221559946517802,-1.718954232616829,0.6019529417137625,-0.7952698343957352,1.0,0.0,0.0,0.0,1.0,5.0,1.0,1.0,1.0
-0.6573857093257937,-0.7049771076154135,0.30610993276294035,-1.4213740376738775,1.0,0.0,0.0,1.0,0.0,7.0,1.0,1.0,2.0
-0.1733992159957998,-0.9946848576158179,0.7918319710517319,-0.6899831731704533,0.0,1.0,1.0,0.0,0.0,9.0,1.0,0.0,1.0
2.052938653322172,-1.5741003576166268,0.020100456223609876,-0.2820636592244573,0.0,1.0,1.0,0.0,0.0,7.0,1.0,1.0,2.0
0.7945737706641879,1.881699231673912,-1.2170740485175422,1.433192788849754,0.0,1.0,1.0,0.0,0.0,2.0,1.0,1.0,2.0
3.4081008346461545,0.11241261560001335,-1.2170740485175422,0.41270914622193033,0.0,1.0,1.0,0.0,0.0,6.0,1.0,0.0,2.0
0.31058727733419406,-1.02572497368729,0.932199810921608,0.021066180701849208,0.0,1.0,1.0,0.0,0.0,9.0,1.0,0.0,2.0
0.11699268000219652,-0.5187364111865821,0.8381081836309076,1.2765976347164554,0.0,1.0,1.0,0.0,0.0,10.0,0.0,0.0,1.0
-0.27019651466179856,0.49524071381483353,1.1481972116074082,-1.1510688371363031,0.0,1.0,0.0,1.0,0.0,6.0,1.0,1.0,1.0
-0.5605884106597949,0.34004013345747397,1.0447189429681851,0.06434981754813207,0.0,1.0,1.0,0.0,0.0,4.0,1.0,0.0,1.0
0.11699268000219652,-0.46700288440079557,0.31479553385045267,-0.049978984015503124,0.0,1.0,0.0,1.0,0.0,9.0,0.0,1.0,2.0
1.568952159992178,-0.20833525047186302,0.38538503153786224,0.25425650893101426,0.0,1.0,0.0,0.0,1.0,9.0,1.0,0.0,1.0
0.2137899786681953,-1.2843926076162224,0.9809426049648836,-0.7352940724927498,1.0,0.0,0.0,1.0,0.0,10.0,1.0,1.0,1.0
-0.1733992159957998,-0.45665617904363826,0.9679830856431411,1.4095807649346506,1.0,0.0,0.0,1.0,0.0,4.0,0.0,0.0,1.0
-0.6573857093257937,-0.45665617904363826,-1.2170740485175422,-1.5513945535769034,1.0,0.0,0.0,0.0,1.0,7.0,0.0,1.0,3.0
1.0849656666621843,-0.6015100540438405,1.5436949985741726,-1.3736309104521802,0.0,1.0,1.0,0.0,0.0,6.0,0.0,0.0,1.0
0.40738457600019284,-0.41526935761500905,0.8279558796446433,-1.4254755302652145,1.0,0.0,0.0,1.0,0.0,9.0,0.0,1.0,2.0
-0.7541830079917924,-2.0707422147601773,1.0484356941433326,-1.38241281527791,1.0,0.0,1.0,0.0,0.0,7.0,0.0,1.0,1.0
0.2137899786681953,-1.439593187973582,1.1162483586574585,-0.6086548787116346,1.0,0.0,1.0,0.0,0.0,8.0,1.0,0.0,1.0
-1.9157505919837776,-0.6428968754724697,0.1251280543825795,0.7508493603070996,1.0,0.0,0.0,1.0,0.0,9.0,1.0,1.0,1.0
0.40738457600019284,0.22622637452874367,0.8266160102166407,-1.632550285449811,0.0,1.0,0.0,0.0,1.0,8.0,0.0,1.0,1.0
0.8913710693301867,-0.4359627683293237,0.5193592749158426,1.4728000772175693,0.0,1.0,1.0,0.0,0.0,1.0,1.0,1.0,3.0
1.8593440559901744,1.302283731673103,-1.2170740485175422,-0.6507561487268329,1.0,0.0,1.0,0.0,0.0,4.0,1.0,1.0,1.0
-0.7541830079917924,0.4331604816718897,-1.2170740485175422,1.4335947970514076,0.0,1.0,1.0,0.0,0.0,1.0,0.0,1.0,2.0
-0.07660191732980101,-0.9843381522586606,-1.2170740485175422,-1.7298230497291982,0.0,1.0,0.0,0.0,1.0,8.0,0.0,0.0,2.0
-0.7541830079917924,-0.7670573397583573,-0.23309098032351416,0.7896084478998125,1.0,0.0,0.0,1.0,0.0,4.0,1.0,1.0,1.0
-0.1733992159957998,0.09171920488569875,0.9241464481616701,-0.4944615874851207,1.0,0.0,0.0,1.0,0.0,2.0,0.0,0.0,1.0
-0.36699381332779735,-0.49804300047226746,0.7667314825135124,0.9164464713540088,0.0,1.0,0.0,1.0,0.0,1.0,1.0,0.0,1.0
2.7305197439841633,-1.129192027258863,0.8635632914802456,-1.365800709162255,0.0,1.0,1.0,0.0,0.0,10.0,0.0,1.0,1.0
0.6977764719981892,-0.1359083129717619,1.0311985592871986,-1.0592316203588885,0.0,1.0,1.0,0.0,0.0,9.0,1.0,0.0,1.0
1.0849656666621843,-2.0397020986887053,0.2762423382994154,0.9477949352346362,1.0,0.0,0.0,1.0,0.0,10.0,1.0,0.0,1.0
0.40738457600019284,-0.9326046254728741,-1.2170740485175422,-1.4148702373089224,0.0,1.0,1.0,0.0,0.0,4.0,0.0,0.0,4.0
1.2785602639941818,0.8263352852438672,-1.2170740485175422,-1.3022202679193051,1.0,0.0,1.0,0.0,0.0,10.0,1.0,1.0,1.0
-0.4637911119937961,-1.781034464759773,0.6732667887284163,0.23396144407654393,0.0,1.0,1.0,0.0,0.0,5.0,0.0,0.0,2.0
0.40738457600019284,-0.9843381522586606,0.8066467312935199,-0.43495028334864944,1.0,0.0,0.0,1.0,0.0,4.0,1.0,1.0,1.0
-0.94777760532379,1.6851118298879233,0.34361100528982885,1.694617452519047,0.0,1.0,0.0,1.0,0.0,8.0,1.0,1.0,2.0
-0.27019651466179856,1.022922687029856,0.9770794085529149,-1.2761003460192448,0.0,1.0,1.0,0.0,0.0,7.0,1.0,1.0,3.0
-0.27019651466179856,0.15379943702864254,0.7146109636446584,-1.1508322593975544,0.0,1.0,1.0,0.0,0.0,4.0,1.0,0.0,2.0
-0.27019651466179856,-1.036071679044447,-1.2170740485175422,1.4546126416885992,1.0,0.0,1.0,0.0,0.0,5.0,1.0,0.0,1.0
-1.4317640986537838,-1.781034464759773,0.5132297942572048,1.21154136587384,0.0,1.0,0.0,1.0,0.0,6.0,0.0,1.0,2.0
0.020195381336197752,0.9608424548869121,-1.2170740485175422,-1.5516039944573838,1.0,0.0,1.0,0.0,0.0,6.0,0.0,0.0,1.0
2.440127847986167,1.2608969102444738,1.123128552001012,1.5014712117032838,0.0,1.0,1.0,0.0,0.0,2.0,0.0,1.0,1.0
0.020195381336197752,-0.1462550183289192,0.546351816623539,-0.19948028507073248,1.0,0.0,0.0,1.0,0.0,3.0,1.0,1.0,1.0
-1.4317640986537838,1.3126304370302604,-1.2170740485175422,1.0950506612681687,0.0,1.0,1.0,0.0,0.0,4.0,1.0,1.0,2.0
-0.36699381332779735,-0.40492265225785173,-1.2170740485175422,-0.2888062987330168,0.0,1.0,0.0,0.0,1.0,1.0,1.0,1.0,1.0
-0.36699381332779735,1.022922687029856,-1.2170740485175422,1.5944958399841533,1.0,0.0,1.0,0.0,0.0,3.0,1.0,0.0,1.0
0.8913710693301867,0.34004013345747397,-0.03860977679786748,-1.3678081408572262,1.0,0.0,1.0,0.0,0.0,3.0,0.0,0.0,1.0
2.7305197439841633,-0.5704699379723686,-1.2170740485175422,0.669585428909558,0.0,1.0,0.0,0.0,1.0,6.0,1.0,1.0,2.0
1.568952159992178,0.3917736602432605,0.009413811987953645,-1.0001313700434933,1.0,0.0,0.0,1.0,0.0,1.0,1.0,0.0,1.0
0.2137899786681953,0.3607335441717886,0.4346501094169607,1.6535247690694845,0.0,1.0,0.0,0.0,1.0,7.0,0.0,1.0,1.0
-0.1733992159957998,0.54697424060062,-1.2170740485175422,-1.2902838772741116,0.0,1.0,0.0,0.0,1.0,4.0,0.0,0.0,2.0
-0.07660191732980101,-0.6118567594009978,-1.2170740485175422,-0.589221409107181,0.0,1.0,0.0,0.0,1.0,0.0,1.0,0.0,1.0
0.5041818746661916,2.057593222745586,-1.2170740485175422,1.457016689004414,0.0,1.0,0.0,0.0,1.0,8.0,1.0,1.0,2.0
-0.5605884106597949,-0.1152149022574473,1.2677650052831477,-1.2896341582636512,0.0,1.0,1.0,0.0,0.0,7.0,1.0,0.0,1.0
1.9561413546561732,-0.22902866118617762,0.610000356643006,0.29554993555007336,0.0,1.0,1.0,0.0,0.0,9.0,1.0,1.0,1.0
-0.07660191732980101,-1.6775674111882,0.8155421139771383,-0.299131003532984,0.0,1.0,0.0,1.0,0.0,2.0,1.0,1.0,2.0
-1.5285613973197827,-1.2119656701161212,0.46796969621365053,1.04925321199346,1.0,0.0,1.0,0.0,0.0,5.0,0.0,1.0,1.0
-0.5605884106597949,0.16414614238579986,0.8257112969423994,-0.5365971264815936,1.0,0.0,0.0,1.0,0.0,4.0,1.0,0.0,2.0
2.052938653322172,0.9298023388154402,-1.2170740485175422,-1.0601497507302973,1.0,0.0,1.0,0.0,0.0,5.0,1.0,1.0,1.0
-1.7221559946517802,0.6090544727435638,0.5372299341169986,-0.7596006956069886,0.0,1.0,1.0,0.0,0.0,4.0,1.0,1.0,2.0
0.6977764719981892,-0.6222034647581551,0.8609576593796463,1.1071427409399646,0.0,1.0,0.0,1.0,0.0,4.0,1.0,0.0,1.0
1.0849656666621843,0.039985678099912235,-1.2170740485175422,1.3813573886103623,1.0,0.0,1.0,0.0,0.0,10.0,1.0,0.0,4.0
-0.8509803066577912,0.42281377631473244,-1.2170740485175422,0.5327848733407443,0.0,1.0,1.0,0.0,0.0,2.0,0.0,1.0,2.0
-0.6573857093257937,0.24691978524305827,1.9567658924552023,-0.8201592041458626,0.0,1.0,0.0,0.0,1.0,8.0,1.0,1.0,1.0
0.8913710693301867,1.3126304370302604,0.4272690122776477,1.440908354308918,1.0,0.0,0.0,1.0,0.0,3.0,1.0,0.0,2.0
0.11699268000219652,-1.6982608219025146,0.9706625029947846,1.6273371789779736,1.0,0.0,0.0,0.0,1.0,6.0,0.0,1.0,1.0
0.40738457600019284,0.4331604816718897,1.2318495922688946,-1.576319409987843,1.0,0.0,1.0,0.0,0.0,4.0,1.0,0.0,1.0
0.020195381336197752,0.09171920488569875,0.9466395363252997,1.447945846219815,0.0,1.0,0.0,1.0,0.0,9.0,1.0,0.0,2.0
-0.6573857093257937,0.6297478834578785,-1.2170740485175422,-1.7074495798581322,1.0,0.0,1.0,0.0,0.0,1.0,1.0,0.0,2.0
0.2137899786681953,1.1677765620300582,-1.2170740485175422,0.6091815656719691,0.0,1.0,1.0,0.0,0.0,7.0,0.0,0.0,2.0
-0.36699381332779735,-0.9326046254728741,-1.2170740485175422,-0.6936784826588651,1.0,0.0,1.0,0.0,0.0,5.0,1.0,0.0,2.0
-0.36699381332779735,-0.26006877725764954,-1.2170740485175422,-0.3421389229410929,1.0,0.0,1.0,0.0,0.0,3.0,0.0,0.0,1.0
-0.7541830079917924,0.12275932095717065,0.4455875270548585,-1.1025117781207785,0.0,1.0,0.0,0.0,1.0,4.0,0.0,1.0,2.0
0.40738457600019284,1.2919370263159458,-1.2170740485175422,1.083366156333055,1.0,0.0,1.0,0.0,0.0,4.0,0.0,1.0,2.0
-1.9157505919837776,2.057593222745586,-1.2170740485175422,-0.5442819020438762,0.0,1.0,1.0,0.0,0.0,8.0,1.0,1.0,1.0
-1.6253586959857813,1.022922687029856,0.7389877458643574,0.5007212836630607,0.0,1.0,0.0,0.0,1.0,3.0,1.0,0.0,1.0
-1.5285613973197827,-1.1084986165445483,0.33372153111937564,-1.118659948332578,0.0,1.0,1.0,0.0,0.0,1.0,1.0,0.0,1.0
-0.07660191732980101,1.3436705531017323,0.6767600943720787,-0.5953819977967305,0.0,1.0,1.0,0.0,0.0,2.0,0.0,1.0,1.0
3.0209116399821596,1.4160974906018333,-1.2170740485175422,-1.0132497796113318,1.0,0.0,0.0,0.0,1.0,1.0,1.0,1.0,2.0
0.2137899786681953,-0.16694842904323381,-1.2170740485175422,1.3177520719139997,0.0,1.0,0.0,0.0,1.0,1.0,1.0,0.0,2.0
-0.1733992159957998,0.5262808298863054,1.2026610150175931,-0.08924201698259485,0.0,1.0,1.0,0.0,0.0,10.0,1.0,1.0,1.0
-0.8509803066577912,-1.0050315629729754,0.9590301536787519,1.38868277475481,0.0,1.0,0.0,0.0,1.0,6.0,1.0,1.0,1.0
-1.2381695013217864,1.7885788834594962,1.134183800987527,-1.3560613603114715,0.0,1.0,1.0,0.0,0.0,7.0,1.0,0.0,1.0
0.2137899786681953,-1.1188453219017056,-1.2170740485175422,1.653321242632473,1.0,0.0,0.0,0.0,1.0,4.0,0.0,0.0,1.0
-0.94777760532379,0.20553296381442906,-1.2170740485175422,1.0121425145863228,1.0,0.0,1.0,0.0,0.0,3.0,1.0,0.0,2.0
2.052938653322172,-1.305086018330537,-1.2170740485175422,1.1859539178401843,1.0,0.0,0.0,0.0,1.0,7.0,0.0,1.0,2.0
0.7945737706641879,-0.042787964757346184,0.38779808252571457,-0.18709891953162786,0.0,1.0,0.0,0.0,1.0,10.0,0.0,1.0,1.0
-0.5605884106597949,-0.6946304022582562,0.20255225254634088,1.3532366452756783,0.0,1.0,0.0,1.0,0.0,3.0,1.0,1.0,2.0
-0.7541830079917924,-0.20833525047186302,0.9962860791297313,1.5692136816060152,1.0,0.0,1.0,0.0,0.0,8.0,1.0,0.0,1.0
0.6009791733321904,0.5987077673864065,0.4566535464374955,1.290276002917406,1.0,0.0,1.0,0.0,0.0,3.0,0.0,1.0,1.0
1.2785602639941818,1.6540717138164513,0.019357781147740147,0.8089065811213644,0.0,1.0,0.0,1.0,0.0,10.0,0.0,0.0,1.0
0.9881683679961855,1.8920459370310694,1.3646421463649014,0.5116906628011182,1.0,0.0,1.0,0.0,0.0,8.0,1.0,0.0,2.0
0.020195381336197752,-0.4773495897579529,0.47593143023046147,0.6638557248221264,0.0,1.0,0.0,0.0,1.0,10.0,1.0,0.0,2.0
-1.0445749039897887,2.057593222745586,-1.2170740485175422,-1.0625985042805668,1.0,0.0,1.0,0.0,0.0,2.0,1.0,1.0,2.0
-1.5285613973197827,-0.24972207190049223,1.7447022583887963,0.0563703635377318,0.0,1.0,0.0,1.0,0.0,5.0,1.0,0.0,1.0
-1.0445749039897887,-0.2186819558290203,-1.2170740485175422,-1.1700046237182862,0.0,1.0,1.0,0.0,0.0,9.0,0.0,0.0,2.0
1.568952159992178,-0.24972207190049223,-1.2170740485175422,-0.13768043922030604,1.0,0.0,0.0,0.0,1.0,6.0,0.0,0.0,1.0
-0.36699381332779735,-1.6361805897595707,1.649420261198353,1.697270428323207,1.0,0.0,0.0,1.0,0.0,8.0,0.0,0.0,1.0
-0.07660191732980101,0.7746017584580807,0.8224792135927387,0.4904395455553513,1.0,0.0,1.0,0.0,0.0,5.0,1.0,0.0,1.0
0.6977764719981892,1.0125759816726987,0.038984979429854405,-0.45902537339651,0.0,1.0,0.0,1.0,0.0,10.0,1.0,1.0,2.0
0.11699268000219652,0.6504412941721931,-0.4692438109579454,-0.055168560250864834,0.0,1.0,1.0,0.0,0.0,9.0,1.0,1.0,1.0
0.40738457600019284,-0.8187908665441438,1.0404006571320203,-1.2769652463994352,0.0,1.0,1.0,0.0,0.0,2.0,1.0,0.0,1.0
-0.27019651466179856,-0.7774040451155146,1.4560394063511322,-1.3316689777669364,1.0,0.0,0.0,1.0,0.0,8.0,1.0,1.0,1.0
0.5041818746661916,0.4021203656004178,0.396373568369294,-1.1222893291717357,0.0,1.0,0.0,1.0,0.0,9.0,0.0,0.0,2.0
2.827317042650162,0.21587966917158638,0.8093922177915233,1.4799690785185355,0.0,1.0,0.0,1.0,0.0,0.0,1.0,1.0,2.0
-0.4637911119937961,-0.7980974558298293,0.5925516719167758,1.1440605231174898,0.0,1.0,1.0,0.0,0.0,1.0,0.0,0.0,1.0
-0.6573857093257937,0.9504957495297548,1.039059662438751,1.1027949291735777,1.0,0.0,0.0,1.0,0.0,6.0,1.0,1.0,2.0
0.40738457600019284,-1.4292464826164246,-1.2170740485175422,0.9157142980434249,1.0,0.0,1.0,0.0,0.0,9.0,1.0,0.0,2.0
-0.7541830079917924,-0.6118567594009978,0.5523428896544009,-0.9730534822557202,0.0,1.0,0.0,0.0,1.0,7.0,0.0,0.0,1.0
0.6977764719981892,-2.44322360761784,0.9522796873452044,1.3695184123281832,0.0,1.0,1.0,0.0,0.0,9.0,0.0,0.0,3.0
-1.334966799987785,0.9711891602440694,1.322700294839983,0.8033685745840076,0.0,1.0,1.0,0.0,0.0,5.0,1.0,0.0,2.0
-0.1733992159957998,-0.42561606297216636,-1.2170740485175422,0.25494641136621843,0.0,1.0,1.0,0.0,0.0,0.0,1.0,0.0,1.0
1.4721548613261792,0.24691978524305827,-1.2170740485175422,0.8649869861833198,0.0,1.0,1.0,0.0,0.0,2.0,1.0,0.0,1.0
-1.334966799987785,0.18483955310011446,1.3203754967994583,-1.0839915681695829,0.0,1.0,1.0,0.0,0.0,1.0,0.0,0.0,1.0
-0.94777760532379,-1.4913267147593685,-1.2170740485175422,-0.08833032291731396,1.0,0.0,0.0,0.0,1.0,6.0,0.0,1.0,2.0
-0.4637911119937961,-0.8394842772584584,-1.2170740485175422,1.4530122628676516,0.0,1.0,0.0,0.0,1.0,10.0,0.0,1.0,2.0
0.11699268000219652,0.3917736602432605,1.3593376458987665,-0.8732928247266384,0.0,1.0,1.0,0.0,0.0,8.0,1.0,0.0,1.0
-0.5605884106597949,-0.5704699379723686,-1.2170740485175422,0.3710549385512793,0.0,1.0,1.0,0.0,0.0,8.0,1.0,0.0,1.0
0.6977764719981892,1.302283731673103,0.5088063764947153,-1.7286072836879371,1.0,0.0,0.0,1.0,0.0,0.0,1.0,0.0,1.0
-0.27019651466179856,0.2676131959573729,-0.11098908926768666,-1.1617263163584957,1.0,0.0,0.0,1.0,0.0,10.0,1.0,0.0,1.0
-0.6573857093257937,-0.7360172236868854,1.0686322766502803,0.49002744800895753,0.0,1.0,0.0,0.0,1.0,9.0,0.0,1.0,2.0
2.052938653322172,-1.4809800094022112,1.0858944888466382,0.5167144606651362,1.0,0.0,1.0,0.0,0.0,7.0,1.0,1.0,1.0
-0.36699381332779735,0.029638972742754933,0.24361350362415665,-0.2277796793890155,1.0,0.0,1.0,0.0,0.0,2.0,1.0,1.0,1.0
0.2137899786681953,-0.9636447415443461,0.7799043199793413,0.1970201780793638,0.0,1.0,0.0,1.0,0.0,2.0,1.0,1.0,1.0
3.1177089386481582,1.333323847744575,1.0744523093606386,0.39397305908412644,0.0,1.0,0.0,1.0,0.0,9.0,1.0,1.0,2.0
1.665749458658177,1.5919914816735075,1.2231808701603795,-0.9231333179748753,0.0,1.0,0.0,1.0,0.0,6.0,1.0,0.0,1.0
0.2137899786681953,-1.5016734201165258,-1.2170740485175422,-1.1844958799877463,1.0,0.0,1.0,0.0,0.0,1.0,1.0,0.0,2.0
-0.07660191732980101,-2.4535703129749975,-1.2170740485175422,-0.3861361199964551,0.0,1.0,1.0,0.0,0.0,8.0,0.0,1.0,1.0
0.40738457600019284,0.07102579417138415,1.0376418282029998,-1.689268928543729,1.0,0.0,1.0,0.0,0.0,7.0,1.0,0.0,2.0
0.31058727733419406,-1.3568195451163236,-1.2170740485175422,-1.13849803545198,1.0,0.0,0.0,0.0,1.0,6.0,1.0,1.0,2.0
-0.4637911119937961,0.6297478834578785,-1.2170740485175422,1.6559298601106174,0.0,1.0,1.0,0.0,0.0,1.0,1.0,1.0,2.0
-0.5605884106597949,-0.6739369915439416,-0.1408595772704681,0.7114786496780332,1.0,0.0,0.0,0.0,1.0,10.0,1.0,1.0,2.0
-1.2381695013217864,-1.8948482236885031,0.8991199056266759,-0.6161898796907826,0.0,1.0,0.0,0.0,1.0,1.0,1.0,0.0,1.0
0.2137899786681953,-1.6672207058310426,1.0279754780596695,1.328930717978318,1.0,0.0,0.0,1.0,0.0,0.0,1.0,1.0,1.0
-0.1733992159957998,0.22622637452874367,-1.2170740485175422,-1.086297853213944,1.0,0.0,1.0,0.0,0.0,10.0,1.0,1.0,2.0
-0.5605884106597949,0.09171920488569875,-1.2170740485175422,0.31270390905999496,1.0,0.0,0.0,0.0,1.0,1.0,0.0,0.0,2.0
-0.27019651466179856,1.2712436156016311,0.4497362193401488,0.332479546614536,0.0,1.0,1.0,0.0,0.0,7.0,0.0,1.0,1.0
-0.4637911119937961,0.6090544727435638,0.941190519648514,0.8213418724685663,0.0,1.0,0.0,1.0,0.0,9.0,1.0,0.0,2.0
-0.4637911119937961,-0.1566017236860765,-1.2170740485175422,-1.0661403861472312,0.0,1.0,1.0,0.0,0.0,8.0,1.0,0.0,2.0
0.5041818746661916,-1.3154327236876944,0.688948967738471,-0.30862072807854374,0.0,1.0,1.0,0.0,0.0,10.0,0.0,0.0,2.0
-0.4637911119937961,1.7989255888166535,-1.2170740485175422,-1.1815950194205593,0.0,1.0,1.0,0.0,0.0,9.0,1.0,1.0,2.0
-0.7541830079917924,0.6607879995293504,0.5605443051729696,-0.08947250632365523,1.0,0.0,1.0,0.0,0.0,3.0,1.0,1.0,1.0
-0.7541830079917924,-0.1152149022574473,1.015091994519504,-0.890957353871286,1.0,0.0,1.0,0.0,0.0,9.0,1.0,0.0,1.0
-0.36699381332779735,-1.0050315629729754,-1.2170740485175422,1.3380692289543676,1.0,0.0,1.0,0.0,0.0,8.0,1.0,1.0,2.0
0.11699268000219652,1.4885244281019345,0.42084760565845203,1.4470585057452874,1.0,0.0,1.0,0.0,0.0,2.0,1.0,1.0,1.0
-0.8509803066577912,0.6090544727435638,0.9295639574109947,0.9695346898834508,1.0,0.0,0.0,1.0,0.0,10.0,1.0,0.0,2.0
0.6009791733321904,-0.1772951344003911,-1.2170740485175422,0.02054118686689042,1.0,0.0,1.0,0.0,0.0,2.0,1.0,0.0,4.0
-0.27019651466179856,1.1884699727443728,0.04291971056233472,0.9388815210188373,0.0,1.0,0.0,0.0,1.0,5.0,0.0,1.0,1.0
-0.6573857093257937,1.5092178388162492,1.225120345223229,-1.582663868287582,0.0,1.0,0.0,1.0,0.0,1.0,1.0,0.0,1.0
1.181762965328183,0.019292267385597632,-1.2170740485175422,1.2275594183293284,0.0,1.0,1.0,0.0,0.0,3.0,1.0,0.0,1.0
0.7945737706641879,-1.6775674111882,0.4530507685586237,0.13510621826083533,1.0,0.0,1.0,0.0,0.0,8.0,1.0,1.0,2.0
2.3433305493201684,0.8780688120296537,-1.2170740485175422,-1.7283393941896483,1.0,0.0,1.0,0.0,0.0,10.0,0.0,1.0,2.0
-1.1413722026557875,-1.3257794290448517,-0.2254161889496528,0.8210720694738607,0.0,1.0,0.0,1.0,0.0,8.0,1.0,0.0,2.0
0.9881683679961855,1.7264986513165526,-1.2170740485175422,1.6080353927178088,1.0,0.0,1.0,0.0,0.0,2.0,0.0,1.0,1.0
0.020195381336197752,-0.1255616076146046,1.2031437538169083,-1.2080167518917437,0.0,1.0,1.0,0.0,0.0,6.0,1.0,0.0,1.0
-0.27019651466179856,-0.42561606297216636,0.8637070039299919,0.04835333541588314,0.0,1.0,1.0,0.0,0.0,4.0,1.0,0.0,2.0
-0.4637911119937961,0.6090544727435638,1.1593784903037678,-1.709919729777421,0.0,1.0,0.0,1.0,0.0,8.0,0.0,1.0,2.0
0.11699268000219652,0.7021748209579796,-1.2170740485175422,1.4327817350286784,1.0,0.0,0.0,0.0,1.0,9.0,1.0,0.0,2.0
-0.07660191732980101,0.07102579417138415,0.43698712462323597,0.9707875081735016,1.0,0.0,1.0,0.0,0.0,6.0,0.0,0.0,1.0
-0.4637911119937961,0.21587966917158638,-1.2170740485175422,1.077508595894167,0.0,1.0,1.0,0.0,0.0,9.0,1.0,0.0,2.0
-1.0445749039897887,-0.48769629511511015,-1.2170740485175422,-0.7177881895964395,0.0,1.0,1.0,0.0,0.0,7.0,0.0,0.0,2.0
1.4721548613261792,-1.036071679044447,0.43857760670129925,1.3363418635530626,0.0,1.0,0.0,1.0,0.0,5.0,1.0,0.0,1.0
-0.7541830079917924,-1.884501518331346,-1.2170740485175422,0.8063658057888905,1.0,0.0,0.0,0.0,1.0,6.0,1.0,0.0,1.0
1.568952159992178,2.057593222745586,-1.2170740485175422,-1.7206556623526836,0.0,1.0,1.0,0.0,0.0,6.0,1.0,0.0,1.0
-0.5605884106597949,-1.1084986165445483,-1.2170740485175422,0.42191462957255205,1.0,0.0,1.0,0.0,0.0,6.0,1.0,1.0,2.0
0.7945737706641879,-1.9155416344028178,0.4239761646035976,1.4556062681913438,1.0,0.0,0.0,1.0,0.0,5.0,1.0,1.0,1.0
-0.5605884106597949,-0.9636447415443461,0.5267252613501486,0.1606992328295206,0.0,1.0,1.0,0.0,0.0,0.0,1.0,1.0,1.0
0.31058727733419406,0.9918825709583841,0.07238928262589131,0.2675984496711267,0.0,1.0,1.0,0.0,0.0,4.0,1.0,0.0,1.0
-0.4637911119937961,-0.3945759469006945,1.0992716423344218,-0.9628093182594594,0.0,1.0,1.0,0.0,0.0,5.0,1.0,0.0,1.0
0.5041818746661916,0.3193467227431594,0.6361140661775903,-1.3236575161801167,0.0,1.0,1.0,0.0,0.0,3.0,0.0,0.0,1.0
0.31058727733419406,0.14345273167148526,1.2966336856944096,0.9900821623106598,1.0,0.0,0.0,0.0,1.0,2.0,0.0,1.0,2.0
0.40738457600019284,-0.38422924154353716,1.045251514943587,1.1607977023170863,0.0,1.0,0.0,1.0,0.0,8.0,1.0,1.0,1.0
0.31058727733419406,1.5506046602448784,1.0647657044425118,-1.552722346135631,0.0,1.0,0.0,0.0,1.0,4.0,1.0,1.0,1.0
-0.27019651466179856,-0.36353583082922253,-1.2170740485175422,-1.512399236153881,1.0,0.0,0.0,0.0,1.0,6.0,1.0,1.0,1.0
-1.0445749039897887,-0.6842836969010989,0.4836181172657112,-1.0200606091740014,1.0,0.0,1.0,0.0,0.0,6.0,1.0,1.0,1.0
-0.5605884106597949,0.919455633458283,0.8168286136810742,0.6438153289452506,0.0,1.0,0.0,1.0,0.0,2.0,1.0,0.0,1.0
0.9881683679961855,-0.9326046254728741,-1.2170740485175422,-1.5194139400620015,1.0,0.0,1.0,0.0,0.0,8.0,1.0,1.0,2.0
-0.8509803066577912,0.4021203656004178,-1.2170740485175422,-0.3680638421609051,1.0,0.0,0.0,0.0,1.0,5.0,0.0,1.0,2.0
1.8593440559901744,-1.2947393129733797,1.8420221109768156,1.590029739348392,0.0,1.0,0.0,1.0,0.0,9.0,1.0,1.0,2.0
1.4721548613261792,0.24691978524305827,-1.2170740485175422,0.1811759058893243,0.0,1.0,1.0,0.0,0.0,6.0,1.0,0.0,1.0
-0.8509803066577912,-0.8291375719013011,0.1614701036850051,0.7872691115537148,1.0,0.0,1.0,0.0,0.0,4.0,1.0,0.0,1.0
0.9881683679961855,-0.09452149154313269,0.7230216785027905,-1.3061956437013826,0.0,1.0,0.0,1.0,0.0,4.0,1.0,0.0,1.0
0.6977764719981892,0.3814269548861032,1.2855435534846342,-1.2798069625319348,1.0,0.0,0.0,0.0,1.0,8.0,1.0,0.0,1.0
-0.07660191732980101,0.19518625845727178,0.22032356689968594,0.7726472156652838,0.0,1.0,1.0,0.0,0.0,10.0,0.0,0.0,1.0
-1.0445749039897887,-0.6222034647581551,-1.2170740485175422,-0.8915461889048628,0.0,1.0,1.0,0.0,0.0,5.0,1.0,1.0,2.0
-0.1733992159957998,1.4885244281019345,1.0216513265099327,1.7201854176801,0.0,1.0,0.0,1.0,0.0,2.0,1.0,1.0,2.0
-0.27019651466179856,0.6400945888150358,0.9352264529840477,0.7550823622885058,0.0,1.0,1.0,0.0,0.0,8.0,1.0,1.0,1.0
-1.4317640986537838,-0.35318912547206527,0.989976073771916,-0.15070647909750098,1.0,0.0,1.0,0.0,0.0,4.0,1.0,1.0,2.0
-1.1413722026557875,2.057593222745586,0.33667165514369557,0.9198954616673702,0.0,1.0,1.0,0.0,0.0,6.0,0.0,0.0,2.0
0.5041818746661916,0.54697424060062,-1.2170740485175422,0.9224124052717496,0.0,1.0,1.0,0.0,0.0,3.0,0.0,1.0,2.0
0.6009791733321904,-1.201618964758964,-1.2170740485175422,1.2309497860706615,1.0,0.0,1.0,0.0,0.0,2.0,0.0,1.0,2.0
0.7945737706641879,1.612684892387822,1.5468550649467792,-0.595302152809903,0.0,1.0,0.0,1.0,0.0,1.0,1.0,1.0,1.0
-1.2381695013217864,0.3710802495289459,-1.2170740485175422,-1.1646158699014044,1.0,0.0,1.0,0.0,0.0,6.0,1.0,1.0,2.0
0.40738457600019284,1.022922687029856,0.6136089216003912,-0.4400046971553289,0.0,1.0,1.0,0.0,0.0,6.0,1.0,1.0,1.0
-0.5605884106597949,0.2883066066716875,-1.2170740485175422,-0.032057002625746484,1.0,0.0,1.0,0.0,0.0,6.0,1.0,1.0,2.0
0.2137899786681953,0.9608424548869121,0.13506736172911932,1.6993577050050057,1.0,0.0,0.0,1.0,0.0,2.0,1.0,0.0,1.0
0.31058727733419406,-0.8808710986870877,-1.2170740485175422,1.4063055548867374,1.0,0.0,1.0,0.0,0.0,6.0,1.0,0.0,1.0
0.6977764719981892,-0.022094554043031577,-1.2170740485175422,-0.3985654969001878,0.0,1.0,1.0,0.0,0.0,5.0,1.0,1.0,2.0
-0.7541830079917924,1.9334327584596984,-1.2170740485175422,-1.5940422137960792,0.0,1.0,1.0,0.0,0.0,2.0,1.0,0.0,2.0
-0.07660191732980101,-0.6635902861867843,-1.2170740485175422,-0.9122949263642278,0.0,1.0,1.0,0.0,0.0,0.0,1.0,0.0,2.0
-0.1733992159957998,0.2883066066716875,0.02672778638656935,1.3049071183794794,1.0,0.0,0.0,1.0,0.0,8.0,0.0,1.0,2.0
-1.1413722026557875,-0.46700288440079557,0.8771130928103416,0.829316281806596,0.0,1.0,0.0,1.0,0.0,2.0,1.0,0.0,2.0
-0.27019651466179856,1.4885244281019345,1.2238616556465933,0.6180627983571299,1.0,0.0,1.0,0.0,0.0,1.0,1.0,1.0,1.0
-0.1733992159957998,1.0125759816726987,-1.2170740485175422,-1.38383889197075,0.0,1.0,1.0,0.0,0.0,7.0,1.0,0.0,2.0
-0.36699381332779735,1.7368453566737099,-1.2170740485175422,-1.6781998736378017,0.0,1.0,1.0,0.0,0.0,1.0,0.0,1.0,2.0
0.020195381336197752,1.6540717138164513,-1.2170740485175422,1.3509406235302779,0.0,1.0,0.0,0.0,1.0,7.0,1.0,1.0,2.0
-0.07660191732980101,0.7332149370294515,-1.2170740485175422,1.1850810155658895,1.0,0.0,1.0,0.0,0.0,3.0,0.0,1.0,2.0
-0.8509803066577912,-0.40492265225785173,1.0802377803520984,0.10492672673637803,0.0,1.0,0.0,1.0,0.0,9.0,1.0,0.0,1.0
-1.334966799987785,0.22622637452874367,0.5229850403565866,0.06462866616226044,1.0,0.0,0.0,1.0,0.0,3.0,1.0,1.0,2.0
0.6977764719981892,0.7228682316722942,0.6438626428024958,0.053788361055196444,0.0,1.0,1.0,0.0,0.0,1.0,0.0,0.0,2.0
1.7625467573241755,-1.8017278754740875,0.6158808321733921,-0.4991011204778916,1.0,0.0,1.0,0.0,0.0,9.0,1.0,1.0,2.0
-0.4637911119937961,0.029638972742754933,-1.2170740485175422,1.03420599803794,0.0,1.0,0.0,0.0,1.0,5.0,1.0,0.0,2.0
-0.6573857093257937,0.3296934281003167,1.0040565180512426,1.5367966169539657,1.0,0.0,0.0,1.0,0.0,0.0,1.0,1.0,2.0
0.5041818746661916,0.8470286959581818,1.4862285051765052,1.6931798948477086,1.0,0.0,1.0,0.0,0.0,6.0,0.0,1.0,1.0
0.9881683679961855,-2.288023027260481,0.9870820522587387,0.8116385321412534,0.0,1.0,0.0,1.0,0.0,3.0,1.0,0.0,1.0
0.31058727733419406,0.5676676513149347,0.31628988612432357,-0.4196896275655968,1.0,0.0,0.0,0.0,1.0,8.0,1.0,1.0,1.0
0.2137899786681953,1.912739347745384,1.1990768843917086,0.9772312943326709,1.0,0.0,0.0,0.0,1.0,7.0,1.0,1.0,1.0
-0.6573857093257937,-0.1566017236860765,-1.2170740485175422,0.6731466196946055,1.0,0.0,0.0,0.0,1.0,8.0,1.0,0.0,2.0
0.40738457600019284,0.019292267385597632,-1.2170740485175422,-1.2524027366280643,0.0,1.0,1.0,0.0,0.0,0.0,1.0,0.0,2.0
-0.27019651466179856,-0.26006877725764954,1.70332946958435,-0.7363056162801204,0.0,1.0,0.0,1.0,0.0,2.0,1.0,1.0,2.0
-0.1733992159957998,-0.6635902861867843,0.4614042556403467,1.6032895736968205,1.0,0.0,0.0,1.0,0.0,6.0,1.0,0.0,1.0
-1.334966799987785,-0.2393753665433349,-1.2170740485175422,1.6720315845457658,0.0,1.0,1.0,0.0,0.0,7.0,1.0,1.0,2.0
0.11699268000219652,0.7228682316722942,0.6818893749610063,1.051013280788063,0.0,1.0,1.0,0.0,0.0,9.0,1.0,1.0,1.0
-0.5605884106597949,-1.4913267147593685,0.6067022041469854,0.7489302973557198,1.0,0.0,1.0,0.0,0.0,1.0,0.0,0.0,1.0
-1.2381695013217864,-1.274045902259065,0.42378245822558397,1.1644710935738196,1.0,0.0,1.0,0.0,0.0,10.0,0.0,0.0,2.0
-0.94777760532379,1.540257954887721,-1.2170740485175422,1.1814076243091556,1.0,0.0,1.0,0.0,0.0,2.0,0.0,0.0,2.0
-0.07660191732980101,-1.9362350451171324,0.6547187198368458,-0.42243410328930225,0.0,1.0,1.0,0.0,0.0,3.0,1.0,0.0,1.0
-0.27019651466179856,0.6814814102436649,1.163053124407513,1.3789350761014825,0.0,1.0,1.0,0.0,0.0,2.0,1.0,0.0,1.0
-0.36699381332779735,0.6297478834578785,0.7861590265869187,-0.5312165485130363,0.0,1.0,1.0,0.0,0.0,7.0,1.0,1.0,1.0
-0.4637911119937961,-0.7256705183297281,-1.2170740485175422,-0.32500634580019067,0.0,1.0,0.0,0.0,1.0,1.0,0.0,1.0,2.0
3.6016954319781522,-0.40492265225785173,0.32882952074949223,1.5922824464930954,0.0,1.0,0.0,1.0,0.0,6.0,1.0,1.0,1.0
0.7945737706641879,-0.9429513308300315,-1.2170740485175422,0.5048841820939406,0.0,1.0,0.0,0.0,1.0,1.0,0.0,0.0,1.0
-0.1733992159957998,0.2676131959573729,0.20338093003900487,0.3146415851128791,0.0,1.0,1.0,0.0,0.0,3.0,0.0,1.0,1.0
-0.4637911119937961,-0.8498309826156157,-1.2170740485175422,0.5938595040493737,1.0,0.0,0.0,0.0,1.0,3.0,1.0,0.0,1.0
1.4721548613261792,-1.4809800094022112,-1.2170740485175422,1.3201502047863454,0.0,1.0,0.0,0.0,1.0,10.0,1.0,1.0,1.0
3.6984927306441513,1.7885788834594962,-0.7747298609858642,-1.6893091119684724,0.0,1.0,0.0,1.0,0.0,3.0,0.0,1.0,2.0
0.7945737706641879,0.4021203656004178,-1.2170740485175422,0.8961606260731809,0.0,1.0,1.0,0.0,0.0,2.0,1.0,0.0,2.0
0.5041818746661916,0.5676676513149347,1.7718262953804889,-0.599190203573707,1.0,0.0,0.0,1.0,0.0,2.0,1.0,0.0,2.0
-0.8509803066577912,0.5159341245291481,1.3012811919971077,-0.9413753751288213,0.0,1.0,1.0,0.0,0.0,3.0,1.0,0.0,2.0
-1.1413722026557875,-1.8638081076170314,-1.2170740485175422,0.3963268336304569,1.0,0.0,1.0,0.0,0.0,4.0,1.0,0.0,2.0
-0.36699381332779735,-0.5290831165437394,1.0936544788763891,0.07337073547168609,0.0,1.0,1.0,0.0,0.0,4.0,1.0,0.0,2.0
0.020195381336197752,-0.311802304043436,-1.2170740485175422,-1.1087099409217762,0.0,1.0,0.0,0.0,1.0,8.0,1.0,0.0,2.0
-0.4637911119937961,-0.7980974558298293,0.5885659823429426,-1.4240807653319147,1.0,0.0,1.0,0.0,0.0,5.0,1.0,1.0,2.0
-1.6253586959857813,0.3917736602432605,0.9762970276883569,-0.8328656901215269,0.0,1.0,1.0,0.0,0.0,4.0,1.0,0.0,1.0
1.0849656666621843,0.6711347048865076,0.7064185502482214,-1.511914773652105,0.0,1.0,0.0,1.0,0.0,2.0,1.0,1.0,1.0
0.31058727733419406,0.19518625845727178,0.6470336403234055,-1.2241997129474773,1.0,0.0,1.0,0.0,0.0,1.0,0.0,1.0,2.0
2.7305197439841633,0.8366819906010244,-1.2170740485175422,1.3555269265318302,1.0,0.0,0.0,0.0,1.0,1.0,1.0,1.0,2.0
-0.5605884106597949,0.6918281156008222,0.4366524385825518,0.3128108909050908,0.0,1.0,1.0,0.0,0.0,7.0,0.0,0.0,1.0
0.31058727733419406,-1.1705788486874922,-1.2170740485175422,0.9219098515311279,1.0,0.0,0.0,0.0,1.0,9.0,0.0,0.0,1.0
0.6977764719981892,-1.8224212861884022,-1.2170740485175422,0.40173524427416124,1.0,0.0,1.0,0.0,0.0,10.0,0.0,0.0,2.0
0.7945737706641879,0.4848940084576762,1.294924890011186,-1.718720421658875,0.0,1.0,1.0,0.0,0.0,5.0,0.0,0.0,2.0
3.1177089386481582,0.008945562028440329,-1.2170740485175422,0.35222961289878574,0.0,1.0,0.0,0.0,1.0,4.0,1.0,1.0,1.0
2.052938653322172,-1.40855307190211,0.6109251639398626,-1.4165866435943886,0.0,1.0,0.0,1.0,0.0,9.0,1.0,0.0,1.0
-0.94777760532379,2.057593222745586,-1.2170740485175422,0.9243613883489123,0.0,1.0,1.0,0.0,0.0,1.0,0.0,0.0,2.0
-0.36699381332779735,-0.4773495897579529,-1.2170740485175422,-0.9506967119897423,0.0,1.0,1.0,0.0,0.0,6.0,1.0,1.0,2.0
-0.36699381332779735,1.302283731673103,-1.2170740485175422,-1.4368787512271246,1.0,0.0,0.0,0.0,1.0,3.0,1.0,1.0,2.0
-1.334966799987785,0.49524071381483353,-1.2170740485175422,-0.8254862042147622,1.0,0.0,0.0,0.0,1.0,8.0,1.0,1.0,2.0
-1.0445749039897887,1.0746562138156424,0.7849381137727999,1.5480568475473089,1.0,0.0,1.0,0.0,0.0,7.0,0.0,1.0,1.0
1.4721548613261792,0.753908347743766,1.5509577821083251,0.6443841592435658,0.0,1.0,0.0,1.0,0.0,8.0,1.0,1.0,1.0
0.9881683679961855,0.5573209459577774,-1.2170740485175422,-0.6341238639216965,1.0,0.0,1.0,0.0,0.0,7.0,1.0,0.0,1.0
3.2145062373141573,-1.2636991969019078,0.29746950303826764,-0.3681395122464609,0.0,1.0,0.0,1.0,0.0,5.0,1.0,1.0,1.0
-0.4637911119937961,0.9815358656012267,1.0624883282953592,1.4548866195845764,0.0,1.0,0.0,1.0,0.0,6.0,1.0,1.0,2.0
1.4721548613261792,1.0125759816726987,1.1101182349900973,-0.11345974949058328,0.0,1.0,0.0,1.0,0.0,3.0,1.0,0.0,1.0
-0.1733992159957998,0.039985678099912235,0.5329185606246128,-0.35318988660817485,1.0,0.0,0.0,1.0,0.0,4.0,1.0,0.0,1.0
1.3753575626601806,-0.46700288440079557,0.5404305100391982,-0.4174671884551159,1.0,0.0,0.0,0.0,1.0,1.0,1.0,1.0,1.0
0.5041818746661916,0.7021748209579796,-1.2170740485175422,-0.2589446215678934,0.0,1.0,0.0,0.0,1.0,4.0,0.0,0.0,1.0
3.2145062373141573,-0.8084441611869866,0.3706083695629532,-0.0668534130944178,1.0,0.0,0.0,0.0,1.0,8.0,1.0,1.0,1.0
0.8913710693301867,-0.9222579201157168,0.2674395488720095,1.1004006232940642,0.0,1.0,1.0,0.0,0.0,3.0,1.0,1.0,1.0
0.020195381336197752,-0.7049771076154135,0.8614400766745995,-0.4653465218308132,0.0,1.0,1.0,0.0,0.0,1.0,1.0,0.0,2.0
-0.8509803066577912,0.4124670709575751,0.4102487321135805,0.9858115862178053,0.0,1.0,0.0,1.0,0.0,7.0,0.0,0.0,2.0
1.0849656666621843,0.2883066066716875,0.9144738286832836,1.4639863387696406,1.0,0.0,0.0,1.0,0.0,6.0,1.0,1.0,2.0
1.0849656666621843,-0.6428968754724697,1.1121454807437314,-1.1292666329226275,1.0,0.0,0.0,1.0,0.0,5.0,1.0,1.0,2.0
-0.27019651466179856,0.5262808298863054,0.4750818549542775,-0.8166945579527308,1.0,0.0,0.0,1.0,0.0,2.0,1.0,1.0,2.0
-0.07660191732980101,-1.201618964758964,0.7002540256141422,1.6706197720989386,0.0,1.0,1.0,0.0,0.0,2.0,0.0,0.0,1.0
-0.94777760532379,-0.24972207190049223,1.0260872829425343,-0.33488555384358754,0.0,1.0,0.0,1.0,0.0,5.0,1.0,0.0,2.0
2.2465332506541693,0.784948463815238,-1.2170740485175422,-1.0646995233457195,0.0,1.0,1.0,0.0,0.0,5.0,0.0,1.0,2.0
0.2137899786681953,1.2608969102444738,0.43589947536710316,-0.6134224420100812,0.0,1.0,0.0,0.0,1.0,9.0,0.0,1.0,1.0
0.2137899786681953,-1.6051404736880988,1.612550944742496,1.4347620298653814,1.0,0.0,1.0,0.0,0.0,1.0,1.0,0.0,2.0
-0.07660191732980101,1.4781777227447772,1.669734675053918,-1.3266175211819908,0.0,1.0,0.0,0.0,1.0,9.0,1.0,0.0,1.0
-0.5605884106597949,0.753908347743766,0.19829874983908818,1.5148594242658275,0.0,1.0,0.0,1.0,0.0,4.0,0.0,1.0,1.0
-0.8509803066577912,1.0436160977441706,-1.2170740485175422,0.08928354562427492,1.0,0.0,1.0,0.0,0.0,3.0,1.0,1.0,2.0
0.11699268000219652,0.3710802495289459,-1.2170740485175422,-1.5943135823787618,1.0,0.0,0.0,0.0,1.0,1.0,1.0,0.0,2.0
0.2137899786681953,1.46783101738762,-1.2170740485175422,0.9096944383175869,0.0,1.0,0.0,0.0,1.0,9.0,1.0,0.0,2.0
-2.0125478906497762,1.9023926423882267,1.079630297860386,0.3091851631045464,0.0,1.0,0.0,1.0,0.0,2.0,1.0,1.0,1.0
1.3753575626601806,-0.311802304043436,1.5236194624594608,-1.1180145781776092,0.0,1.0,0.0,0.0,1.0,9.0,1.0,0.0,1.0
-0.94777760532379,0.5780143566720919,-1.2170740485175422,0.6974737694067654,0.0,1.0,1.0,0.0,0.0,4.0,1.0,0.0,2.0
-0.5605884106597949,0.8263352852438672,0.991468175515254,1.1331723806000171,1.0,0.0,0.0,0.0,1.0,5.0,1.0,0.0,2.0
0.11699268000219652,-0.5497765272580539,-1.2170740485175422,-0.5461484308209161,1.0,0.0,1.0,0.0,0.0,9.0,1.0,0.0,1.0
-0.07660191732980101,1.0125759816726987,0.8627106619126241,-1.501387586140444,0.0,1.0,0.0,0.0,1.0,9.0,1.0,1.0,1.0
-0.36699381332779735,0.5262808298863054,-0.9877964279090555,-0.785743057601386,1.0,0.0,0.0,0.0,1.0,8.0,1.0,0.0,2.0
-1.6253586959857813,-0.8808710986870877,1.1131051712638487,0.04152824160720085,0.0,1.0,0.0,1.0,0.0,7.0,1.0,0.0,2.0
0.9881683679961855,0.784948463815238,0.33091769157969675,1.5760109427395506,1.0,0.0,0.0,0.0,1.0,7.0,1.0,0.0,1.0
0.8913710693301867,-2.5880774826180426,0.8428071306315011,1.3202230916043864,0.0,1.0,0.0,1.0,0.0,8.0,1.0,0.0,1.0
0.11699268000219652,-2.0397020986887053,0.7630232512039542,0.8428306111783997,0.0,1.0,0.0,0.0,1.0,2.0,1.0,0.0,1.0
0.5041818746661916,0.2676131959573729,1.1744459529739686,1.5864462824232268,1.0,0.0,0.0,1.0,0.0,4.0,1.0,1.0,2.0
-0.36699381332779735,1.1160430352442716,1.161036166793458,0.12049823870997765,1.0,0.0,0.0,0.0,1.0,7.0,1.0,1.0,1.0
0.31058727733419406,0.8159885798867099,-1.2170740485175422,-0.24138272541284986,0.0,1.0,0.0,0.0,1.0,4.0,0.0,1.0,2.0
-0.4637911119937961,0.8159885798867099,0.7513905803835595,0.6788439682971791,0.0,1.0,1.0,0.0,0.0,5.0,1.0,0.0,2.0
-0.36699381332779735,-1.781034464759773,0.6008787956408272,1.6663265819575275,1.0,0.0,1.0,0.0,0.0,2.0,1.0,0.0,1.0
-0.07660191732980101,0.4848940084576762,1.5454261388105446,-1.442102074581102,1.0,0.0,0.0,0.0,1.0,1.0,0.0,0.0,1.0
-0.5605884106597949,0.6090544727435638,0.6850610154906397,1.6189941606484668,0.0,1.0,1.0,0.0,0.0,10.0,1.0,1.0,2.0
-1.2381695013217864,0.050332383457069536,1.0267783565683275,-1.1054749142986067,0.0,1.0,0.0,0.0,1.0,4.0,1.0,0.0,1.0
-0.36699381332779735,-0.042787964757346184,1.4597492451824996,0.8362287006335515,1.0,0.0,0.0,1.0,0.0,3.0,1.0,0.0,2.0
-0.1733992159957998,1.5195645441734065,-1.2170740485175422,0.19003782965610158,0.0,1.0,1.0,0.0,0.0,8.0,0.0,0.0,3.0
-1.0445749039897887,0.2779599013145302,0.5373289574604477,-0.7139825931327581,0.0,1.0,1.0,0.0,0.0,2.0,1.0,1.0,1.0
-0.7541830079917924,0.8987622227439683,0.11193094333743096,-1.0069856881610797,0.0,1.0,1.0,0.0,0.0,9.0,1.0,0.0,1.0
-0.6573857093257937,-0.24972207190049223,-1.2170740485175422,0.12164633655978783,1.0,0.0,1.0,0.0,0.0,1.0,1.0,0.0,1.0
0.020195381336197752,-0.2393753665433349,0.6370607357710525,0.1359558106696948,0.0,1.0,0.0,1.0,0.0,1.0,1.0,1.0,1.0
-0.07660191732980101,1.8196189995309682,-1.2170740485175422,0.059950167424283766,0.0,1.0,1.0,0.0,0.0,5.0,0.0,0.0,2.0
-0.6573857093257937,-0.9532980361871888,1.11871172507794,0.06440287358513093,0.0,1.0,1.0,0.0,0.0,9.0,1.0,0.0,1.0
-0.8509803066577912,-0.38422924154353716,0.8943177557259288,-0.7842213060877286,1.0,0.0,0.0,1.0,0.0,3.0,1.0,0.0,2.0
-0.27019651466179856,-1.6982608219025146,1.0356612005818335,1.6389033950437126,1.0,0.0,0.0,0.0,1.0,1.0,1.0,0.0,1.0
-0.6573857093257937,0.10206591024285605,1.1295899859132579,-0.7518720835813498,1.0,0.0,0.0,1.0,0.0,1.0,0.0,1.0,1.0
-1.818953293317779,-1.1602321433303349,0.1245614029448219,0.8157405465952499,0.0,1.0,1.0,0.0,0.0,0.0,1.0,1.0,1.0
-0.4637911119937961,0.2883066066716875,0.7290537433397882,-0.745813258110306,1.0,0.0,0.0,1.0,0.0,7.0,1.0,0.0,1.0
1.7625467573241755,-1.7603410540454583,-1.2170740485175422,1.215255636372196,1.0,0.0,1.0,0.0,0.0,9.0,1.0,1.0,3.0
0.6977764719981892,-1.5223668308308405,1.41548147035179,1.1352923606751135,1.0,0.0,0.0,0.0,1.0,2.0,1.0,1.0,1.0
-1.4317640986537838,1.0850029191727997,-1.2170740485175422,1.46684388473613,1.0,0.0,1.0,0.0,0.0,1.0,1.0,0.0,2.0
-0.27019651466179856,-0.41526935761500905,0.4434085312424317,1.055718220567429,1.0,0.0,0.0,1.0,0.0,10.0,1.0,0.0,1.0
0.11699268000219652,-0.38422924154353716,-1.2170740485175422,-1.383264843045845,0.0,1.0,1.0,0.0,0.0,6.0,1.0,1.0,1.0
-0.27019651466179856,0.13310602631432794,-1.2170740485175422,-0.07803675592266728,0.0,1.0,1.0,0.0,0.0,1.0,1.0,1.0,2.0
-0.6573857093257937,0.5159341245291481,0.43064127152907433,0.11183653625003864,0.0,1.0,0.0,1.0,0.0,5.0,0.0,0.0,1.0
0.5041818746661916,-0.5808166433295259,0.3350448430727433,0.7670258850567052,1.0,0.0,0.0,1.0,0.0,4.0,1.0,0.0,2.0
2.052938653322172,1.0022292763155414,-1.2170740485175422,-0.37686001123264784,0.0,1.0,0.0,0.0,1.0,3.0,1.0,1.0,2.0
-0.4637911119937961,0.5780143566720919,1.3982218301903266,-0.08603621466832954,0.0,1.0,0.0,1.0,0.0,9.0,1.0,0.0,2.0
3.0209116399821596,-0.9532980361871888,-1.2170740485175422,0.4024964679394293,1.0,0.0,1.0,0.0,0.0,9.0,1.0,1.0,1.0
-1.1413722026557875,-1.5534069469023122,0.31540590988142164,0.5609339712132343,0.0,1.0,0.0,1.0,0.0,4.0,1.0,0.0,2.0
2.2465332506541693,-0.9946848576158179,0.628724931429231,-1.59018843201355,1.0,0.0,0.0,1.0,0.0,10.0,0.0,1.0,1.0
-0.1733992159957998,0.9298023388154402,0.475031700273829,0.8635930910211185,0.0,1.0,1.0,0.0,0.0,9.0,1.0,1.0,2.0
-0.7541830079917924,-1.2430057861875932,0.33078073072154934,-0.7491157789707069,0.0,1.0,1.0,0.0,0.0,3.0,1.0,0.0,1.0
0.31058727733419406,0.3090000173860021,0.6830162477492847,-1.572647236410647,0.0,1.0,0.0,1.0,0.0,3.0,1.0,0.0,2.0
0.020195381336197752,-0.5290831165437394,-1.2170740485175422,0.3203084917270104,1.0,0.0,1.0,0.0,0.0,5.0,0.0,0.0,2.0
-0.5605884106597949,0.6711347048865076,-1.2170740485175422,-0.12076182576959577,0.0,1.0,0.0,0.0,1.0,2.0,1.0,1.0,2.0
-0.5605884106597949,-1.4499398933307392,-1.2170740485175422,1.0168524990380594,0.0,1.0,1.0,0.0,0.0,7.0,0.0,1.0,2.0
1.9561413546561732,0.5159341245291481,-1.2170740485175422,-1.2570123494950523,0.0,1.0,0.0,0.0,1.0,7.0,0.0,1.0,2.0
-0.5605884106597949,-0.5601232326152112,0.9643907566560292,-0.4350221264413725,1.0,0.0,1.0,0.0,0.0,6.0,0.0,0.0,2.0
0.6977764719981892,-1.8948482236885031,0.25290417592066744,-1.5464619077239914,0.0,1.0,1.0,0.0,0.0,7.0,1.0,0.0,1.0
-1.7221559946517802,0.9298023388154402,-1.2170740485175422,0.6853943883930051,1.0,0.0,1.0,0.0,0.0,9.0,0.0,1.0,2.0
0.2137899786681953,-0.24972207190049223,0.404606169810962,0.6054747752050593,0.0,1.0,0.0,0.0,1.0,5.0,0.0,1.0,1.0
-0.5605884106597949,-0.1462550183289192,0.9089698347606217,-0.4395872070281252,0.0,1.0,1.0,0.0,0.0,0.0,0.0,1.0,2.0
0.40738457600019284,-1.1188453219017056,-1.2170740485175422,-0.3653146696732686,0.0,1.0,1.0,0.0,0.0,9.0,1.0,1.0,2.0
0.11699268000219652,-1.274045902259065,-1.2170740485175422,-1.2952455734817083,0.0,1.0,0.0,0.0,1.0,4.0,1.0,0.0,2.0
0.020195381336197752,1.4160974906018333,0.9553201540952034,0.23009600736129682,1.0,0.0,1.0,0.0,0.0,3.0,0.0,1.0,1.0
0.2137899786681953,-0.7980974558298293,-1.2170740485175422,-0.5098370530531544,0.0,1.0,1.0,0.0,0.0,1.0,0.0,0.0,2.0
0.5041818746661916,2.057593222745586,0.8502845183271879,1.2392065231072136,1.0,0.0,0.0,1.0,0.0,5.0,0.0,1.0,1.0
-0.7541830079917924,0.888415517386811,0.7311173190863113,-0.43433083237241094,0.0,1.0,0.0,1.0,0.0,5.0,1.0,1.0,2.0
-1.818953293317779,1.3436705531017323,0.7926995505721794,0.14686534955618644,0.0,1.0,1.0,0.0,0.0,0.0,1.0,1.0,2.0
1.3753575626601806,0.5676676513149347,-1.2170740485175422,-0.1979541847015831,1.0,0.0,0.0,0.0,1.0,3.0,0.0,0.0,3.0
-0.07660191732980101,-0.44630947368648094,0.4491787307767037,0.6474779350403645,1.0,0.0,0.0,1.0,0.0,8.0,1.0,1.0,2.0
-0.1733992159957998,-0.9326046254728741,0.41408299313298297,-0.19170714076485845,0.0,1.0,0.0,0.0,1.0,4.0,0.0,1.0,1.0
-0.6573857093257937,0.19518625845727178,0.4379448861171818,0.6102967861742623,1.0,0.0,0.0,1.0,0.0,4.0,0.0,1.0,2.0
-0.4637911119937961,0.6194011781007212,-1.2170740485175422,1.3125139624513507,1.0,0.0,1.0,0.0,0.0,6.0,1.0,1.0,2.0
-1.5285613973197827,0.14345273167148526,1.0924991529520873,0.2659523208904064,1.0,0.0,1.0,0.0,0.0,9.0,1.0,1.0,1.0
-0.1733992159957998,-1.2326590808304358,-1.2170740485175422,-1.6194590127402408,1.0,0.0,0.0,0.0,1.0,5.0,0.0,1.0,2.0
0.2137899786681953,-0.1979885451147057,0.8172560537301514,1.3531173126809857,0.0,1.0,0.0,1.0,0.0,3.0,0.0,0.0,1.0
0.9881683679961855,0.12275932095717065,0.6500729818081381,-0.26962871578569486,0.0,1.0,0.0,1.0,0.0,7.0,1.0,1.0,3.0
0.7945737706641879,0.7642550531009233,0.46901426388529555,-0.23024808976610753,1.0,0.0,0.0,1.0,0.0,1.0,0.0,0.0,1.0
0.9881683679961855,0.6918281156008222,0.10626812626001635,-1.5432225322453303,1.0,0.0,0.0,0.0,1.0,10.0,0.0,1.0,1.0
-0.4637911119937961,-0.03244125940018888,-1.2170740485175422,-0.7850947302246827,1.0,0.0,1.0,0.0,0.0,3.0,1.0,0.0,1.0
-0.7541830079917924,0.09171920488569875,0.14224703638573416,0.6597310963195737,0.0,1.0,0.0,0.0,1.0,1.0,1.0,1.0,1.0
0.6009791733321904,0.12275932095717065,0.12030564970703606,-0.8902384010813973,0.0,1.0,1.0,0.0,0.0,5.0,1.0,1.0,1.0
0.31058727733419406,-0.40492265225785173,-0.0034351098333131468,0.8667110464544513,1.0,0.0,1.0,0.0,0.0,10.0,0.0,0.0,1.0
-0.5605884106597949,-2.370796670117739,-1.2170740485175422,0.04864836177244028,1.0,0.0,1.0,0.0,0.0,2.0,1.0,0.0,2.0
0.020195381336197752,0.5987077673864065,-1.2170740485175422,-0.7592162567815219,0.0,1.0,1.0,0.0,0.0,8.0,1.0,0.0,2.0
0.6009791733321904,-2.122475741545964,0.7954096715903796,0.49406770871497124,1.0,0.0,0.0,0.0,1.0,10.0,1.0,1.0,1.0
0.7945737706641879,-0.6946304022582562,0.8813651487479662,-0.1207738286107529,0.0,1.0,0.0,1.0,0.0,7.0,1.0,0.0,1.0
-0.5605884106597949,0.16414614238579986,-1.2170740485175422,0.5562370333279728,0.0,1.0,1.0,0.0,0.0,4.0,1.0,1.0,2.0
-0.27019651466179856,0.08137249952854145,0.007704534048187206,0.8559843334528311,0.0,1.0,0.0,1.0,0.0,2.0,1.0,1.0,2.0
-0.4637911119937961,-1.3257794290448517,1.3805025995436013,-0.843678510461883,0.0,1.0,1.0,0.0,0.0,2.0,1.0,1.0,1.0
-0.07660191732980101,1.7678854727451816,0.8452108579928599,-1.5779166576328363,0.0,1.0,1.0,0.0,0.0,6.0,1.0,0.0,3.0
-1.2381695013217864,-0.9843381522586606,-1.2170740485175422,1.6579348564465133,0.0,1.0,1.0,0.0,0.0,4.0,1.0,0.0,1.0
1.2785602639941818,0.8573754013153391,-0.07118283046634577,-1.0589345065516953,1.0,0.0,0.0,1.0,0.0,6.0,0.0,1.0,2.0
-0.94777760532379,-0.1255616076146046,0.9279157652999795,-0.03262078825169121,0.0,1.0,0.0,0.0,1.0,4.0,1.0,0.0,2.0
0.7945737706641879,1.8299657048881255,0.5492197962834067,-0.2826276188046216,0.0,1.0,0.0,0.0,1.0,1.0,1.0,0.0,2.0
-0.07660191732980101,0.3917736602432605,-0.010224799699006097,-1.586580273589192,0.0,1.0,0.0,0.0,1.0,5.0,1.0,1.0,1.0
-0.4637911119937961,-1.5947937683309414,-1.2170740485175422,-0.291748386450265,0.0,1.0,1.0,0.0,0.0,2.0,1.0,1.0,2.0
-0.6573857093257937,-1.3257794290448517,-1.2170740485175422,1.1827030613830247,0.0,1.0,0.0,0.0,1.0,4.0,1.0,0.0,2.0
-0.5605884106597949,0.5366275352434627,1.8463264113732403,-0.34550006637352204,1.0,0.0,1.0,0.0,0.0,8.0,1.0,1.0,1.0
0.8913710693301867,0.3193467227431594,0.40970603275078044,-0.8719592916786618,1.0,0.0,0.0,0.0,1.0,9.0,1.0,1.0,1.0
-0.27019651466179856,1.022922687029856,0.5984622081049948,-1.565638099037556,1.0,0.0,0.0,0.0,1.0,8.0,0.0,1.0,1.0
0.11699268000219652,-1.781034464759773,-1.2170740485175422,0.26332735171561295,0.0,1.0,1.0,0.0,0.0,1.0,0.0,0.0,2.0
-1.0445749039897887,-0.08417478618597539,1.3687554731703884,-1.2648110650712172,0.0,1.0,0.0,1.0,0.0,9.0,1.0,0.0,2.0
-0.1733992159957998,0.5159341245291481,0.5158159753439125,-1.4419406450652499,0.0,1.0,1.0,0.0,0.0,8.0,1.0,0.0,1.0
0.40738457600019284,0.3193467227431594,0.5687870340020361,-0.6119603567937698,1.0,0.0,0.0,1.0,0.0,7.0,1.0,1.0,2.0
0.020195381336197752,-1.718954232616829,-0.0059729045135625165,-0.5078337962594552,1.0,0.0,1.0,0.0,0.0,2.0,1.0,1.0,1.0
-1.4317640986537838,-0.5911633486866832,0.34830721950334675,-0.49496101004978826,1.0,0.0,0.0,0.0,1.0,0.0,1.0,1.0,1.0
2.7305197439841633,1.9334327584596984,0.44297835840627875,-0.3748478827737457,1.0,0.0,0.0,0.0,1.0,4.0,1.0,1.0,1.0
-0.36699381332779735,0.6607879995293504,1.0496196339558388,-0.6862626403201897,0.0,1.0,1.0,0.0,0.0,2.0,1.0,1.0,1.0
0.6009791733321904,1.4781777227447772,0.20809643451423362,0.29030556373551625,0.0,1.0,0.0,0.0,1.0,8.0,1.0,0.0,2.0
-0.4637911119937961,0.20553296381442906,0.8876385026085308,-1.2458677984577888,1.0,0.0,0.0,0.0,1.0,5.0,1.0,1.0,4.0
1.665749458658177,1.46783101738762,0.7038542314581194,-1.2172916429760132,0.0,1.0,1.0,0.0,0.0,8.0,1.0,0.0,2.0
1.665749458658177,-0.7463639290440427,0.37985145921391056,-1.6583917066441827,0.0,1.0,0.0,0.0,1.0,4.0,0.0,0.0,1.0
-1.4317640986537838,-0.49804300047226746,-1.2170740485175422,1.7215786170254226,1.0,0.0,1.0,0.0,0.0,3.0,1.0,1.0,1.0
-0.5605884106597949,-1.305086018330537,-1.2170740485175422,1.0636186993621002,0.0,1.0,0.0,0.0,1.0,5.0,1.0,0.0,2.0
-0.07660191732980101,-1.02572497368729,0.9386932345178578,-0.7307571724895833,1.0,0.0,1.0,0.0,0.0,9.0,0.0,0.0,1.0
-0.7541830079917924,1.5092178388162492,-1.2170740485175422,0.31412546294312355,1.0,0.0,0.0,0.0,1.0,8.0,1.0,0.0,2.0
-0.07660191732980101,-1.1809255540446495,-1.2170740485175422,0.7160706931688348,0.0,1.0,1.0,0.0,0.0,3.0,0.0,0.0,2.0
0.6009791733321904,-1.0464183844016044,-1.2170740485175422,-0.5124514110205478,0.0,1.0,0.0,0.0,1.0,0.0,0.0,1.0,2.0
-1.0445749039897887,0.6814814102436649,0.8438780616608177,-0.792997644378429,0.0,1.0,1.0,0.0,0.0,4.0,1.0,1.0,1.0
0.020195381336197752,0.9401490441725975,1.0335362175021974,-0.11955719279839341,0.0,1.0,1.0,0.0,0.0,8.0,1.0,1.0,1.0
3.9888846266421476,-0.2807621879719641,-1.2170740485175422,-0.5924402579879214,0.0,1.0,1.0,0.0,0.0,3.0,1.0,1.0,1.0
-0.94777760532379,-0.7049771076154135,-1.2170740485175422,0.1987802468739669,1.0,0.0,1.0,0.0,0.0,10.0,1.0,1.0,2.0
-0.94777760532379,-0.6015100540438405,0.4179981124993905,0.6042525728576704,1.0,0.0,0.0,1.0,0.0,5.0,1.0,0.0,3.0
-0.1733992159957998,-0.07382808082881809,0.6680957125724485,0.07583131790889311,0.0,1.0,1.0,0.0,0.0,6.0,1.0,0.0,2.0
-0.94777760532379,1.5609513656020357,0.8311426308792836,0.6018890568750385,0.0,1.0,1.0,0.0,0.0,9.0,1.0,1.0,1.0
1.3753575626601806,0.8677221066724964,0.7737671232160194,1.2280513608625498,1.0,0.0,1.0,0.0,0.0,8.0,0.0,1.0,2.0
-0.6573857093257937,0.3090000173860021,-1.2170740485175422,-0.6989270293746943,1.0,0.0,0.0,0.0,1.0,3.0,1.0,1.0,2.0
-0.94777760532379,0.2676131959573729,0.1753026681013468,-0.1383769519158577,1.0,0.0,1.0,0.0,0.0,3.0,0.0,0.0,1.0
-0.07660191732980101,-0.03244125940018888,-1.2170740485175422,-1.5709318738504987,1.0,0.0,1.0,0.0,0.0,2.0,0.0,1.0,2.0
0.6977764719981892,0.4538538923862043,-0.42114900895597474,0.5766347311720472,0.0,1.0,1.0,0.0,0.0,7.0,1.0,0.0,1.0
-0.7541830079917924,0.9608424548869121,0.6725876107640117,1.028073068069318,0.0,1.0,0.0,0.0,1.0,0.0,1.0,0.0,1.0
-1.2381695013217864,1.7264986513165526,-1.2170740485175422,1.168593982534176,0.0,1.0,0.0,0.0,1.0,4.0,1.0,1.0,2.0
0.11699268000219652,-1.6672207058310426,1.292445609124793,1.583512892416962,0.0,1.0,0.0,0.0,1.0,6.0,0.0,0.0,1.0
0.7945737706641879,-0.5187364111865821,1.0784995670197655,-0.7359250044474864,1.0,0.0,0.0,1.0,0.0,1.0,1.0,1.0,1.0
0.8913710693301867,-0.09452149154313269,0.6849018708315249,-0.36801252566610304,0.0,1.0,1.0,0.0,0.0,9.0,0.0,0.0,4.0
1.181762965328183,-0.6325501701153124,0.14087389125628014,1.5843471768544903,1.0,0.0,0.0,0.0,1.0,10.0,1.0,1.0,2.0
-0.5605884106597949,0.09171920488569875,-1.2170740485175422,-1.2210584476487087,0.0,1.0,0.0,0.0,1.0,4.0,1.0,0.0,1.0
0.6009791733321904,0.9091089281011256,0.4339090418629003,0.8340104364243427,0.0,1.0,0.0,1.0,0.0,7.0,0.0,1.0,1.0
-0.36699381332779735,1.1574298566729009,-1.2170740485175422,-1.1913390650352738,0.0,1.0,1.0,0.0,0.0,9.0,1.0,1.0,1.0
1.4721548613261792,0.13310602631432794,-1.2170740485175422,1.0934935970479185,0.0,1.0,1.0,0.0,0.0,8.0,1.0,1.0,1.0
-0.07660191732980101,1.364363963816047,-1.2170740485175422,-0.34234453682874083,0.0,1.0,0.0,0.0,1.0,1.0,1.0,1.0,3.0
-0.07660191732980101,0.8677221066724964,-1.2170740485175422,-0.13287617158150958,1.0,0.0,1.0,0.0,0.0,1.0,0.0,0.0,3.0
-0.6573857093257937,0.20553296381442906,0.7748509144198099,0.8137186767000462,0.0,1.0,0.0,0.0,1.0,6.0,1.0,1.0,2.0
-0.5605884106597949,1.126389740601429,0.6816387623109457,0.9880863855484063,1.0,0.0,0.0,0.0,1.0,1.0,0.0,1.0,2.0
-0.4637911119937961,0.14345273167148526,-0.12690548420534783,-1.2214562809490899,1.0,0.0,1.0,0.0,0.0,5.0,1.0,1.0,1.0
-0.5605884106597949,1.3747106691732043,-1.2170740485175422,1.0813651609442114,0.0,1.0,0.0,0.0,1.0,10.0,1.0,0.0,2.0
-1.2381695013217864,-1.4809800094022112,2.093810020232291,0.9839843710944103,0.0,1.0,1.0,0.0,0.0,7.0,1.0,0.0,1.0
-0.36699381332779735,0.6918281156008222,-1.2170740485175422,-0.08763537580973926,0.0,1.0,1.0,0.0,0.0,8.0,1.0,0.0,2.0
-0.36699381332779735,-1.5947937683309414,0.5520618948421454,-0.121274468854958,0.0,1.0,0.0,1.0,0.0,7.0,1.0,1.0,2.0
2.052938653322172,-2.298369732617638,-1.2170740485175422,1.1103982941610555,0.0,1.0,1.0,0.0,0.0,7.0,1.0,1.0,2.0
-0.7541830079917924,1.612684892387822,0.2853233897520012,1.2685437283000371,1.0,0.0,0.0,1.0,0.0,1.0,0.0,0.0,2.0
-0.4637911119937961,1.1056963298871143,-1.2170740485175422,0.423882399705439,1.0,0.0,1.0,0.0,0.0,3.0,1.0,1.0,2.0
0.6977764719981892,0.7332149370294515,-1.2170740485175422,-0.10334639906751313,0.0,1.0,1.0,0.0,0.0,6.0,1.0,1.0,1.0
0.5041818746661916,0.5573209459577774,0.4858535370936425,-0.30259338832125987,0.0,1.0,0.0,1.0,0.0,3.0,1.0,0.0,1.0
-0.07660191732980101,0.3090000173860021,1.7054703671298976,-0.7365392367971348,0.0,1.0,0.0,1.0,0.0,6.0,1.0,1.0,2.0
2.7305197439841633,0.8987622227439683,0.8831937048059784,-1.3411254770565395,1.0,0.0,1.0,0.0,0.0,1.0,0.0,1.0,1.0
1.7625467573241755,-1.5741003576166268,-1.2170740485175422,0.5481939120731739,1.0,0.0,1.0,0.0,0.0,1.0,0.0,0.0,1.0
-1.2381695013217864,0.4021203656004178,0.6813749679820491,-0.6714782711905886,1.0,0.0,1.0,0.0,0.0,3.0,1.0,0.0,1.0
0.7945737706641879,0.8159885798867099,-1.2170740485175422,-1.1565421327039438,1.0,0.0,1.0,0.0,0.0,7.0,1.0,0.0,1.0
0.2137899786681953,0.4331604816718897,-1.2170740485175422,0.9832375856293748,0.0,1.0,1.0,0.0,0.0,4.0,0.0,0.0,2.0
1.181762965328183,-1.646527295116728,0.6767271401749895,-0.5661787373530515,0.0,1.0,0.0,1.0,0.0,8.0,1.0,1.0,2.0
0.31058727733419406,-0.6946304022582562,0.9929329493878347,-1.2905592468038467,0.0,1.0,0.0,1.0,0.0,3.0,1.0,0.0,1.0
0.6977764719981892,1.4781777227447772,0.9465504796170681,-0.930173593153287,1.0,0.0,0.0,0.0,1.0,8.0,1.0,1.0,1.0
0.2137899786681953,1.2195100888158448,-0.05146143140620995,-1.2896089349017994,0.0,1.0,0.0,0.0,1.0,1.0,1.0,0.0,1.0
-0.07660191732980101,0.019292267385597632,1.1873275074879632,0.32224129706174365,1.0,0.0,0.0,0.0,1.0,9.0,1.0,0.0,1.0
-1.1413722026557875,0.15379943702864254,-1.2170740485175422,-0.1932151498951622,1.0,0.0,1.0,0.0,0.0,4.0,0.0,0.0,2.0
-0.07660191732980101,-0.9429513308300315,0.128653349710246,-1.1587563959661002,1.0,0.0,1.0,0.0,0.0,5.0,1.0,1.0,1.0
-0.4637911119937961,1.3850573745303616,-0.08694635007994816,-0.5437518635365471,1.0,0.0,1.0,0.0,0.0,9.0,1.0,1.0,1.0
-1.334966799987785,-0.08417478618597539,0.6338731807755076,0.8391596552807415,0.0,1.0,0.0,1.0,0.0,4.0,1.0,1.0,1.0
0.40738457600019284,0.5159341245291481,1.361657139117321,-1.0888187977653756,1.0,0.0,1.0,0.0,0.0,2.0,0.0,1.0,1.0
0.2137899786681953,0.7642550531009233,0.6151826854516386,0.29303560125898914,0.0,1.0,1.0,0.0,0.0,7.0,1.0,1.0,1.0
-0.1733992159957998,-0.022094554043031577,0.1874962032809858,-1.7327811412346563,0.0,1.0,1.0,0.0,0.0,9.0,1.0,1.0,2.0
0.6977764719981892,-1.6361805897595707,-1.2170740485175422,-1.7038995221431434,1.0,0.0,1.0,0.0,0.0,4.0,1.0,0.0,2.0
-1.334966799987785,0.6504412941721931,-1.2170740485175422,0.5761492249449532,0.0,1.0,0.0,0.0,1.0,2.0,1.0,1.0,1.0
0.31058727733419406,1.0332693923870133,-1.2170740485175422,-0.320355679737361,0.0,1.0,1.0,0.0,0.0,4.0,1.0,1.0,2.0
0.020195381336197752,2.057593222745586,0.05704757673503395,1.514307119618381,1.0,0.0,1.0,0.0,0.0,7.0,0.0,1.0,1.0
0.8913710693301867,0.4745473031005189,0.5211225655883994,0.07107210441299039,1.0,0.0,0.0,1.0,0.0,2.0,1.0,1.0,2.0
-1.6253586959857813,-0.6325501701153124,0.7965979517117708,1.067981297237159,0.0,1.0,0.0,0.0,1.0,7.0,1.0,1.0,1.0
-1.2381695013217864,0.3607335441717886,-1.2170740485175422,-1.7102796410579144,0.0,1.0,1.0,0.0,0.0,7.0,1.0,0.0,2.0
1.181762965328183,-0.2393753665433349,0.636084970032843,-1.517404073007955,1.0,0.0,0.0,1.0,0.0,10.0,0.0,0.0,2.0
0.020195381336197752,-0.860177687972773,-1.2170740485175422,0.5168393597948578,0.0,1.0,0.0,0.0,1.0,5.0,1.0,1.0,2.0
0.40738457600019284,0.15379943702864254,-1.2170740485175422,-1.2265962802318464,0.0,1.0,0.0,0.0,1.0,5.0,1.0,0.0,2.0
0.31058727733419406,0.3193467227431594,-1.2170740485175422,1.0606038987810307,0.0,1.0,1.0,0.0,0.0,0.0,1.0,1.0,1.0
-0.7541830079917924,0.8263352852438672,0.913089430901165,1.489190043794708,0.0,1.0,1.0,0.0,0.0,1.0,1.0,1.0,1.0
1.181762965328183,-1.0464183844016044,-1.2170740485175422,0.9403742221778101,0.0,1.0,0.0,0.0,1.0,5.0,1.0,0.0,2.0
-1.1413722026557875,-0.29110889332912143,0.7201474295078668,0.736030722196224,0.0,1.0,1.0,0.0,0.0,4.0,0.0,0.0,1.0
1.7625467573241755,-0.8394842772584584,0.17453748772014777,0.06613076084909528,1.0,0.0,0.0,1.0,0.0,5.0,0.0,1.0,1.0
0.020195381336197752,2.057593222745586,0.4609621871428053,0.10486097204134345,1.0,0.0,1.0,0.0,0.0,0.0,1.0,0.0,1.0
0.40738457600019284,-1.7913811701169302,-1.2170740485175422,1.7057557412044022,0.0,1.0,0.0,0.0,1.0,1.0,1.0,1.0,2.0
-1.2381695013217864,-1.853461402259874,-1.2170740485175422,0.14878249901114987,1.0,0.0,1.0,0.0,0.0,5.0,1.0,0.0,2.0
-0.36699381332779735,-0.7360172236868854,-1.2170740485175422,-1.556919165639346,1.0,0.0,1.0,0.0,0.0,8.0,0.0,1.0,2.0
-0.07660191732980101,-0.5601232326152112,-1.2170740485175422,-1.018595914644395,0.0,1.0,0.0,0.0,1.0,1.0,1.0,0.0,2.0
-0.1733992159957998,0.7228682316722942,0.5145587325369048,1.0216753797783604,0.0,1.0,0.0,1.0,0.0,3.0,1.0,1.0,1.0
1.568952159992178,-1.5947937683309414,0.9012966509085697,-1.5636057918891724,1.0,0.0,0.0,1.0,0.0,7.0,1.0,1.0,1.0
0.5041818746661916,-0.7670573397583573,1.227743981568092,-0.9591695001671218,1.0,0.0,0.0,1.0,0.0,1.0,0.0,1.0,1.0
-0.36699381332779735,0.6814814102436649,-0.2771661740414766,1.2629197883781642,0.0,1.0,0.0,1.0,0.0,7.0,1.0,1.0,2.0
-0.1733992159957998,0.5055874191719908,0.9559657348537949,1.0578448109028729,0.0,1.0,1.0,0.0,0.0,1.0,1.0,0.0,1.0
1.3753575626601806,0.17449284774295717,0.5550586369989332,1.4633354020796419,1.0,0.0,1.0,0.0,0.0,10.0,0.0,0.0,1.0
-0.6573857093257937,-2.0190086879743907,0.9219045982465022,0.44026471229691216,0.0,1.0,0.0,1.0,0.0,9.0,1.0,1.0,1.0
0.11699268000219652,1.705805240602238,0.5351771287665971,-0.3527466512564603,1.0,0.0,0.0,1.0,0.0,9.0,1.0,1.0,1.0
-0.8509803066577912,-1.098151911187391,-1.2170740485175422,1.225485536122444,0.0,1.0,1.0,0.0,0.0,3.0,1.0,0.0,2.0
0.6009791733321904,-0.2807621879719641,1.2240334997280007,-0.5403808047135971,1.0,0.0,0.0,1.0,0.0,5.0,1.0,0.0,1.0
-0.94777760532379,-0.1566017236860765,1.3160020729652362,0.021634663091724793,1.0,0.0,0.0,0.0,1.0,6.0,1.0,1.0,2.0
2.924114341316161,0.7952951691723953,-1.2170740485175422,0.5557170841653842,1.0,0.0,1.0,0.0,0.0,1.0,1.0,1.0,2.0
0.31058727733419406,-1.5327135361879978,0.46166226289073,0.829744557095419,0.0,1.0,1.0,0.0,0.0,8.0,1.0,1.0,1.0
-0.1733992159957998,-0.5187364111865821,-1.2170740485175422,-1.3768492374702619,1.0,0.0,1.0,0.0,0.0,5.0,0.0,0.0,1.0
0.6009791733321904,0.16414614238579986,-1.2170740485175422,1.1097638831219254,0.0,1.0,0.0,0.0,1.0,3.0,0.0,0.0,2.0
0.6977764719981892,-0.1462550183289192,1.089732929422745,1.167889815852959,1.0,0.0,0.0,1.0,0.0,2.0,1.0,0.0,1.0
0.6977764719981892,1.5919914816735075,0.6801563056984632,1.0921621514505777,0.0,1.0,1.0,0.0,0.0,6.0,1.0,0.0,3.0
-0.36699381332779735,0.24691978524305827,1.28456875225951,-1.1251599217047006,1.0,0.0,0.0,0.0,1.0,8.0,0.0,1.0,1.0
-0.36699381332779735,-0.37388253618637984,0.34929552391166857,0.6950759844428589,1.0,0.0,1.0,0.0,0.0,2.0,1.0,1.0,2.0
0.6009791733321904,1.2815903209587884,-1.2170740485175422,0.5308732904208101,0.0,1.0,1.0,0.0,0.0,8.0,1.0,0.0,1.0
0.31058727733419406,-0.5394298219008967,-1.2170740485175422,0.24370479387438,0.0,1.0,0.0,0.0,1.0,6.0,1.0,0.0,2.0
-1.334966799987785,-1.5120201254736831,0.6198226364018331,0.46740765896284125,1.0,0.0,0.0,1.0,0.0,5.0,1.0,1.0,2.0
-0.07660191732980101,1.643725008459294,1.2451055386122616,-0.1147576219235278,1.0,0.0,1.0,0.0,0.0,9.0,1.0,1.0,1.0
-1.0445749039897887,1.5299112495305638,1.0696843996744283,-0.9535497351465206,1.0,0.0,0.0,0.0,1.0,3.0,1.0,0.0,1.0
-0.36699381332779735,0.6607879995293504,-0.5713344667714311,1.7395209510588803,1.0,0.0,0.0,0.0,1.0,4.0,1.0,1.0,2.0
-0.8509803066577912,1.095349624529957,1.1202062381039917,1.7131439248221503,0.0,1.0,0.0,0.0,1.0,3.0,0.0,1.0,1.0
-1.0445749039897887,-0.3221490094005933,-0.06122535812336146,1.5716683495997537,0.0,1.0,1.0,0.0,0.0,9.0,0.0,1.0,1.0
0.9881683679961855,-2.2155960897603797,0.5774715098242819,1.1582155258803313,0.0,1.0,1.0,0.0,0.0,9.0,0.0,1.0,2.0
0.6977764719981892,-0.1772951344003911,0.7705038539432593,-0.872093932244685,1.0,0.0,0.0,1.0,0.0,5.0,1.0,1.0,1.0
-0.7541830079917924,0.11241261560001335,-1.2170740485175422,-1.2546907564793603,0.0,1.0,1.0,0.0,0.0,3.0,0.0,1.0,2.0
-0.36699381332779735,0.07102579417138415,-0.06240174258336446,-0.5517266207830166,0.0,1.0,0.0,0.0,1.0,9.0,1.0,1.0,1.0
-1.1413722026557875,-0.45665617904363826,-1.2170740485175422,-0.6325467949661844,1.0,0.0,1.0,0.0,0.0,2.0,1.0,0.0,2.0
0.40738457600019284,0.9401490441725975,0.3433102379593199,-0.6773544447309807,1.0,0.0,0.0,1.0,0.0,6.0,0.0,1.0,1.0
-0.7541830079917924,-2.3914900808320536,0.5251219190976111,-1.5647888545371356,1.0,0.0,0.0,1.0,0.0,1.0,1.0,1.0,2.0
-1.818953293317779,-0.5187364111865821,0.7512819119092549,-0.22730234901024615,1.0,0.0,0.0,0.0,1.0,9.0,1.0,0.0,2.0
-0.7541830079917924,-1.4913267147593685,0.5767542335929984,0.8728761579537123,0.0,1.0,0.0,1.0,0.0,9.0,1.0,0.0,1.0
-0.94777760532379,1.2815903209587884,-1.2170740485175422,-0.5516916559848634,0.0,1.0,0.0,0.0,1.0,10.0,1.0,1.0,2.0
-0.1733992159957998,-1.7603410540454583,-1.2170740485175422,-0.9679305304864915,1.0,0.0,0.0,0.0,1.0,8.0,1.0,0.0,2.0
0.6977764719981892,-0.20833525047186302,1.3668023341721602,-0.11055958474027489,0.0,1.0,0.0,0.0,1.0,9.0,0.0,1.0,1.0
-0.6573857093257937,0.46420059774336164,0.14002190469738218,-0.827047617290504,0.0,1.0,0.0,1.0,0.0,4.0,0.0,1.0,1.0
1.3753575626601806,-1.098151911187391,0.6222773222045447,1.4044992142697028,0.0,1.0,0.0,1.0,0.0,5.0,1.0,0.0,1.0
-0.27019651466179856,0.54697424060062,0.6214552355512986,-0.5748875814065206,0.0,1.0,1.0,0.0,0.0,3.0,0.0,1.0,1.0
-1.1413722026557875,-0.9015645094014022,-1.2170740485175422,-1.6010560479331017,1.0,0.0,1.0,0.0,0.0,6.0,0.0,0.0,1.0
0.11699268000219652,-0.38422924154353716,0.6050278094304795,-0.38391141948111834,1.0,0.0,0.0,0.0,1.0,3.0,1.0,1.0,1.0
-0.27019651466179856,-0.5394298219008967,0.8559894524760048,-1.0357297094648348,0.0,1.0,0.0,1.0,0.0,3.0,1.0,1.0,2.0
-1.6253586959857813,0.888415517386811,0.5760081827213294,0.11253374476246886,1.0,0.0,0.0,1.0,0.0,10.0,0.0,0.0,2.0
-0.8509803066577912,-0.49804300047226746,-1.2170740485175422,-0.9101672923034659,0.0,1.0,1.0,0.0,0.0,8.0,1.0,1.0,2.0
-0.5605884106597949,0.08137249952854145,0.6381604414407547,-1.7103088653668186,1.0,0.0,0.0,0.0,1.0,8.0,0.0,1.0,1.0
0.11699268000219652,0.5780143566720919,-1.2170740485175422,-1.491975619131076,0.0,1.0,1.0,0.0,0.0,1.0,1.0,0.0,2.0
0.40738457600019284,0.6090544727435638,0.8451264630978746,-1.1630892476695962,0.0,1.0,1.0,0.0,0.0,9.0,1.0,0.0,1.0
0.11699268000219652,-0.891217804044245,-1.2170740485175422,0.5235576457126638,1.0,0.0,1.0,0.0,0.0,2.0,1.0,1.0,2.0
1.0849656666621843,-0.18764183975754842,0.20241030837058482,1.6713255043681328,0.0,1.0,0.0,1.0,0.0,7.0,1.0,1.0,1.0
0.020195381336197752,0.6194011781007212,1.233798551710419,-0.16617361853929968,1.0,0.0,1.0,0.0,0.0,3.0,1.0,0.0,1.0
2.2465332506541693,-0.2807621879719641,0.7949584402185254,0.8967828603169339,1.0,0.0,1.0,0.0,0.0,7.0,1.0,1.0,2.0
-0.94777760532379,0.18483955310011446,1.1300910504611983,-0.8629787311340709,1.0,0.0,1.0,0.0,0.0,7.0,0.0,0.0,1.0
1.568952159992178,0.2779599013145302,-1.2170740485175422,1.6862325112225995,1.0,0.0,1.0,0.0,0.0,5.0,0.0,1.0,1.0
0.8913710693301867,-0.9739914469015034,-1.2170740485175422,1.4827125105169232,0.0,1.0,0.0,0.0,1.0,10.0,1.0,1.0,2.0
0.11699268000219652,-1.9155416344028178,0.2552882915159534,0.7193265942983643,0.0,1.0,1.0,0.0,0.0,4.0,1.0,0.0,1.0
0.6977764719981892,0.9711891602440694,-1.2170740485175422,-0.5581973698462345,1.0,0.0,1.0,0.0,0.0,7.0,1.0,1.0,2.0
0.6977764719981892,0.019292267385597632,0.7048163332609505,-0.3758900425037777,0.0,1.0,1.0,0.0,0.0,0.0,1.0,0.0,1.0
-0.1733992159957998,0.7125215263151369,1.2952058848234418,-0.9371465480486872,1.0,0.0,0.0,1.0,0.0,8.0,1.0,0.0,1.0
-0.4637911119937961,1.0332693923870133,0.5273001111491332,-1.2657060595314105,0.0,1.0,0.0,1.0,0.0,9.0,1.0,1.0,2.0
1.181762965328183,0.7746017584580807,0.5109292697959995,0.7145903427594582,1.0,0.0,0.0,1.0,0.0,8.0,1.0,0.0,2.0
-0.36699381332779735,-0.0014011433287169732,0.18005209128675054,1.291358693980621,0.0,1.0,1.0,0.0,0.0,2.0,1.0,0.0,1.0
-0.5605884106597949,1.4781777227447772,-1.2170740485175422,-0.1481858824545085,0.0,1.0,0.0,0.0,1.0,8.0,0.0,0.0,2.0
0.40738457600019284,1.6333783031021367,-1.2170740485175422,0.5749078876334012,0.0,1.0,1.0,0.0,0.0,2.0,1.0,1.0,2.0
2.6337224453181647,-1.2947393129733797,0.9055716944080664,1.0177574088887738,0.0,1.0,0.0,0.0,1.0,7.0,1.0,1.0,2.0
0.5041818746661916,0.6711347048865076,0.5436169397694766,-1.2614648817016796,1.0,0.0,1.0,0.0,0.0,3.0,1.0,0.0,1.0
1.0849656666621843,0.3503868388146313,0.2978344104889654,-0.8557611966058172,1.0,0.0,1.0,0.0,0.0,6.0,1.0,1.0,2.0
-0.5605884106597949,-0.8084441611869866,0.23169919498278282,0.6543813082478975,1.0,0.0,1.0,0.0,0.0,0.0,1.0,0.0,1.0
-0.36699381332779735,-1.3982063665449527,0.8510604691045085,0.4818456852410828,0.0,1.0,1.0,0.0,0.0,5.0,1.0,0.0,1.0
0.5041818746661916,-0.1979885451147057,0.933691912664946,-1.1350782694475228,1.0,0.0,1.0,0.0,0.0,3.0,1.0,1.0,1.0
-0.5605884106597949,0.3193467227431594,-0.01201943704684322,-1.1670263535233467,1.0,0.0,1.0,0.0,0.0,8.0,1.0,1.0,1.0
-0.27019651466179856,0.13310602631432794,0.4467467110315025,0.8059843241851583,1.0,0.0,1.0,0.0,0.0,0.0,1.0,1.0,1.0
-0.27019651466179856,-2.0707422147601773,-1.2170740485175422,1.3965693372119081,1.0,0.0,1.0,0.0,0.0,2.0,1.0,1.0,2.0
0.6977764719981892,-1.274045902259065,0.9620127496436185,0.5790473022446258,1.0,0.0,0.0,1.0,0.0,9.0,1.0,0.0,1.0
-0.4637911119937961,1.6023381870306648,-1.2170740485175422,0.01654824170862646,0.0,1.0,1.0,0.0,0.0,6.0,0.0,0.0,2.0
0.31058727733419406,-1.8638081076170314,1.4345582531664198,1.5772964644228984,0.0,1.0,1.0,0.0,0.0,3.0,1.0,0.0,1.0
0.11699268000219652,-1.4499398933307392,-1.2170740485175422,1.4657389275327977,1.0,0.0,0.0,0.0,1.0,1.0,1.0,1.0,1.0
-0.8509803066577912,0.42281377631473244,-1.2170740485175422,-1.4095919444215301,1.0,0.0,1.0,0.0,0.0,7.0,1.0,1.0,2.0
0.40738457600019284,-0.40492265225785173,1.0253602008282146,-0.39540596640835424,1.0,0.0,1.0,0.0,0.0,4.0,1.0,1.0,2.0
-1.2381695013217864,-1.098151911187391,-1.2170740485175422,1.7357129192361236,1.0,0.0,1.0,0.0,0.0,1.0,1.0,1.0,2.0
0.6009791733321904,-0.9636447415443461,1.2536472664978466,-0.17338523862408475,1.0,0.0,1.0,0.0,0.0,1.0,0.0,0.0,2.0
-0.5605884106597949,-0.653243580829627,1.1972021924577714,-0.5957528681930633,0.0,1.0,0.0,1.0,0.0,9.0,1.0,1.0,2.0
-0.6573857093257937,-0.9636447415443461,0.5228418101633832,0.7640867545611914,0.0,1.0,0.0,1.0,0.0,4.0,1.0,1.0,1.0
-0.1733992159957998,1.6954585352450806,1.4532675564954574,-0.5679673346396799,0.0,1.0,1.0,0.0,0.0,1.0,1.0,0.0,1.0
0.2137899786681953,-0.06348137547166079,0.2927956333778982,0.4196375688370953,0.0,1.0,0.0,1.0,0.0,2.0,1.0,0.0,1.0
-1.0445749039897887,-0.6739369915439416,-1.2170740485175422,1.2286161902138126,1.0,0.0,1.0,0.0,0.0,5.0,1.0,0.0,3.0
-0.7541830079917924,2.057593222745586,-1.2170740485175422,0.9122087726086713,0.0,1.0,1.0,0.0,0.0,4.0,0.0,0.0,2.0
-0.6573857093257937,0.784948463815238,-0.26426661528321876,-0.9365566692897922,0.0,1.0,1.0,0.0,0.0,1.0,1.0,1.0,1.0
-0.07660191732980101,0.2779599013145302,-1.2170740485175422,-0.5792169540256228,0.0,1.0,1.0,0.0,0.0,3.0,1.0,0.0,2.0
-0.07660191732980101,-0.30145559868627875,0.3685973597795923,0.18437927284451452,1.0,0.0,1.0,0.0,0.0,4.0,1.0,1.0,1.0
0.40738457600019284,0.6400945888150358,0.1717305938890313,0.5243404397011707,0.0,1.0,1.0,0.0,0.0,5.0,1.0,1.0,1.0
-0.4637911119937961,0.3296934281003167,0.6252994632059186,-1.296296430922724,0.0,1.0,0.0,0.0,1.0,9.0,0.0,1.0,2.0
0.020195381336197752,0.22622637452874367,1.0038780831304168,0.18456227268360528,0.0,1.0,0.0,0.0,1.0,8.0,1.0,1.0,1.0
-0.36699381332779735,-1.749994348688301,1.1590529671373964,0.15953391351196317,1.0,0.0,1.0,0.0,0.0,5.0,0.0,0.0,2.0
-0.36699381332779735,0.7228682316722942,-1.2170740485175422,-0.4916717097100821,0.0,1.0,1.0,0.0,0.0,10.0,1.0,0.0,2.0
-0.36699381332779735,2.0368998120312716,0.7127034782658127,-0.2635065709786921,0.0,1.0,0.0,0.0,1.0,5.0,1.0,0.0,2.0
-1.5285613973197827,1.2608969102444738,-1.2170740485175422,-0.7497235750142277,1.0,0.0,0.0,0.0,1.0,8.0,1.0,0.0,2.0
0.31058727733419406,-0.44630947368648094,1.4119968453258973,-1.0609788165412362,0.0,1.0,1.0,0.0,0.0,10.0,1.0,0.0,1.0
-0.8509803066577912,0.9504957495297548,0.03035049753587584,0.7749383666925337,0.0,1.0,1.0,0.0,0.0,7.0,0.0,0.0,1.0
0.6009791733321904,1.5092178388162492,-1.2170740485175422,0.4392575173650334,0.0,1.0,1.0,0.0,0.0,8.0,0.0,0.0,1.0
1.8593440559901744,-0.30145559868627875,0.662476620088245,0.3575962745297696,1.0,0.0,0.0,1.0,0.0,7.0,1.0,0.0,1.0
-0.36699381332779735,-0.7670573397583573,0.5524907816608511,0.1728342791935747,0.0,1.0,0.0,0.0,1.0,5.0,1.0,1.0,1.0
-0.8509803066577912,1.881699231673912,-1.2170740485175422,0.7306412725624634,0.0,1.0,1.0,0.0,0.0,1.0,1.0,0.0,2.0
-1.1413722026557875,0.7746017584580807,0.7734570322590169,-0.36335751074778166,1.0,0.0,0.0,0.0,1.0,7.0,0.0,1.0,1.0
0.40738457600019284,1.4160974906018333,-1.2170740485175422,0.28272463884237564,1.0,0.0,1.0,0.0,0.0,10.0,1.0,1.0,2.0
-1.4317640986537838,-0.1359083129717619,-1.2170740485175422,1.091361962040104,0.0,1.0,1.0,0.0,0.0,1.0,0.0,1.0,2.0
0.7945737706641879,0.4331604816718897,0.5126943287425466,-0.3428537008297095,0.0,1.0,0.0,0.0,1.0,8.0,1.0,1.0,1.0
-0.8509803066577912,-0.7256705183297281,-1.2170740485175422,1.7326777660113524,0.0,1.0,1.0,0.0,0.0,1.0,1.0,0.0,2.0
-0.94777760532379,0.8987622227439683,1.0190882937372783,0.7308401022355441,1.0,0.0,0.0,1.0,0.0,9.0,1.0,0.0,1.0
-0.8509803066577912,0.4124670709575751,0.6625672843182863,-1.3683291337451324,0.0,1.0,0.0,1.0,0.0,7.0,1.0,0.0,1.0
0.6009791733321904,-0.06348137547166079,0.15455888517053332,-1.3446652714725675,1.0,0.0,1.0,0.0,0.0,8.0,0.0,0.0,1.0
3.8920873279761485,0.6297478834578785,0.5203123745965417,1.2917881869489818,1.0,0.0,0.0,0.0,1.0,5.0,1.0,1.0,1.0
0.6009791733321904,-0.1566017236860765,1.03119357596959,0.1486238527628123,1.0,0.0,1.0,0.0,0.0,7.0,1.0,1.0,1.0
0.2137899786681953,-0.34284242011490795,-0.6109934765750454,1.6685130125445373,0.0,1.0,0.0,1.0,0.0,8.0,1.0,1.0,1.0
0.31058727733419406,-1.5741003576166268,1.1490025800338382,-1.478432587313027,1.0,0.0,0.0,0.0,1.0,0.0,1.0,1.0,1.0
-1.2381695013217864,1.1367364459585863,-1.2170740485175422,1.7317229312995939,1.0,0.0,1.0,0.0,0.0,1.0,1.0,1.0,2.0
0.2137899786681953,-0.8498309826156157,-1.2170740485175422,0.5986439409071282,0.0,1.0,0.0,0.0,1.0,2.0,1.0,0.0,2.0
0.11699268000219652,-0.8291375719013011,-1.2170740485175422,-0.4698399332790629,0.0,1.0,1.0,0.0,0.0,5.0,0.0,0.0,2.0
-2.0125478906497762,0.784948463815238,0.9297820981205089,-0.9205184381448227,0.0,1.0,1.0,0.0,0.0,4.0,1.0,1.0,1.0
0.6977764719981892,0.6504412941721931,-1.2170740485175422,0.909938843996221,0.0,1.0,1.0,0.0,0.0,1.0,1.0,0.0,1.0
-1.1413722026557875,0.9091089281011256,-1.2170740485175422,-0.7355882290782088,1.0,0.0,1.0,0.0,0.0,6.0,1.0,1.0,1.0
-1.5285613973197827,0.21587966917158638,0.5631206803766409,-0.33190797946552686,1.0,0.0,0.0,1.0,0.0,10.0,1.0,0.0,1.0
-0.27019651466179856,0.16414614238579986,-1.2170740485175422,-1.0401836333052197,0.0,1.0,1.0,0.0,0.0,9.0,1.0,1.0,2.0
-0.94777760532379,1.0332693923870133,1.1578405741888667,-0.08536666487682651,0.0,1.0,1.0,0.0,0.0,10.0,0.0,1.0,1.0
0.11699268000219652,0.9298023388154402,0.46735530137815845,0.6141465670097395,0.0,1.0,0.0,0.0,1.0,4.0,1.0,0.0,1.0
-1.0445749039897887,1.4781777227447772,-1.2170740485175422,-0.2289013361974363,1.0,0.0,0.0,0.0,1.0,5.0,0.0,1.0,2.0
-0.5605884106597949,-0.24972207190049223,-1.2170740485175422,0.06747908000574374,0.0,1.0,1.0,0.0,0.0,5.0,1.0,1.0,2.0
-1.4317640986537838,-1.708607527259672,-1.2170740485175422,-0.01836837112583564,0.0,1.0,0.0,0.0,1.0,1.0,1.0,0.0,1.0
0.31058727733419406,0.5780143566720919,-0.945505904903713,-0.38889433810351415,0.0,1.0,1.0,0.0,0.0,2.0,1.0,1.0,1.0
-0.5605884106597949,-0.08417478618597539,-1.2170740485175422,0.9242770205523732,0.0,1.0,1.0,0.0,0.0,4.0,1.0,1.0,2.0
-0.07660191732980101,2.057593222745586,-1.2170740485175422,1.3829720316773229,1.0,0.0,0.0,0.0,1.0,3.0,0.0,1.0,2.0
0.11699268000219652,-0.41526935761500905,-1.2170740485175422,0.04677400505551532,0.0,1.0,1.0,0.0,0.0,1.0,1.0,1.0,2.0
2.052938653322172,1.2195100888158448,1.1756641330010122,1.6173041954043903,0.0,1.0,0.0,1.0,0.0,9.0,1.0,0.0,1.0
-0.4637911119937961,0.753908347743766,1.2663179141504683,-0.37048859002886025,0.0,1.0,1.0,0.0,0.0,2.0,0.0,0.0,2.0
-0.36699381332779735,0.2883066066716875,0.5551404598590238,1.3643646706620733,0.0,1.0,0.0,1.0,0.0,1.0,1.0,1.0,1.0
0.6977764719981892,1.436790901316148,1.7144755435530872,0.6855151126214549,0.0,1.0,0.0,0.0,1.0,8.0,0.0,0.0,1.0
-0.5605884106597949,0.54697424060062,-1.2170740485175422,-0.46689227902678493,0.0,1.0,0.0,0.0,1.0,3.0,1.0,0.0,2.0
-0.7541830079917924,0.29865331202884476,-1.2170740485175422,-1.6823198053764234,0.0,1.0,1.0,0.0,0.0,1.0,1.0,1.0,2.0
3.4081008346461545,0.008945562028440329,-1.2170740485175422,-1.720781953116163,1.0,0.0,1.0,0.0,0.0,5.0,1.0,1.0,2.0
-1.0445749039897887,-0.44630947368648094,-1.2170740485175422,0.43842253711062595,1.0,0.0,1.0,0.0,0.0,9.0,1.0,1.0,2.0
0.40738457600019284,-0.9843381522586606,-1.2170740485175422,0.44003248341365525,1.0,0.0,1.0,0.0,0.0,6.0,0.0,0.0,3.0
-0.7541830079917924,-0.2393753665433349,0.20432583135847696,-0.4785171176645524,0.0,1.0,1.0,0.0,0.0,0.0,0.0,0.0,1.0
0.11699268000219652,-0.042787964757346184,-1.2170740485175422,-0.1304914331840779,1.0,0.0,1.0,0.0,0.0,9.0,0.0,1.0,2.0
-0.94777760532379,0.3710802495289459,0.051890003762263576,0.3874981351196363,1.0,0.0,0.0,1.0,0.0,4.0,1.0,0.0,1.0
0.020195381336197752,2.057593222745586,0.9243721442236877,-1.3757832460121349,0.0,1.0,0.0,0.0,1.0,6.0,0.0,1.0,1.0
-0.8509803066577912,-0.9843381522586606,-1.2170740485175422,1.5097399515809924,1.0,0.0,1.0,0.0,0.0,7.0,1.0,1.0,2.0
1.665749458658177,-0.6842836969010989,0.848154230425581,1.5067604637065153,1.0,0.0,0.0,0.0,1.0,1.0,1.0,0.0,1.0
-1.1413722026557875,-0.7256705183297281,0.4267473714505489,1.649484508363471,1.0,0.0,1.0,0.0,0.0,5.0,1.0,0.0,2.0
0.5041818746661916,0.4331604816718897,0.785923524641865,-0.9195317698108647,0.0,1.0,0.0,1.0,0.0,5.0,1.0,1.0,2.0
2.7305197439841633,-1.2636991969019078,0.4403060141505957,0.9418460488304226,0.0,1.0,1.0,0.0,0.0,8.0,1.0,1.0,2.0
1.0849656666621843,0.008945562028440329,0.7993633714802088,-1.4385622801650735,0.0,1.0,0.0,1.0,0.0,8.0,1.0,1.0,1.0
-0.5605884106597949,0.5573209459577774,0.6599600446958775,1.5795126411814717,1.0,0.0,0.0,1.0,0.0,5.0,0.0,0.0,1.0
-1.9157505919837776,0.09171920488569875,0.8349217539006292,-1.0348543718314644,0.0,1.0,1.0,0.0,0.0,5.0,1.0,1.0,1.0
0.6009791733321904,-1.3257794290448517,-1.2170740485175422,0.3752107048591527,0.0,1.0,1.0,0.0,0.0,5.0,1.0,1.0,2.0
-0.6573857093257937,-1.274045902259065,0.1592163581084487,0.9799491550607669,1.0,0.0,1.0,0.0,0.0,4.0,1.0,0.0,2.0
2.440127847986167,0.10206591024285605,0.8526368049906506,1.55757718803553,1.0,0.0,0.0,1.0,0.0,8.0,1.0,0.0,2.0
0.40738457600019284,0.34004013345747397,-1.2170740485175422,0.5433512005518304,1.0,0.0,1.0,0.0,0.0,7.0,1.0,0.0,2.0
0.6977764719981892,-1.1912722594018068,-0.1603951468094554,-0.6743189435977704,0.0,1.0,1.0,0.0,0.0,1.0,1.0,0.0,1.0
-0.27019651466179856,-0.6118567594009978,0.8160780617483393,1.3891893294424844,0.0,1.0,1.0,0.0,0.0,1.0,0.0,0.0,1.0
-0.36699381332779735,-1.9672751611886043,-1.2170740485175422,-0.7940952955045355,1.0,0.0,1.0,0.0,0.0,5.0,1.0,1.0,1.0
0.020195381336197752,0.753908347743766,-1.2170740485175422,-0.07472866852723697,0.0,1.0,0.0,0.0,1.0,3.0,0.0,1.0,2.0
-0.8509803066577912,-1.8741548129741887,0.4087857265149897,-0.8515414151451057,0.0,1.0,1.0,0.0,0.0,3.0,1.0,1.0,1.0
-0.6573857093257937,-0.4773495897579529,-1.2170740485175422,-1.0041230975222197,1.0,0.0,1.0,0.0,0.0,5.0,1.0,1.0,2.0
-0.1733992159957998,-1.2947393129733797,-0.35587349611337454,-0.644112837077704,1.0,0.0,1.0,0.0,0.0,5.0,1.0,0.0,1.0
0.5041818746661916,-0.8084441611869866,-1.2170740485175422,0.12638606718308754,0.0,1.0,0.0,0.0,1.0,9.0,1.0,0.0,2.0
1.665749458658177,0.039985678099912235,-1.2170740485175422,-1.0102563753992815,1.0,0.0,0.0,0.0,1.0,5.0,1.0,1.0,2.0
0.31058727733419406,0.6504412941721931,1.6385291401885613,-0.9166020328432126,0.0,1.0,0.0,1.0,0.0,2.0,0.0,1.0,1.0
-0.7541830079917924,-0.22902866118617762,-1.2170740485175422,-0.10397141657878087,0.0,1.0,1.0,0.0,0.0,6.0,1.0,0.0,2.0
-0.1733992159957998,0.2676131959573729,-1.2170740485175422,-1.0716700428820443,1.0,0.0,1.0,0.0,0.0,3.0,1.0,1.0,2.0
-1.6253586959857813,-0.3221490094005933,-1.2170740485175422,-1.1701768383957576,0.0,1.0,1.0,0.0,0.0,0.0,1.0,0.0,1.0
0.6977764719981892,-0.1152149022574473,-1.2170740485175422,0.9811259553568221,1.0,0.0,0.0,0.0,1.0,3.0,1.0,1.0,1.0
0.8913710693301867,-0.8705243933299304,-1.2170740485175422,-0.7740308939453453,1.0,0.0,1.0,0.0,0.0,3.0,1.0,0.0,1.0
0.6977764719981892,-1.4188997772592673,0.49512716965897535,-0.779077827720579,1.0,0.0,1.0,0.0,0.0,3.0,1.0,0.0,1.0
-0.5605884106597949,1.6230315977449794,0.4469822129765562,0.2443901734998729,1.0,0.0,1.0,0.0,0.0,2.0,1.0,0.0,1.0
1.2785602639941818,0.3193467227431594,0.5941284900594607,-1.370298643420216,1.0,0.0,1.0,0.0,0.0,5.0,1.0,0.0,1.0
-0.4637911119937961,-1.8120745808312448,-1.2170740485175422,-1.2802632444501247,1.0,0.0,1.0,0.0,0.0,10.0,1.0,0.0,2.0
-0.7541830079917924,-0.8498309826156157,0.6381181636171716,0.7944407221679758,0.0,1.0,0.0,0.0,1.0,1.0,0.0,0.0,1.0
1.0849656666621843,-1.7396476433311436,-1.2170740485175422,0.19415984884535958,1.0,0.0,1.0,0.0,0.0,9.0,1.0,1.0,2.0
-0.07660191732980101,1.9955129906026423,0.5753394536486851,0.33877042701461707,0.0,1.0,1.0,0.0,0.0,7.0,1.0,1.0,1.0
-0.1733992159957998,-1.2843926076162224,0.2895392764489177,0.6825100534766866,0.0,1.0,0.0,0.0,1.0,5.0,1.0,1.0,2.0
-0.07660191732980101,-0.16694842904323381,-1.2170740485175422,-0.16097099573746287,1.0,0.0,0.0,0.0,1.0,1.0,1.0,0.0,2.0
-0.6573857093257937,1.1884699727443728,1.7683235053581519,0.04599016734169042,0.0,1.0,1.0,0.0,0.0,6.0,1.0,1.0,1.0
-0.1733992159957998,1.022922687029856,-1.2170740485175422,-1.443619825147707,0.0,1.0,1.0,0.0,0.0,3.0,1.0,0.0,2.0
-0.07660191732980101,0.3607335441717886,0.28708185785913043,-1.560740765891237,1.0,0.0,0.0,1.0,0.0,2.0,0.0,0.0,3.0
0.11699268000219652,-0.07382808082881809,0.2808660532793366,-0.4518669833029434,0.0,1.0,1.0,0.0,0.0,8.0,1.0,0.0,1.0
-0.07660191732980101,-1.6775674111882,0.6683869955242829,-0.2544395551869259,1.0,0.0,1.0,0.0,0.0,5.0,0.0,0.0,1.0
-0.94777760532379,-1.2119656701161212,1.5937083778554726,-0.35974395974261403,0.0,1.0,1.0,0.0,0.0,7.0,1.0,1.0,1.0
0.020195381336197752,-0.5704699379723686,-1.2170740485175422,-0.8853417637519568,0.0,1.0,1.0,0.0,0.0,9.0,1.0,0.0,1.0
0.6009791733321904,1.2402034995301592,1.0306523233764182,1.2372716303218438,0.0,1.0,0.0,0.0,1.0,0.0,0.0,0.0,1.0
1.568952159992178,1.5816447763163501,-1.2170740485175422,0.32866751384472687,0.0,1.0,1.0,0.0,0.0,7.0,1.0,1.0,2.0
1.2785602639941818,-0.2807621879719641,0.9325592527981541,-1.652549454176626,1.0,0.0,0.0,1.0,0.0,0.0,0.0,0.0,1.0
-0.5605884106597949,-1.4913267147593685,-1.2170740485175422,-0.25132351325000946,0.0,1.0,1.0,0.0,0.0,7.0,1.0,1.0,2.0
-0.27019651466179856,0.4538538923862043,1.379604155604416,0.018825650352522625,0.0,1.0,1.0,0.0,0.0,4.0,1.0,0.0,1.0
2.3433305493201684,1.46783101738762,-1.2170740485175422,-1.2645069930952373,0.0,1.0,0.0,0.0,1.0,0.0,0.0,1.0,2.0
0.6009791733321904,0.050332383457069536,0.838374067738156,-0.22181113615797957,0.0,1.0,1.0,0.0,0.0,5.0,1.0,0.0,1.0
-0.6573857093257937,0.17449284774295717,0.9441753661439138,0.1980064985048825,0.0,1.0,0.0,0.0,1.0,1.0,0.0,1.0,1.0
0.8913710693301867,1.3436705531017323,0.11386045176506343,0.4324847837764711,1.0,0.0,0.0,1.0,0.0,9.0,1.0,0.0,1.0
-0.5605884106597949,0.2883066066716875,-1.2170740485175422,-0.5262151907433558,1.0,0.0,1.0,0.0,0.0,1.0,0.0,0.0,2.0
0.020195381336197752,0.3917736602432605,-1.2170740485175422,-1.4775949977453247,0.0,1.0,1.0,0.0,0.0,7.0,0.0,0.0,2.0
-0.5605884106597949,1.2608969102444738,-1.2170740485175422,-1.7176305984726536,0.0,1.0,1.0,0.0,0.0,9.0,1.0,1.0,2.0
0.020195381336197752,-0.5394298219008967,1.820770672658644,1.3269819088553751,0.0,1.0,0.0,1.0,0.0,2.0,0.0,1.0,2.0
-0.7541830079917924,2.057593222745586,-1.2170740485175422,1.370915960528998,0.0,1.0,1.0,0.0,0.0,8.0,1.0,0.0,2.0
-0.94777760532379,0.753908347743766,-1.2170740485175422,-0.6110869326568158,1.0,0.0,1.0,0.0,0.0,6.0,0.0,1.0,2.0
-0.07660191732980101,-0.1566017236860765,-1.2170740485175422,-0.9540225427155788,1.0,0.0,1.0,0.0,0.0,1.0,1.0,0.0,1.0
0.40738457600019284,0.7952951691723953,-1.2170740485175422,0.3519003175609537,1.0,0.0,0.0,0.0,1.0,5.0,1.0,1.0,1.0
0.020195381336197752,-0.1462550183289192,0.9987950991695952,0.30901416610661253,1.0,0.0,0.0,1.0,0.0,9.0,1.0,1.0,1.0
0.9881683679961855,-0.787750750472672,0.7313251716562461,1.1867476709445306,0.0,1.0,0.0,1.0,0.0,7.0,1.0,1.0,4.0
-1.1413722026557875,1.3229771423874177,-1.2170740485175422,1.5788837966773708,0.0,1.0,1.0,0.0,0.0,1.0,1.0,1.0,2.0
0.2137899786681953,2.057593222745586,0.9758560844560821,-0.7308587617538694,0.0,1.0,1.0,0.0,0.0,3.0,0.0,1.0,1.0
0.40738457600019284,0.6918281156008222,0.9147527337171871,-1.1630508037870495,0.0,1.0,0.0,1.0,0.0,5.0,1.0,0.0,2.0
0.8913710693301867,-0.8187908665441438,1.2396692213577685,-1.0688947772614577,1.0,0.0,0.0,1.0,0.0,3.0,1.0,0.0,1.0
0.020195381336197752,-0.6842836969010989,1.445149410606607,0.5565372783111203,1.0,0.0,0.0,1.0,0.0,7.0,0.0,0.0,2.0
0.9881683679961855,-0.34284242011490795,-0.5049188994617168,-0.17620503652490627,1.0,0.0,1.0,0.0,0.0,9.0,1.0,1.0,3.0
0.2137899786681953,0.5573209459577774,-0.05559710276484544,0.7420185743456431,0.0,1.0,0.0,1.0,0.0,4.0,1.0,1.0,2.0
-0.36699381332779735,-0.35318912547206527,-1.2170740485175422,-1.509790270767297,1.0,0.0,1.0,0.0,0.0,5.0,0.0,1.0,2.0
2.827317042650162,0.7435616423866088,0.5569387945070221,0.7326751452988243,1.0,0.0,0.0,1.0,0.0,3.0,0.0,0.0,1.0
0.40738457600019284,-0.18764183975754842,-1.2170740485175422,-0.8977570503638966,0.0,1.0,1.0,0.0,0.0,5.0,1.0,1.0,2.0
1.3753575626601806,-1.3878596611877954,0.5379038072594325,-0.7859702418122728,0.0,1.0,0.0,1.0,0.0,0.0,1.0,0.0,1.0
0.11699268000219652,-1.6775674111882,2.3441140261056552,1.252616305992996,0.0,1.0,0.0,0.0,1.0,3.0,1.0,0.0,1.0
-0.8509803066577912,1.1884699727443728,0.8371182717007767,-1.2347164632059582,0.0,1.0,0.0,1.0,0.0,4.0,1.0,1.0,2.0
2.7305197439841633,-0.3221490094005933,-1.2170740485175422,-0.9806140545051595,1.0,0.0,1.0,0.0,0.0,3.0,1.0,1.0,2.0
0.5041818746661916,0.14345273167148526,-1.2170740485175422,-0.5794434424196309,1.0,0.0,1.0,0.0,0.0,7.0,1.0,1.0,2.0
-0.94777760532379,-0.20833525047186302,-1.2170740485175422,0.4526032850979783,0.0,1.0,1.0,0.0,0.0,7.0,0.0,1.0,2.0
-0.07660191732980101,1.5299112495305638,-1.2170740485175422,-0.7055818220023214,0.0,1.0,0.0,0.0,1.0,2.0,1.0,1.0,2.0
0.7945737706641879,-0.9843381522586606,1.0320783559733961,-0.8605117123907363,1.0,0.0,1.0,0.0,0.0,2.0,1.0,1.0,1.0
-1.0445749039897887,-0.3221490094005933,-1.2170740485175422,1.74042290368786,0.0,1.0,1.0,0.0,0.0,8.0,1.0,1.0,2.0
-1.818953293317779,0.7332149370294515,-1.2170740485175422,1.6634822565117324,0.0,1.0,1.0,0.0,0.0,6.0,1.0,0.0,2.0
-1.2381695013217864,0.7642550531009233,0.3692951849969838,0.5890416679814431,0.0,1.0,1.0,0.0,0.0,6.0,0.0,0.0,1.0
-0.5605884106597949,0.11241261560001335,0.44625320183606537,1.093203267455292,0.0,1.0,0.0,1.0,0.0,0.0,1.0,1.0,1.0
-1.4317640986537838,-0.9119112147585595,-1.2170740485175422,-1.4531984402995173,0.0,1.0,0.0,0.0,1.0,7.0,0.0,0.0,2.0
-0.27019651466179856,0.54697424060062,0.8308659763759131,0.895456285437744,0.0,1.0,0.0,0.0,1.0,8.0,1.0,0.0,1.0
-0.1733992159957998,-0.07382808082881809,-1.2170740485175422,-0.059419827425336184,0.0,1.0,0.0,0.0,1.0,9.0,1.0,1.0,2.0
-0.07660191732980101,0.019292267385597632,0.42474230949788216,1.1596182927077354,1.0,0.0,1.0,0.0,0.0,8.0,1.0,1.0,1.0
-0.7541830079917924,-1.2636991969019078,1.2313512605080297,-1.5099998856019974,1.0,0.0,1.0,0.0,0.0,6.0,1.0,0.0,1.0
0.11699268000219652,-0.41526935761500905,0.8064629915507234,-0.11577107920731496,1.0,0.0,1.0,0.0,0.0,2.0,1.0,0.0,1.0
-0.5605884106597949,2.057593222745586,0.6798701668164182,1.463392111155254,1.0,0.0,1.0,0.0,0.0,7.0,1.0,0.0,1.0
0.9881683679961855,-1.02572497368729,-1.2170740485175422,1.5732083663064762,0.0,1.0,1.0,0.0,0.0,4.0,1.0,1.0,1.0
0.11699268000219652,-1.5534069469023122,0.8057060095307518,0.01000477978158705,0.0,1.0,1.0,0.0,0.0,4.0,1.0,1.0,1.0
0.11699268000219652,-1.708607527259672,-0.07026654303507815,-0.4116884292777378,1.0,0.0,0.0,1.0,0.0,9.0,1.0,0.0,1.0
-0.07660191732980101,-0.6428968754724697,-1.2170740485175422,-0.34692405561572603,0.0,1.0,1.0,0.0,0.0,2.0,1.0,0.0,1.0
-0.7541830079917924,-0.891217804044245,0.22259660273795323,-1.6598216103298555,0.0,1.0,0.0,1.0,0.0,2.0,1.0,1.0,2.0
-1.0445749039897887,-0.06348137547166079,0.671218002182538,-1.1371149254513981,0.0,1.0,0.0,1.0,0.0,7.0,1.0,1.0,2.0
-0.5605884106597949,-0.45665617904363826,0.5259919099007725,0.16408577357802115,1.0,0.0,0.0,0.0,1.0,2.0,0.0,1.0,2.0
-0.1733992159957998,-0.9326046254728741,0.39757486941734005,0.03192127191758461,0.0,1.0,1.0,0.0,0.0,1.0,0.0,1.0,2.0
0.31058727733419406,-0.311802304043436,-0.11296891312794846,-0.4470794152692349,0.0,1.0,0.0,0.0,1.0,8.0,1.0,1.0,1.0
0.31058727733419406,-0.49804300047226746,0.25559468517279477,0.7796038188640347,1.0,0.0,0.0,0.0,1.0,8.0,0.0,0.0,1.0
-0.8509803066577912,-0.9015645094014022,0.4057976649759719,0.5969492788991203,1.0,0.0,0.0,1.0,0.0,0.0,0.0,0.0,2.0
0.40738457600019284,0.17449284774295717,0.5999771366580238,0.009831695333017233,0.0,1.0,0.0,0.0,1.0,10.0,1.0,1.0,1.0
1.181762965328183,0.5780143566720919,0.36534196736369734,-0.50585993772888,1.0,0.0,0.0,1.0,0.0,10.0,0.0,0.0,1.0
0.11699268000219652,-0.5187364111865821,0.36837857606135455,-0.3806292512644185,0.0,1.0,1.0,0.0,0.0,10.0,0.0,0.0,2.0
-0.8509803066577912,0.17449284774295717,-1.2170740485175422,0.6715852066188641,1.0,0.0,0.0,0.0,1.0,8.0,1.0,0.0,2.0
0.9881683679961855,0.7332149370294515,1.4867400186162059,0.7115924157376964,1.0,0.0,1.0,0.0,0.0,3.0,1.0,0.0,1.0
0.11699268000219652,0.5780143566720919,0.5452270336136128,1.5570179252192968,1.0,0.0,0.0,1.0,0.0,3.0,1.0,0.0,1.0
-0.6573857093257937,-0.6015100540438405,0.938556916668434,-0.7989307009486526,1.0,0.0,0.0,1.0,0.0,9.0,1.0,0.0,2.0
-0.27019651466179856,0.9298023388154402,0.8353356907665089,-0.4452972542887341,1.0,0.0,0.0,1.0,0.0,0.0,1.0,0.0,2.0
0.5041818746661916,-0.26006877725764954,-1.2170740485175422,1.2743630188105977,1.0,0.0,1.0,0.0,0.0,2.0,0.0,1.0,1.0
-0.07660191732980101,-0.35318912547206527,-1.2170740485175422,-1.2632453031399837,0.0,1.0,0.0,0.0,1.0,7.0,1.0,1.0,1.0
2.1497359519881707,-0.35318912547206527,0.6132334045057523,-1.0738102016466222,0.0,1.0,0.0,0.0,1.0,3.0,1.0,1.0,1.0
-0.07660191732980101,1.3747106691732043,1.0095851070575854,1.2509059881052185,0.0,1.0,0.0,1.0,0.0,1.0,1.0,1.0,1.0
-0.27019651466179856,2.057593222745586,-1.2170740485175422,0.01550521220749577,1.0,0.0,1.0,0.0,0.0,10.0,1.0,1.0,2.0
0.9881683679961855,1.095349624529957,-1.2170740485175422,1.1241657269224763,1.0,0.0,1.0,0.0,0.0,2.0,0.0,0.0,2.0
-1.4317640986537838,-0.1772951344003911,0.44024637509147296,1.0040393791257387,0.0,1.0,0.0,1.0,0.0,8.0,1.0,1.0,1.0
-0.27019651466179856,-0.09452149154313269,0.7842259816113059,-0.7298157322527389,1.0,0.0,0.0,1.0,0.0,2.0,1.0,1.0,3.0
-1.4317640986537838,0.54697424060062,-1.2170740485175422,-1.1178027019380532,1.0,0.0,0.0,0.0,1.0,2.0,1.0,0.0,1.0
-0.6573857093257937,-1.0774585004730763,1.286269028077145,-0.5578485916357997,0.0,1.0,0.0,1.0,0.0,8.0,1.0,0.0,1.0
-0.8509803066577912,-1.2947393129733797,-1.2170740485175422,0.01977839761364522,0.0,1.0,1.0,0.0,0.0,9.0,0.0,0.0,2.0
-0.27019651466179856,-0.7567106344012,0.8686067304045598,0.7623553882128337,1.0,0.0,0.0,1.0,0.0,8.0,1.0,1.0,1.0
-1.9157505919837776,-0.7774040451155146,-1.2170740485175422,-0.4792894743998791,0.0,1.0,0.0,0.0,1.0,6.0,0.0,0.0,2.0
-0.7541830079917924,-0.1566017236860765,0.08252197484608284,-0.4386567259071201,1.0,0.0,0.0,1.0,0.0,9.0,1.0,1.0,2.0
0.5041818746661916,-0.6015100540438405,-1.2170740485175422,0.49034717586470755,0.0,1.0,0.0,0.0,1.0,5.0,1.0,0.0,1.0
-0.07660191732980101,2.057593222745586,-0.33452833927372405,0.6995892266721503,0.0,1.0,0.0,1.0,0.0,3.0,1.0,1.0,1.0
-1.0445749039897887,-0.4773495897579529,0.6105308388400557,-1.1610478949017895,0.0,1.0,0.0,1.0,0.0,10.0,1.0,0.0,1.0
-1.0445749039897887,1.095349624529957,0.7266087026679319,0.546055666805012,0.0,1.0,1.0,0.0,0.0,7.0,1.0,1.0,2.0
-0.4637911119937961,2.057593222745586,0.8673742434334142,-0.19334491974303453,1.0,0.0,0.0,1.0,0.0,3.0,1.0,1.0,2.0
1.7625467573241755,0.13310602631432794,-1.2170740485175422,-1.4708631433983845,0.0,1.0,1.0,0.0,0.0,6.0,1.0,1.0,2.0
0.2137899786681953,-0.653243580829627,0.894268565558566,-1.614708323001102,0.0,1.0,0.0,1.0,0.0,2.0,0.0,1.0,2.0
-0.1733992159957998,0.16414614238579986,-0.06308397483920657,-0.5588088189283684,1.0,0.0,1.0,0.0,0.0,9.0,1.0,1.0,2.0
0.020195381336197752,-1.1602321433303349,-1.2170740485175422,-0.22772714521467588,0.0,1.0,1.0,0.0,0.0,6.0,1.0,1.0,2.0
2.7305197439841633,0.8056418745295526,0.29727258161663556,0.044051621517707855,0.0,1.0,1.0,0.0,0.0,2.0,0.0,1.0,1.0
-0.7541830079917924,1.5609513656020357,0.7925487650264725,1.5273075882252847,0.0,1.0,0.0,1.0,0.0,1.0,1.0,1.0,1.0
0.2137899786681953,0.6814814102436649,0.9652486910456214,0.06693268980176582,1.0,0.0,1.0,0.0,0.0,3.0,1.0,1.0,1.0
0.6009791733321904,0.7952951691723953,0.5339083118025629,-0.27064304284058044,0.0,1.0,0.0,1.0,0.0,3.0,1.0,0.0,2.0
2.440127847986167,-1.3154327236876944,-1.2170740485175422,0.6300786860807114,1.0,0.0,0.0,0.0,1.0,5.0,1.0,0.0,1.0
-0.8509803066577912,0.9608424548869121,0.7768522790723155,0.7367352367858803,1.0,0.0,0.0,0.0,1.0,1.0,1.0,1.0,1.0
0.020195381336197752,0.24691978524305827,-1.2170740485175422,-1.1062006513030624,0.0,1.0,1.0,0.0,0.0,7.0,0.0,1.0,2.0
0.40738457600019284,-1.2326590808304358,-1.2170740485175422,1.5780295075045805,0.0,1.0,1.0,0.0,0.0,9.0,0.0,0.0,2.0
0.7945737706641879,-0.022094554043031577,0.5637913384754565,-0.4947002526745055,1.0,0.0,0.0,0.0,1.0,8.0,1.0,1.0,1.0
-0.5605884106597949,0.7125215263151369,-1.2170740485175422,0.7162110742241067,0.0,1.0,1.0,0.0,0.0,2.0,0.0,1.0,2.0
-0.4637911119937961,-1.2636991969019078,-1.2170740485175422,-0.11568775513609374,0.0,1.0,0.0,0.0,1.0,9.0,1.0,1.0,1.0
0.2137899786681953,-0.1462550183289192,-1.2170740485175422,0.7935559910067431,1.0,0.0,1.0,0.0,0.0,9.0,1.0,0.0,2.0
-1.0445749039897887,0.5159341245291481,0.44544622588782623,-0.4097310963980313,0.0,1.0,0.0,0.0,1.0,1.0,0.0,1.0,1.0
0.11699268000219652,0.3917736602432605,-1.2170740485175422,0.3407406325065791,1.0,0.0,1.0,0.0,0.0,1.0,1.0,1.0,2.0
1.3753575626601806,0.5676676513149347,-1.2170740485175422,0.3145175557542556,0.0,1.0,0.0,0.0,1.0,7.0,0.0,1.0,2.0
-1.334966799987785,-0.24972207190049223,-1.2170740485175422,1.64308873356893,1.0,0.0,0.0,0.0,1.0,4.0,1.0,1.0,1.0
-0.94777760532379,-0.4773495897579529,0.6606049824457454,-1.665888959557663,1.0,0.0,0.0,0.0,1.0,3.0,0.0,0.0,1.0
0.2137899786681953,-0.5704699379723686,-1.2170740485175422,0.7166071679822915,0.0,1.0,0.0,0.0,1.0,5.0,0.0,1.0,2.0
-1.0445749039897887,-0.1255616076146046,-1.2170740485175422,0.46449914440998885,0.0,1.0,0.0,0.0,1.0,8.0,1.0,0.0,2.0
-0.07660191732980101,0.019292267385597632,0.7009526545924386,0.8803763680889268,0.0,1.0,1.0,0.0,0.0,8.0,1.0,0.0,1.0
-1.2381695013217864,0.4021203656004178,-1.2170740485175422,-0.11485921118781398,1.0,0.0,0.0,0.0,1.0,2.0,1.0,1.0,2.0
0.7945737706641879,0.2883066066716875,1.9745978103807555,1.5889018201880634,0.0,1.0,1.0,0.0,0.0,10.0,1.0,0.0,2.0
-1.0445749039897887,0.09171920488569875,0.6862679428650182,-1.4885221060080027,0.0,1.0,0.0,1.0,0.0,1.0,1.0,0.0,2.0
1.0849656666621843,0.9608424548869121,0.7360345675486,0.10789995225894702,1.0,0.0,0.0,1.0,0.0,1.0,0.0,1.0,2.0
0.020195381336197752,-0.7360172236868854,0.7069496754539947,0.6468064717524457,0.0,1.0,0.0,1.0,0.0,3.0,1.0,0.0,1.0
-0.27019651466179856,0.5159341245291481,0.3172785120370071,1.552130507463499,0.0,1.0,0.0,1.0,0.0,7.0,1.0,0.0,2.0
1.7625467573241755,1.4160974906018333,0.2894426643881824,1.39670971826718,1.0,0.0,0.0,1.0,0.0,8.0,1.0,1.0,1.0
-0.8509803066577912,-0.8084441611869866,0.8310132253736396,1.6193730329389042,0.0,1.0,0.0,1.0,0.0,8.0,1.0,0.0,1.0
1.8593440559901744,-0.5394298219008967,-1.2170740485175422,1.3315927394019007,0.0,1.0,1.0,0.0,0.0,4.0,0.0,0.0,1.0
-0.4637911119937961,0.4331604816718897,0.5119130731432552,0.9527935097368023,1.0,0.0,0.0,0.0,1.0,10.0,0.0,0.0,2.0
-0.4637911119937961,-0.49804300047226746,-1.2170740485175422,1.183891690566018,1.0,0.0,1.0,0.0,0.0,9.0,1.0,0.0,2.0
0.6009791733321904,1.6954585352450806,-1.2170740485175422,-0.8171231811499933,0.0,1.0,1.0,0.0,0.0,7.0,0.0,1.0,1.0
2.5369251466521656,-1.4602865986878966,-1.2170740485175422,-0.9008581322379218,0.0,1.0,1.0,0.0,0.0,2.0,1.0,1.0,2.0
0.020195381336197752,-0.22902866118617762,0.8673885503775166,-0.29719419725119794,0.0,1.0,1.0,0.0,0.0,2.0,1.0,0.0,2.0
-0.07660191732980101,1.923086053102541,0.8201841547056848,-0.3528019686983147,0.0,1.0,0.0,1.0,0.0,2.0,1.0,1.0,1.0
-0.36699381332779735,-0.9015645094014022,-1.2170740485175422,0.10400181215040219,1.0,0.0,0.0,0.0,1.0,9.0,1.0,1.0,2.0
-0.36699381332779735,-0.9015645094014022,-1.2170740485175422,1.0277016758103261,0.0,1.0,1.0,0.0,0.0,4.0,1.0,0.0,1.0
-0.94777760532379,-0.16694842904323381,1.006079423495992,0.7169839528220929,1.0,0.0,0.0,0.0,1.0,8.0,1.0,0.0,2.0
1.665749458658177,0.5573209459577774,1.0856956383988352,-0.1988345670073239,1.0,0.0,0.0,1.0,0.0,2.0,1.0,0.0,1.0
-0.5605884106597949,1.3229771423874177,1.3301529266998076,1.6898300584395582,0.0,1.0,0.0,1.0,0.0,1.0,1.0,1.0,1.0
-0.5605884106597949,-0.6015100540438405,-1.2170740485175422,-1.5634012217268425,0.0,1.0,1.0,0.0,0.0,1.0,0.0,0.0,2.0
0.8913710693301867,-0.34284242011490795,-1.2170740485175422,-1.4949081393662427,0.0,1.0,1.0,0.0,0.0,7.0,1.0,0.0,1.0
-0.36699381332779735,-1.2119656701161212,-1.2170740485175422,-1.5711117425136358,0.0,1.0,0.0,0.0,1.0,4.0,0.0,0.0,2.0
-0.6573857093257937,-1.3154327236876944,1.1118345860258243,1.5287331430554658,0.0,1.0,1.0,0.0,0.0,1.0,0.0,0.0,1.0
-0.7541830079917924,0.4124670709575751,-0.5593476588964604,0.45845893204044946,1.0,0.0,1.0,0.0,0.0,5.0,1.0,0.0,1.0
0.6009791733321904,-0.3945759469006945,1.0779083204983266,-1.1325992478630311,1.0,0.0,0.0,1.0,0.0,9.0,1.0,0.0,2.0
-1.2381695013217864,-0.09452149154313269,1.1015945113487757,1.4706275629681334,0.0,1.0,0.0,0.0,1.0,8.0,1.0,1.0,1.0
-0.27019651466179856,0.08137249952854145,0.9141610049392054,-0.27028574087338175,0.0,1.0,0.0,1.0,0.0,4.0,1.0,0.0,2.0
0.11699268000219652,0.4745473031005189,-1.2170740485175422,-1.2753525168288913,0.0,1.0,1.0,0.0,0.0,4.0,0.0,1.0,2.0
-0.1733992159957998,-2.2776763219033236,0.7242348752122251,0.2985817836446707,0.0,1.0,1.0,0.0,0.0,0.0,1.0,1.0,1.0
1.0849656666621843,0.5366275352434627,1.357204785962265,-0.3573818353937393,0.0,1.0,1.0,0.0,0.0,8.0,1.0,1.0,2.0
-0.1733992159957998,-0.34284242011490795,0.3366417552380437,-0.02039250242589493,1.0,0.0,1.0,0.0,0.0,5.0,1.0,0.0,1.0
-0.07660191732980101,0.24691978524305827,0.4550199827749445,-1.353187462648333,1.0,0.0,1.0,0.0,0.0,1.0,0.0,0.0,1.0
-1.4317640986537838,0.54697424060062,0.5999756898883956,1.0897325328644722,1.0,0.0,0.0,1.0,0.0,7.0,1.0,0.0,1.0
0.31058727733419406,-1.5223668308308405,0.9520671729620227,0.6144101076525367,0.0,1.0,1.0,0.0,0.0,3.0,0.0,0.0,2.0
-0.1733992159957998,0.12275932095717065,-1.2170740485175422,1.4847329887783693,1.0,0.0,1.0,0.0,0.0,7.0,1.0,1.0,1.0
0.40738457600019284,0.7952951691723953,0.8471866630485986,0.6813024632837497,1.0,0.0,0.0,0.0,1.0,8.0,0.0,1.0,1.0
0.11699268000219652,0.7435616423866088,1.0793825787495823,-1.0757146524435497,1.0,0.0,1.0,0.0,0.0,7.0,0.0,0.0,2.0
-0.07660191732980101,0.8677221066724964,0.16751197440503912,-0.11097811859279655,0.0,1.0,0.0,0.0,1.0,7.0,0.0,0.0,2.0
-0.07660191732980101,0.6711347048865076,-1.2170740485175422,-0.0034309222829263285,1.0,0.0,1.0,0.0,0.0,1.0,1.0,1.0,2.0
-0.4637911119937961,0.34004013345747397,0.40054299768592344,1.5726346652900103,0.0,1.0,0.0,0.0,1.0,9.0,1.0,1.0,2.0
-0.4637911119937961,2.057593222745586,-0.0696325364335133,0.9418281315457968,1.0,0.0,1.0,0.0,0.0,4.0,1.0,1.0,2.0
-0.4637911119937961,-1.5534069469023122,0.5149916381601336,-1.5761875526893345,1.0,0.0,1.0,0.0,0.0,3.0,1.0,0.0,1.0
0.6009791733321904,0.6504412941721931,1.2086810234410217,0.696346720017535,0.0,1.0,0.0,0.0,1.0,8.0,0.0,1.0,2.0
-1.2381695013217864,0.5262808298863054,0.9566100295949391,-0.6977488374448816,1.0,0.0,0.0,0.0,1.0,4.0,0.0,1.0,1.0
-0.94777760532379,-0.9532980361871888,-1.2170740485175422,0.9703352272023642,0.0,1.0,1.0,0.0,0.0,1.0,0.0,0.0,2.0
0.2137899786681953,0.9091089281011256,-1.2170740485175422,0.7658083794732476,0.0,1.0,1.0,0.0,0.0,5.0,0.0,0.0,2.0
1.181762965328183,0.14345273167148526,-1.2170740485175422,-1.059906736685421,1.0,0.0,0.0,0.0,1.0,8.0,1.0,1.0,1.0
-0.1733992159957998,0.443507187029047,0.32082309762638445,0.008295157710687912,0.0,1.0,0.0,1.0,0.0,1.0,1.0,0.0,2.0
-0.4637911119937961,-1.8017278754740875,1.0328062418486206,1.5658861113379818,0.0,1.0,0.0,1.0,0.0,8.0,1.0,1.0,2.0
0.9881683679961855,0.7021748209579796,0.48558250891660437,-1.4544677842404363,0.0,1.0,1.0,0.0,0.0,5.0,1.0,1.0,1.0
1.2785602639941818,2.0058596959597996,-1.2170740485175422,-1.1851836949723145,1.0,0.0,0.0,0.0,1.0,0.0,1.0,0.0,1.0
0.8913710693301867,-1.201618964758964,-1.2170740485175422,0.8703642590217034,1.0,0.0,1.0,0.0,0.0,9.0,1.0,0.0,1.0
-0.27019651466179856,-1.439593187973582,0.8695562935372786,-0.8147631442517547,0.0,1.0,1.0,0.0,0.0,0.0,1.0,0.0,1.0
0.7945737706641879,0.49524071381483353,-1.2170740485175422,-1.2131784954519584,0.0,1.0,0.0,0.0,1.0,1.0,0.0,1.0,2.0
-1.0445749039897887,0.7435616423866088,-1.2170740485175422,0.41796308551856926,0.0,1.0,1.0,0.0,0.0,4.0,1.0,1.0,2.0
1.4721548613261792,0.7228682316722942,-1.2170740485175422,-1.658924354464807,0.0,1.0,1.0,0.0,0.0,5.0,1.0,1.0,2.0
-1.0445749039897887,-0.24972207190049223,-0.0741705705010019,0.5330965993023897,0.0,1.0,0.0,1.0,0.0,5.0,1.0,1.0,1.0
-1.0445749039897887,-0.9532980361871888,1.0511300614478019,-1.465589025412264,0.0,1.0,1.0,0.0,0.0,3.0,1.0,1.0,1.0
0.2137899786681953,0.13310602631432794,0.7670690620934532,1.1318404131400175,0.0,1.0,0.0,0.0,1.0,7.0,1.0,1.0,1.0
0.2137899786681953,1.0125759816726987,-0.2916407826684292,-0.6737316741521706,0.0,1.0,1.0,0.0,0.0,5.0,1.0,1.0,1.0
-1.1413722026557875,-0.38422924154353716,0.49356337244294535,-0.3889247800919561,1.0,0.0,1.0,0.0,0.0,9.0,0.0,0.0,2.0
-1.4317640986537838,1.4781777227447772,1.1319453268681583,-0.18902981136994498,0.0,1.0,1.0,0.0,0.0,10.0,1.0,1.0,1.0
-0.7541830079917924,-0.45665617904363826,0.43101968216296993,1.164345498627219,1.0,0.0,1.0,0.0,0.0,1.0,1.0,1.0,1.0
-0.7541830079917924,0.8056418745295526,1.4332601793054573,-1.5706552866412264,0.0,1.0,0.0,0.0,1.0,8.0,1.0,1.0,2.0
2.440127847986167,0.11241261560001335,0.3719321637728636,-0.9937756047194759,0.0,1.0,1.0,0.0,0.0,0.0,0.0,1.0,1.0
-0.07660191732980101,-0.33249571475775064,-1.2170740485175422,0.2889146257950494,1.0,0.0,1.0,0.0,0.0,3.0,0.0,1.0,2.0
-0.07660191732980101,0.16414614238579986,1.104702494014763,-0.45046352065866035,1.0,0.0,1.0,0.0,0.0,6.0,1.0,1.0,1.0
-1.4317640986537838,1.6333783031021367,0.5441004823296963,1.4552390508336244,0.0,1.0,1.0,0.0,0.0,7.0,1.0,0.0,1.0
-0.5605884106597949,0.6504412941721931,0.4406238212122828,-0.8730184989222215,1.0,0.0,0.0,0.0,1.0,10.0,1.0,1.0,2.0
-1.0445749039897887,0.4538538923862043,1.532903704668735,-0.1942945358282035,0.0,1.0,1.0,0.0,0.0,5.0,1.0,1.0,2.0
0.2137899786681953,0.3090000173860021,0.7207820791181553,1.319679658622143,1.0,0.0,1.0,0.0,0.0,0.0,1.0,0.0,2.0
0.7945737706641879,-1.3982063665449527,0.5413511377793507,0.3741191421307347,1.0,0.0,1.0,0.0,0.0,6.0,0.0,0.0,1.0
0.6977764719981892,-0.311802304043436,1.0507915173547757,-1.1355364648621287,0.0,1.0,0.0,1.0,0.0,6.0,0.0,0.0,1.0
0.5041818746661916,-0.042787964757346184,0.29335906977203735,-1.100767713114385,0.0,1.0,0.0,1.0,0.0,4.0,1.0,0.0,1.0
2.440127847986167,-0.6739369915439416,-1.2170740485175422,-0.802771958027366,0.0,1.0,1.0,0.0,0.0,1.0,1.0,1.0,2.0
0.7945737706641879,0.039985678099912235,-1.2170740485175422,1.1814958190985276,1.0,0.0,1.0,0.0,0.0,10.0,1.0,0.0,2.0
-0.8509803066577912,1.6540717138164513,-1.2170740485175422,1.4043781421328139,0.0,1.0,1.0,0.0,0.0,6.0,1.0,1.0,2.0
1.0849656666621843,-0.011747848685874276,0.8673636337894733,-1.0059864951233055,1.0,0.0,0.0,0.0,1.0,7.0,0.0,0.0,1.0
-0.6573857093257937,0.7332149370294515,-1.2170740485175422,0.24019231027083957,1.0,0.0,0.0,0.0,1.0,4.0,1.0,1.0,2.0
-1.334966799987785,-0.2186819558290203,0.06342654477846567,-0.11019080179457832,1.0,0.0,0.0,1.0,0.0,7.0,1.0,0.0,1.0
-1.2381695013217864,-0.9946848576158179,-1.2170740485175422,-0.1171804562950666,1.0,0.0,1.0,0.0,0.0,7.0,1.0,0.0,2.0
-0.36699381332779735,-0.22902866118617762,1.5894789879753584,1.0187011105304737,0.0,1.0,0.0,0.0,1.0,4.0,0.0,1.0,2.0
-0.6573857093257937,-0.7153238129725709,0.6542348557722643,0.9207784532864062,1.0,0.0,1.0,0.0,0.0,1.0,0.0,1.0,1.0
-0.8509803066577912,-1.1705788486874922,-1.2170740485175422,-1.020515325504214,1.0,0.0,0.0,0.0,1.0,8.0,1.0,1.0,2.0
1.665749458658177,-0.6739369915439416,0.4030145624676321,-0.7899310054398981,1.0,0.0,0.0,1.0,0.0,9.0,1.0,1.0,2.0
-1.334966799987785,0.29865331202884476,0.7733031924218723,-0.16867194904217445,1.0,0.0,1.0,0.0,0.0,4.0,1.0,1.0,1.0
0.31058727733419406,0.16414614238579986,-1.2170740485175422,-0.7257591198500762,0.0,1.0,1.0,0.0,0.0,9.0,0.0,1.0,2.0
-0.07660191732980101,-1.6775674111882,-1.2170740485175422,1.6896538428150343,0.0,1.0,1.0,0.0,0.0,8.0,0.0,1.0,2.0
-0.8509803066577912,-0.7670573397583573,0.26943512644600176,0.4622993193480646,1.0,0.0,1.0,0.0,0.0,8.0,0.0,1.0,2.0
-1.0445749039897887,0.20553296381442906,0.7096938759345508,0.4446960220887402,0.0,1.0,0.0,1.0,0.0,8.0,1.0,0.0,2.0
-0.4637911119937961,2.057593222745586,-1.2170740485175422,-0.818669982071283,0.0,1.0,1.0,0.0,0.0,6.0,0.0,1.0,1.0
0.6977764719981892,0.13310602631432794,-1.2170740485175422,1.349264226715335,0.0,1.0,1.0,0.0,0.0,2.0,1.0,1.0,1.0
0.11699268000219652,1.9334327584596984,-0.22569621924882263,0.8836988936845896,1.0,0.0,0.0,0.0,1.0,6.0,0.0,1.0,1.0
-0.7541830079917924,0.54697424060062,-1.2170740485175422,1.446944913639844,0.0,1.0,1.0,0.0,0.0,0.0,1.0,0.0,2.0
-0.5605884106597949,0.6297478834578785,-1.2170740485175422,1.579982143620356,1.0,0.0,1.0,0.0,0.0,6.0,1.0,1.0,2.0
0.40738457600019284,-0.33249571475775064,0.795734873252389,0.23573925620155323,0.0,1.0,1.0,0.0,0.0,1.0,1.0,1.0,1.0
-1.0445749039897887,0.7952951691723953,1.0695218792195142,-1.1617390150165317,1.0,0.0,1.0,0.0,0.0,4.0,1.0,0.0,2.0
-0.4637911119937961,1.8610058209595974,-1.2170740485175422,1.1477890578618581,1.0,0.0,1.0,0.0,0.0,2.0,0.0,0.0,2.0
-0.4637911119937961,0.8677221066724964,-1.2170740485175422,-0.5003494159582306,0.0,1.0,0.0,0.0,1.0,5.0,0.0,0.0,2.0
-1.4317640986537838,-0.787750750472672,-1.2170740485175422,0.3491107876943543,0.0,1.0,1.0,0.0,0.0,2.0,1.0,1.0,2.0
0.11699268000219652,-0.29110889332912143,-1.2170740485175422,-0.5869149501086001,0.0,1.0,1.0,0.0,0.0,6.0,1.0,1.0,2.0
1.0849656666621843,0.21587966917158638,-1.2170740485175422,-1.5264808302360227,1.0,0.0,1.0,0.0,0.0,1.0,1.0,0.0,1.0
-0.94777760532379,-1.4706333040450539,-1.2170740485175422,-0.5348318390604008,0.0,1.0,0.0,0.0,1.0,1.0,1.0,0.0,2.0
-0.07660191732980101,-0.10486819690028999,-1.2170740485175422,0.28889444710556783,1.0,0.0,1.0,0.0,0.0,3.0,1.0,0.0,2.0
-0.5605884106597949,1.333323847744575,1.123166007259167,0.9522231138505101,1.0,0.0,0.0,0.0,1.0,6.0,1.0,1.0,1.0
3.2145062373141573,0.039985678099912235,1.002752335607405,0.0010736222353818934,1.0,0.0,0.0,1.0,0.0,5.0,1.0,1.0,2.0
-1.2381695013217864,-0.48769629511511015,1.186854574571684,1.705670329682545,0.0,1.0,1.0,0.0,0.0,8.0,0.0,1.0,2.0
-0.07660191732980101,0.5883610620292492,0.38467498915472037,-1.5208725461939194,0.0,1.0,0.0,0.0,1.0,8.0,1.0,0.0,1.0
-0.6573857093257937,-0.042787964757346184,0.3428837624233282,-1.3346804732178323,0.0,1.0,1.0,0.0,0.0,5.0,1.0,1.0,1.0
1.568952159992178,0.6504412941721931,1.6776743860219423,0.004679693209103917,1.0,0.0,0.0,1.0,0.0,9.0,1.0,1.0,1.0
-0.5605884106597949,0.6090544727435638,-1.2170740485175422,1.1907945419108918,0.0,1.0,0.0,0.0,1.0,1.0,1.0,0.0,2.0
-0.94777760532379,-0.26006877725764954,-1.2170740485175422,-0.8784140369536705,0.0,1.0,0.0,0.0,1.0,7.0,1.0,0.0,2.0
2.924114341316161,0.3193467227431594,-1.2170740485175422,0.865343766287859,0.0,1.0,1.0,0.0,0.0,6.0,0.0,1.0,2.0
-1.2381695013217864,-0.7463639290440427,1.3948717547398675,-1.4159958950643956,1.0,0.0,1.0,0.0,0.0,10.0,1.0,1.0,1.0
-0.6573857093257937,0.4021203656004178,0.4978868023489001,0.662031466920466,0.0,1.0,0.0,1.0,0.0,0.0,1.0,1.0,2.0
0.6009791733321904,-0.4359627683293237,0.21558636088003233,1.7290751741220243,1.0,0.0,0.0,0.0,1.0,4.0,1.0,1.0,1.0
-0.8509803066577912,0.46420059774336164,-1.2170740485175422,1.674757273213747,1.0,0.0,1.0,0.0,0.0,8.0,1.0,1.0,2.0
-0.6573857093257937,-0.9636447415443461,-0.035638594237846516,0.6339310762294834,0.0,1.0,1.0,0.0,0.0,5.0,0.0,0.0,1.0
0.020195381336197752,-1.1809255540446495,0.9580534234274566,-1.185147164586184,0.0,1.0,0.0,1.0,0.0,3.0,1.0,0.0,1.0
-0.36699381332779735,0.6918281156008222,1.4823561458902237,-0.9886523050418078,1.0,0.0,1.0,0.0,0.0,2.0,1.0,0.0,1.0
0.2137899786681953,0.9091089281011256,-1.2170740485175422,1.5975273401703112,1.0,0.0,0.0,0.0,1.0,8.0,1.0,0.0,1.0
-0.5605884106597949,0.19518625845727178,0.20228090286494108,-0.5719550611713539,0.0,1.0,1.0,0.0,0.0,6.0,1.0,0.0,1.0
0.2137899786681953,1.3540172584588896,-1.2170740485175422,0.5755308176940329,1.0,0.0,0.0,0.0,1.0,4.0,1.0,0.0,1.0
2.052938653322172,0.919455633458283,0.5195008975872366,-1.285143704037136,1.0,0.0,1.0,0.0,0.0,5.0,0.0,0.0,2.0
-0.36699381332779735,1.0539628031013277,-1.2170740485175422,1.4783513042756211,0.0,1.0,1.0,0.0,0.0,3.0,1.0,1.0,2.0
0.31058727733419406,-1.1188453219017056,-1.2170740485175422,0.03560231715998358,1.0,0.0,1.0,0.0,0.0,5.0,0.0,0.0,2.0
0.2137899786681953,-0.36353583082922253,0.44768470000719496,-1.7329709252883143,1.0,0.0,0.0,1.0,0.0,1.0,1.0,0.0,1.0
1.181762965328183,0.008945562028440329,-1.2170740485175422,-0.9804465365916191,0.0,1.0,1.0,0.0,0.0,7.0,0.0,1.0,2.0
-0.36699381332779735,2.057593222745586,-1.2170740485175422,-0.7456900985227809,0.0,1.0,1.0,0.0,0.0,2.0,1.0,1.0,2.0
-1.4317640986537838,0.42281377631473244,0.7215479025080779,1.4026248575527778,0.0,1.0,0.0,1.0,0.0,2.0,0.0,1.0,1.0
2.7305197439841633,-1.1188453219017056,0.8541160465595147,0.6045568187878704,1.0,0.0,1.0,0.0,0.0,0.0,1.0,1.0,1.0
1.3753575626601806,0.21587966917158638,1.506169652467964,0.8254611083903092,1.0,0.0,1.0,0.0,0.0,9.0,1.0,1.0,4.0
-0.5605884106597949,0.09171920488569875,0.07637400768663904,0.8795761786784531,0.0,1.0,0.0,0.0,1.0,2.0,0.0,0.0,1.0
-1.7221559946517802,0.3710802495289459,-1.2170740485175422,0.9551591131700701,1.0,0.0,0.0,0.0,1.0,8.0,1.0,1.0,2.0
0.6009791733321904,1.0022292763155414,0.7095731510466766,-0.45236362260009616,0.0,1.0,0.0,1.0,0.0,2.0,0.0,0.0,1.0
1.8593440559901744,-0.9636447415443461,1.0742422062601706,-0.1925127227561419,0.0,1.0,0.0,1.0,0.0,2.0,1.0,1.0,1.0
-0.1733992159957998,0.019292267385597632,0.8041306381576951,0.6047761750588718,1.0,0.0,0.0,1.0,0.0,3.0,1.0,0.0,2.0
-0.07660191732980101,0.6194011781007212,0.7657373910266776,0.7300708766761712,0.0,1.0,1.0,0.0,0.0,4.0,1.0,0.0,1.0
-0.07660191732980101,-2.132822446903121,0.7025259361871432,1.320271972740113,1.0,0.0,0.0,1.0,0.0,6.0,1.0,0.0,2.0
0.11699268000219652,-0.7049771076154135,-1.2170740485175422,-0.9068353731799411,0.0,1.0,1.0,0.0,0.0,3.0,1.0,0.0,2.0
0.2137899786681953,-0.6946304022582562,-1.2170740485175422,1.0478443567683675,1.0,0.0,1.0,0.0,0.0,3.0,1.0,1.0,2.0
0.40738457600019284,1.0125759816726987,0.7796130370275068,1.1710735259813267,1.0,0.0,0.0,0.0,1.0,1.0,1.0,1.0,1.0
-1.4317640986537838,-1.0878052058302337,1.2958905283619975,0.44397167671804183,0.0,1.0,1.0,0.0,0.0,8.0,1.0,1.0,1.0
-1.7221559946517802,0.6194011781007212,0.11466662395239816,-1.712579489796148,1.0,0.0,1.0,0.0,0.0,0.0,0.0,1.0,2.0
0.31058727733419406,0.9608424548869121,0.5901006834142254,-0.2928653464947547,0.0,1.0,1.0,0.0,0.0,1.0,1.0,1.0,1.0
-0.1733992159957998,-0.26006877725764954,0.5233796869607552,-1.6397055443674236,1.0,0.0,0.0,0.0,1.0,6.0,1.0,0.0,1.0
-1.4317640986537838,1.395404079887519,0.7141311183846,0.4451623933516707,0.0,1.0,0.0,1.0,0.0,2.0,1.0,1.0,2.0
-0.1733992159957998,0.019292267385597632,0.9667036590351659,0.7831787520324363,0.0,1.0,1.0,0.0,0.0,7.0,1.0,0.0,1.0
0.2137899786681953,-0.9429513308300315,1.2349159401200225,-1.5495668165908494,0.0,1.0,0.0,1.0,0.0,4.0,0.0,0.0,1.0
-1.1413722026557875,0.16414614238579986,1.303708871433424,0.8618370231735677,0.0,1.0,1.0,0.0,0.0,7.0,1.0,1.0,1.0
-0.1733992159957998,0.3193467227431594,1.1713837846795447,-1.1251273922656224,1.0,0.0,1.0,0.0,0.0,8.0,1.0,0.0,1.0
0.5041818746661916,-0.1566017236860765,-1.2170740485175422,-0.2338689468485012,0.0,1.0,1.0,0.0,0.0,2.0,0.0,0.0,2.0
-1.1413722026557875,0.10206591024285605,-1.2170740485175422,-0.3995537308221231,1.0,0.0,1.0,0.0,0.0,3.0,1.0,1.0,2.0
-0.94777760532379,-1.0464183844016044,1.1185599750191475,0.8284646019471006,0.0,1.0,0.0,1.0,0.0,9.0,1.0,0.0,2.0
0.11699268000219652,-1.853461402259874,-1.2170740485175422,-0.5167218131591828,0.0,1.0,0.0,0.0,1.0,4.0,1.0,0.0,1.0
-0.27019651466179856,0.3814269548861032,0.22603525264010163,1.3485798908151603,0.0,1.0,0.0,0.0,1.0,0.0,1.0,0.0,1.0
-1.5285613973197827,-0.7567106344012,0.21330400141527142,0.441211719068786,0.0,1.0,1.0,0.0,0.0,10.0,1.0,1.0,1.0
0.6977764719981892,0.4848940084576762,-1.2170740485175422,0.4540784168807648,1.0,0.0,1.0,0.0,0.0,0.0,1.0,1.0,2.0
-0.07660191732980101,-0.20833525047186302,-1.2170740485175422,1.4220263195808127,0.0,1.0,0.0,0.0,1.0,7.0,1.0,0.0,2.0
-1.818953293317779,0.5676676513149347,-1.2170740485175422,-1.5219355804303119,0.0,1.0,0.0,0.0,1.0,8.0,1.0,1.0,2.0
-1.9157505919837776,-0.38422924154353716,0.3493834553546341,0.39947975386194323,1.0,0.0,1.0,0.0,0.0,5.0,1.0,0.0,2.0
0.7945737706641879,-0.40492265225785173,0.8731040941702743,-0.9412398647916997,1.0,0.0,0.0,1.0,0.0,6.0,1.0,1.0,1.0
-0.27019651466179856,-1.2947393129733797,0.2478956202196138,-0.7262063561488432,1.0,0.0,0.0,0.0,1.0,5.0,0.0,0.0,1.0
1.0849656666621843,-0.6428968754724697,-1.2170740485175422,1.4302216507778214,1.0,0.0,1.0,0.0,0.0,4.0,0.0,1.0,2.0
-1.0445749039897887,0.8470286959581818,-1.2170740485175422,-1.5150983098262527,1.0,0.0,1.0,0.0,0.0,5.0,0.0,0.0,2.0
-0.36699381332779735,-1.40855307190211,1.6165681417437907,0.37259408548690354,0.0,1.0,0.0,0.0,1.0,10.0,0.0,1.0,1.0
2.5369251466521656,-0.46700288440079557,0.8133327360025168,-1.6003268318442523,0.0,1.0,0.0,1.0,0.0,10.0,0.0,0.0,3.0
0.9881683679961855,0.7228682316722942,0.7136972482482856,1.4536148402845825,1.0,0.0,1.0,0.0,0.0,1.0,0.0,1.0,1.0
0.11699268000219652,-1.0050315629729754,-1.2170740485175422,1.1989159425645415,0.0,1.0,1.0,0.0,0.0,4.0,0.0,1.0,1.0
-0.7541830079917924,-1.5327135361879978,-1.2170740485175422,-1.3605591206152128,0.0,1.0,0.0,0.0,1.0,4.0,1.0,1.0,2.0
-1.1413722026557875,2.057593222745586,-0.5152568722169484,-1.684454397605972,1.0,0.0,1.0,0.0,0.0,7.0,1.0,1.0,2.0
-0.6573857093257937,-0.4359627683293237,0.6881673906348179,-1.6707121882064033,0.0,1.0,1.0,0.0,0.0,7.0,0.0,0.0,1.0
-0.36699381332779735,-0.8808710986870877,0.7608529360092974,-0.584716690634653,1.0,0.0,0.0,1.0,0.0,1.0,1.0,0.0,1.0
-1.1413722026557875,-2.029355393331548,1.288716319279534,-0.5059236049732787,1.0,0.0,1.0,0.0,0.0,5.0,0.0,0.0,2.0
-0.6573857093257937,-1.439593187973582,0.7666697536760376,-0.3433595597005047,1.0,0.0,0.0,1.0,0.0,2.0,1.0,0.0,2.0
-0.36699381332779735,0.13310602631432794,0.6319698749533659,1.2143239375716532,0.0,1.0,0.0,0.0,1.0,1.0,0.0,1.0,1.0
-0.27019651466179856,0.8366819906010244,-1.2170740485175422,-1.6718686358587576,1.0,0.0,1.0,0.0,0.0,9.0,0.0,0.0,1.0
-0.5605884106597949,-1.925888339759975,-1.2170740485175422,-0.3680975892795208,0.0,1.0,1.0,0.0,0.0,5.0,0.0,1.0,2.0
-0.7541830079917924,0.3090000173860021,0.347658584453318,-0.8981592325197695,0.0,1.0,0.0,1.0,0.0,4.0,0.0,0.0,2.0
-0.4637911119937961,-0.3221490094005933,0.42664223952422464,0.3620578523558197,1.0,0.0,0.0,1.0,0.0,8.0,1.0,0.0,1.0
-1.6253586959857813,-1.3154327236876944,-1.2170740485175422,-0.4427717869275912,0.0,1.0,1.0,0.0,0.0,9.0,1.0,0.0,2.0
1.2785602639941818,-0.4773495897579529,-0.19871300116761972,0.1570588928745239,0.0,1.0,1.0,0.0,0.0,1.0,1.0,0.0,1.0
-0.4637911119937961,1.0746562138156424,-1.2170740485175422,1.0255877841329182,0.0,1.0,1.0,0.0,0.0,3.0,1.0,1.0,2.0
-0.27019651466179856,0.5366275352434627,0.9546150950296703,0.7654154168910172,0.0,1.0,0.0,0.0,1.0,7.0,1.0,0.0,1.0
-0.1733992159957998,0.5366275352434627,1.1903840494560545,-1.3782269548900339,0.0,1.0,1.0,0.0,0.0,1.0,1.0,0.0,1.0
-0.94777760532379,-1.129192027258863,-1.2170740485175422,1.6837555770887442,1.0,0.0,1.0,0.0,0.0,7.0,0.0,1.0,2.0
-0.36699381332779735,0.3710802495289459,0.3838156079954998,-1.707283975441008,1.0,0.0,1.0,0.0,0.0,3.0,1.0,1.0,1.0
-1.1413722026557875,1.3540172584588896,-1.2170740485175422,0.7611422314848677,1.0,0.0,0.0,0.0,1.0,3.0,1.0,0.0,2.0
-0.8509803066577912,1.302283731673103,0.9989158240574694,-1.6499637986554776,1.0,0.0,1.0,0.0,0.0,4.0,1.0,0.0,1.0
0.11699268000219652,-0.6325501701153124,-1.2170740485175422,-0.6423374603117703,0.0,1.0,1.0,0.0,0.0,8.0,1.0,0.0,2.0
0.11699268000219652,-0.29110889332912143,0.6924781211184798,1.6179257338312645,0.0,1.0,1.0,0.0,0.0,5.0,1.0,0.0,1.0
-0.36699381332779735,0.6504412941721931,0.8096481352635544,-0.7985273011132421,1.0,0.0,0.0,1.0,0.0,6.0,1.0,1.0,2.0
-0.36699381332779735,1.2505502048873165,-1.2170740485175422,-1.294399982019901,1.0,0.0,1.0,0.0,0.0,9.0,0.0,1.0,1.0
-0.8509803066577912,0.8263352852438672,-1.2170740485175422,0.7519588403201435,0.0,1.0,1.0,0.0,0.0,7.0,0.0,1.0,2.0
-0.7541830079917924,0.19518625845727178,1.075759063839371,1.3226704535208984,0.0,1.0,0.0,1.0,0.0,1.0,1.0,1.0,2.0
0.2137899786681953,-0.8498309826156157,1.0308902366041859,1.1074970856854292,1.0,0.0,0.0,0.0,1.0,4.0,1.0,1.0,1.0
0.31058727733419406,-1.3982063665449527,-0.3131926668127481,-0.9219777400936193,1.0,0.0,1.0,0.0,0.0,8.0,1.0,0.0,1.0
-0.1733992159957998,0.06067908881422684,0.10913594516770296,0.2679247877872242,0.0,1.0,1.0,0.0,0.0,4.0,1.0,1.0,1.0
0.40738457600019284,0.919455633458283,-1.2170740485175422,1.7296613998423058,0.0,1.0,0.0,0.0,1.0,9.0,1.0,0.0,1.0
-1.1413722026557875,-0.33249571475775064,1.266289621766626,0.9834684228788744,0.0,1.0,1.0,0.0,0.0,1.0,1.0,0.0,1.0
0.40738457600019284,-0.6015100540438405,-1.2170740485175422,-0.4088143576603799,0.0,1.0,1.0,0.0,0.0,9.0,1.0,1.0,2.0
-0.36699381332779735,-0.46700288440079557,0.9074952550050048,1.1299526619481781,0.0,1.0,1.0,0.0,0.0,2.0,0.0,1.0,1.0
-0.1733992159957998,-0.6428968754724697,-1.2170740485175422,-0.6703120821019329,0.0,1.0,1.0,0.0,0.0,5.0,1.0,0.0,1.0
0.7945737706641879,0.9711891602440694,-1.2170740485175422,0.7989894510580797,0.0,1.0,1.0,0.0,0.0,5.0,0.0,0.0,2.0
1.181762965328183,-0.7670573397583573,0.5329867195493248,0.712202821094512,0.0,1.0,0.0,0.0,1.0,2.0,0.0,0.0,1.0
0.020195381336197752,1.2402034995301592,-1.2170740485175422,-0.0624156669964621,0.0,1.0,1.0,0.0,0.0,5.0,1.0,0.0,2.0
-0.27019651466179856,0.8677221066724964,-1.2170740485175422,0.09208229506451672,0.0,1.0,0.0,0.0,1.0,5.0,1.0,0.0,2.0
-0.27019651466179856,-0.38422924154353716,0.6848132963798356,0.8049903497739739,0.0,1.0,1.0,0.0,0.0,1.0,1.0,0.0,1.0
1.8593440559901744,1.364363963816047,0.8331480143363122,-0.05685348082257111,1.0,0.0,0.0,1.0,0.0,3.0,1.0,1.0,1.0
-0.6573857093257937,1.7989255888166535,-1.2170740485175422,-1.5674607913512395,0.0,1.0,1.0,0.0,0.0,9.0,0.0,0.0,2.0
-0.6573857093257937,1.022922687029856,-1.2170740485175422,-0.0738822072943314,1.0,0.0,1.0,0.0,0.0,5.0,1.0,0.0,2.0
0.8913710693301867,1.0332693923870133,-1.2170740485175422,-1.2123501254578986,1.0,0.0,1.0,0.0,0.0,4.0,0.0,1.0,1.0
0.2137899786681953,0.4331604816718897,1.6999588178547327,1.5320276620217619,1.0,0.0,0.0,1.0,0.0,9.0,1.0,1.0,3.0
-0.1733992159957998,0.029638972742754933,-1.2170740485175422,-0.4934456948422585,1.0,0.0,1.0,0.0,0.0,5.0,0.0,1.0,1.0
-0.6573857093257937,1.912739347745384,0.538286236697851,-0.7765433147400133,1.0,0.0,0.0,1.0,0.0,4.0,1.0,0.0,2.0
-1.334966799987785,0.5573209459577774,-1.2170740485175422,0.21696437727276338,0.0,1.0,1.0,0.0,0.0,9.0,0.0,1.0,2.0
-1.7221559946517802,0.6607879995293504,0.012152225389996513,1.2812255127765086,0.0,1.0,1.0,0.0,0.0,6.0,1.0,1.0,1.0
-0.6573857093257937,-0.9326046254728741,1.4646676189100545,0.6887419633963001,0.0,1.0,0.0,1.0,0.0,6.0,1.0,0.0,1.0
0.9881683679961855,0.42281377631473244,-1.2170740485175422,1.3652612307102434,1.0,0.0,0.0,0.0,1.0,9.0,1.0,0.0,2.0
-1.2381695013217864,1.5712980709591928,-1.2170740485175422,1.4151137267996374,1.0,0.0,1.0,0.0,0.0,4.0,1.0,1.0,2.0
3.4081008346461545,0.15379943702864254,0.4724715610404312,-0.93389447391199,0.0,1.0,0.0,1.0,0.0,7.0,1.0,1.0,1.0
0.6009791733321904,0.8159885798867099,1.2405208864123047,1.0892912110091735,0.0,1.0,0.0,1.0,0.0,6.0,0.0,0.0,1.0
-0.27019651466179856,-1.367166250473481,-1.2170740485175422,0.7950352976908016,0.0,1.0,1.0,0.0,0.0,9.0,0.0,1.0,2.0
-0.5605884106597949,1.3126304370302604,1.2227040791917585,1.3984396929817804,1.0,0.0,1.0,0.0,0.0,9.0,0.0,0.0,2.0
2.5369251466521656,-0.7360172236868854,-1.2170740485175422,0.057818358462250065,1.0,0.0,0.0,0.0,1.0,1.0,0.0,1.0,2.0
-0.07660191732980101,0.4745473031005189,0.9143609806522746,-1.6085701744058896,1.0,0.0,0.0,1.0,0.0,6.0,1.0,1.0,1.0
0.7945737706641879,1.6540717138164513,0.7660506970272986,1.2548474428144605,1.0,0.0,1.0,0.0,0.0,3.0,0.0,0.0,2.0
0.2137899786681953,1.5609513656020357,0.24187480803528108,1.2059370827787896,1.0,0.0,0.0,1.0,0.0,4.0,0.0,1.0,2.0
0.5041818746661916,-0.3221490094005933,-1.2170740485175422,-1.4652369420716558,0.0,1.0,0.0,0.0,1.0,8.0,1.0,1.0,2.0
-1.334966799987785,-2.132822446903121,-1.2170740485175422,0.34038054727186595,0.0,1.0,1.0,0.0,0.0,6.0,1.0,0.0,2.0
1.2785602639941818,0.4124670709575751,-1.2170740485175422,1.321790940986256,0.0,1.0,1.0,0.0,0.0,3.0,1.0,0.0,1.0
2.1497359519881707,-0.2393753665433349,0.348035869821947,0.8708789895577016,1.0,0.0,0.0,1.0,0.0,1.0,1.0,1.0,1.0
-0.4637911119937961,-0.7567106344012,1.1538153395785262,-0.5771439415898368,0.0,1.0,0.0,1.0,0.0,8.0,1.0,0.0,2.0
0.2137899786681953,0.753908347743766,-1.2170740485175422,0.2765045578096996,0.0,1.0,0.0,0.0,1.0,5.0,0.0,1.0,1.0
2.6337224453181647,0.46420059774336164,0.7039051898994724,1.2901942444341619,1.0,0.0,0.0,1.0,0.0,7.0,1.0,1.0,2.0
-1.334966799987785,1.6230315977449794,-1.2170740485175422,-1.3338517553153328,0.0,1.0,0.0,0.0,1.0,7.0,0.0,1.0,2.0
-0.36699381332779735,1.4781777227447772,-1.2170740485175422,-0.5414808911987786,0.0,1.0,1.0,0.0,0.0,6.0,1.0,1.0,2.0
-0.4637911119937961,-0.7567106344012,1.5978752351372072,-0.4348923565934999,0.0,1.0,1.0,0.0,0.0,4.0,1.0,1.0,1.0
-0.5605884106597949,2.057593222745586,0.12384091166991978,-0.4338601122539888,1.0,0.0,0.0,1.0,0.0,2.0,0.0,1.0,1.0
-0.5605884106597949,-1.884501518331346,0.8376365367320762,1.1066711510504441,0.0,1.0,1.0,0.0,0.0,1.0,1.0,0.0,1.0
0.7945737706641879,-0.011747848685874276,-1.2170740485175422,1.532274155151032,1.0,0.0,1.0,0.0,0.0,9.0,1.0,0.0,1.0
-0.5605884106597949,-0.09452149154313269,0.14300739420150538,-0.6923242490587481,1.0,0.0,1.0,0.0,0.0,4.0,0.0,1.0,2.0
1.8593440559901744,1.0022292763155414,0.7494186333801631,0.42741419222736265,0.0,1.0,0.0,0.0,1.0,9.0,0.0,1.0,2.0
-0.4637911119937961,-1.8120745808312448,0.5818301444578591,1.693672533197809,1.0,0.0,0.0,1.0,0.0,8.0,0.0,1.0,1.0
-0.6573857093257937,0.5262808298863054,-0.06499949782709848,0.45616865078429775,0.0,1.0,0.0,0.0,1.0,8.0,1.0,1.0,1.0
0.8913710693301867,-0.44630947368648094,0.8393361695409871,-1.1769060834294025,1.0,0.0,0.0,1.0,0.0,2.0,1.0,0.0,2.0
0.6009791733321904,-0.9326046254728741,1.4849350931287897,0.27589815339993623,1.0,0.0,0.0,1.0,0.0,2.0,0.0,1.0,2.0
1.568952159992178,-1.6051404736880988,0.7970306965828186,-1.1885549277494842,1.0,0.0,0.0,1.0,0.0,4.0,1.0,1.0,1.0
0.8913710693301867,0.5573209459577774,1.3042938486198072,-0.006657947011991436,1.0,0.0,0.0,1.0,0.0,1.0,1.0,1.0,2.0
-0.1733992159957998,0.039985678099912235,-1.2170740485175422,0.10754334610862719,0.0,1.0,0.0,0.0,1.0,1.0,1.0,1.0,1.0
-0.6573857093257937,1.126389740601429,-1.2170740485175422,0.25582853321415605,1.0,0.0,0.0,0.0,1.0,2.0,1.0,1.0,1.0
0.6009791733321904,-0.9636447415443461,-1.2170740485175422,0.5557567457274691,0.0,1.0,0.0,0.0,1.0,4.0,1.0,0.0,1.0
0.6977764719981892,0.5262808298863054,0.3654377756635282,0.16881541485658008,1.0,0.0,1.0,0.0,0.0,9.0,0.0,1.0,1.0
2.440127847986167,-0.5497765272580539,-1.2170740485175422,-1.507788579561575,1.0,0.0,1.0,0.0,0.0,9.0,0.0,1.0,1.0
0.40738457600019284,-1.0050315629729754,-1.2170740485175422,0.8657777820659314,1.0,0.0,1.0,0.0,0.0,10.0,1.0,0.0,2.0
-1.5285613973197827,0.09171920488569875,1.4525451361943842,-0.16289023264306224,1.0,0.0,0.0,1.0,0.0,6.0,0.0,0.0,2.0
-0.5605884106597949,-0.4359627683293237,0.2960327000451676,-0.10681713365833305,0.0,1.0,0.0,1.0,0.0,6.0,0.0,0.0,1.0
0.31058727733419406,-1.0153782683301327,-1.2170740485175422,-1.6034832311601321,0.0,1.0,0.0,0.0,1.0,7.0,1.0,0.0,2.0
-0.1733992159957998,-1.1395387326160202,0.6900403142947651,-0.4576257377450595,0.0,1.0,1.0,0.0,0.0,9.0,1.0,1.0,1.0
-0.94777760532379,-1.067111795115919,0.12429005326342188,1.3422081217029338,0.0,1.0,1.0,0.0,0.0,5.0,0.0,1.0,1.0
3.4081008346461545,1.1160430352442716,0.855308345485429,-0.8978482023750027,1.0,0.0,0.0,0.0,1.0,6.0,1.0,1.0,1.0
0.7945737706641879,0.3607335441717886,0.6047132174124108,0.42292112868755233,1.0,0.0,1.0,0.0,0.0,5.0,1.0,0.0,1.0
0.7945737706641879,0.10206591024285605,0.5430597727103934,1.5388915476214302,1.0,0.0,0.0,1.0,0.0,0.0,0.0,0.0,1.0
0.31058727733419406,0.9298023388154402,0.48748613624310805,1.649574616649259,0.0,1.0,1.0,0.0,0.0,6.0,1.0,0.0,1.0
-0.4637911119937961,-1.129192027258863,0.529561572830374,0.7804708066948616,0.0,1.0,0.0,0.0,1.0,8.0,0.0,1.0,1.0
0.6009791733321904,-0.5808166433295259,0.48690099830454403,1.593251371496647,1.0,0.0,0.0,1.0,0.0,9.0,0.0,0.0,1.0
1.3753575626601806,0.4538538923862043,0.31379967408962767,-0.5169552597219775,1.0,0.0,0.0,1.0,0.0,8.0,0.0,0.0,1.0
-0.4637911119937961,-0.053134670114503485,0.8933305765828735,0.533029800882037,1.0,0.0,1.0,0.0,0.0,3.0,0.0,0.0,1.0
3.1177089386481582,-0.36353583082922253,-1.2170740485175422,1.2827503954661201,0.0,1.0,0.0,0.0,1.0,4.0,1.0,1.0,2.0
-0.7541830079917924,-1.646527295116728,-1.2170740485175422,-0.8766466620818414,1.0,0.0,1.0,0.0,0.0,7.0,1.0,1.0,2.0
-0.1733992159957998,0.54697424060062,1.2845446394323712,0.6128387791862734,1.0,0.0,0.0,0.0,1.0,9.0,1.0,1.0,1.0
0.6009791733321904,-0.36353583082922253,1.0837624326710413,-0.6180842411429696,0.0,1.0,0.0,1.0,0.0,3.0,0.0,1.0,2.0
-0.5605884106597949,-0.8291375719013011,0.42287549442081,0.49997571587756273,1.0,0.0,1.0,0.0,0.0,9.0,0.0,0.0,2.0
0.11699268000219652,0.7332149370294515,0.21643448938658802,0.9223967493919796,1.0,0.0,0.0,1.0,0.0,6.0,0.0,1.0,2.0
-0.4637911119937961,0.25726649060021556,0.3962274446368338,-0.9362287655857177,1.0,0.0,1.0,0.0,0.0,8.0,0.0,0.0,1.0
-1.1413722026557875,0.19518625845727178,0.058279259945274664,-1.2818444883069087,1.0,0.0,1.0,0.0,0.0,5.0,1.0,1.0,1.0
0.020195381336197752,0.5159341245291481,-1.2170740485175422,0.1771756546538343,1.0,0.0,0.0,0.0,1.0,9.0,1.0,1.0,2.0
-0.6573857093257937,0.029638972742754933,0.7353520137883959,1.5692382091509884,0.0,1.0,1.0,0.0,0.0,9.0,1.0,0.0,1.0
0.7945737706641879,-0.06348137547166079,1.2275957680572798,0.3823776187094829,0.0,1.0,0.0,1.0,0.0,9.0,1.0,0.0,1.0
0.7945737706641879,0.6400945888150358,-1.2170740485175422,0.13857869239385204,1.0,0.0,0.0,0.0,1.0,1.0,1.0,0.0,1.0
-0.27019651466179856,0.4021203656004178,0.5589237624370733,-0.32296968979631524,1.0,0.0,1.0,0.0,0.0,6.0,0.0,0.0,1.0
-0.27019651466179856,0.8780688120296537,-1.2170740485175422,-0.5107649248608647,1.0,0.0,1.0,0.0,0.0,6.0,1.0,0.0,1.0
0.40738457600019284,0.22622637452874367,1.4846835159656435,0.8199079678358407,1.0,0.0,1.0,0.0,0.0,5.0,1.0,1.0,1.0
0.2137899786681953,-0.6739369915439416,-0.19029264117863223,-0.28015416375515934,0.0,1.0,0.0,0.0,1.0,3.0,1.0,0.0,1.0
0.5041818746661916,0.29865331202884476,0.8722990472482062,-1.1562269276579051,0.0,1.0,0.0,1.0,0.0,0.0,1.0,1.0,2.0
-0.07660191732980101,-0.1255616076146046,0.8754502722508624,0.8652644431636903,0.0,1.0,0.0,1.0,0.0,5.0,1.0,1.0,1.0
0.31058727733419406,-0.18764183975754842,0.8090628365728099,-1.5318721933661992,0.0,1.0,0.0,1.0,0.0,3.0,0.0,1.0,1.0
0.11699268000219652,-0.2393753665433349,-1.2170740485175422,0.0691274701913196,0.0,1.0,0.0,0.0,1.0,10.0,1.0,0.0,2.0
-0.27019651466179856,0.8056418745295526,1.2408145806468531,1.3441727606598661,0.0,1.0,0.0,1.0,0.0,8.0,1.0,0.0,2.0
0.2137899786681953,0.3814269548861032,0.5973549470827892,-0.5973231529340082,0.0,1.0,0.0,1.0,0.0,2.0,0.0,1.0,2.0
0.31058727733419406,2.057593222745586,0.14040867444468563,-0.6929875364983431,0.0,1.0,0.0,1.0,0.0,6.0,0.0,1.0,3.0
0.31058727733419406,-1.1498854379731775,0.18583290046496365,1.2648898199159067,1.0,0.0,0.0,1.0,0.0,9.0,1.0,0.0,2.0
2.6337224453181647,-0.36353583082922253,0.9666223184316184,1.4608991732331889,1.0,0.0,1.0,0.0,0.0,1.0,1.0,0.0,1.0
-0.7541830079917924,-1.2636991969019078,-1.2170740485175422,1.319254514509274,1.0,0.0,1.0,0.0,0.0,7.0,1.0,1.0,2.0
0.9881683679961855,-0.06348137547166079,-1.2170740485175422,-1.5627271491256283,0.0,1.0,0.0,0.0,1.0,2.0,0.0,0.0,2.0
0.020195381336197752,-0.03244125940018888,0.8838748117965538,0.9410347263498904,1.0,0.0,1.0,0.0,0.0,6.0,1.0,1.0,2.0
0.11699268000219652,-0.30145559868627875,0.38722885905306215,1.6962874130278618,0.0,1.0,1.0,0.0,0.0,4.0,1.0,0.0,2.0
-0.36699381332779735,0.3607335441717886,0.5406356298220575,-0.2403250837572671,0.0,1.0,0.0,1.0,0.0,2.0,0.0,1.0,2.0
-0.8509803066577912,1.4781777227447772,-1.2170740485175422,-1.3176124330924268,0.0,1.0,1.0,0.0,0.0,8.0,1.0,1.0,2.0
0.11699268000219652,-0.891217804044245,0.22961054189603555,0.3692278973821041,1.0,0.0,0.0,1.0,0.0,1.0,0.0,1.0,2.0
1.2785602639941818,0.4848940084576762,0.517550491376084,1.2007659456907132,1.0,0.0,0.0,1.0,0.0,1.0,1.0,0.0,1.0
1.0849656666621843,-1.036071679044447,0.7344571063971912,-0.26702409925460285,0.0,1.0,0.0,1.0,0.0,1.0,0.0,1.0,1.0
-0.8509803066577912,1.0332693923870133,1.4394714828241855,0.6082023773694567,0.0,1.0,1.0,0.0,0.0,3.0,0.0,0.0,1.0
1.9561413546561732,-0.7463639290440427,1.1623977377658852,-0.4345458397879209,1.0,0.0,0.0,0.0,1.0,3.0,1.0,1.0,1.0
-0.36699381332779735,-0.29110889332912143,0.8816620580261331,-0.9041789182913879,1.0,0.0,1.0,0.0,0.0,0.0,1.0,1.0,1.0
-1.0445749039897887,0.6297478834578785,1.123565154924402,-0.10394045272767995,0.0,1.0,0.0,1.0,0.0,4.0,0.0,1.0,1.0
-0.1733992159957998,0.029638972742754933,0.5856992887005222,-0.41629578073986995,0.0,1.0,0.0,1.0,0.0,5.0,1.0,0.0,1.0
0.6009791733321904,1.1781232673872155,0.2546086312950061,-0.9170736227327332,0.0,1.0,0.0,0.0,1.0,2.0,1.0,1.0,1.0
0.020195381336197752,-0.022094554043031577,0.6009754077015628,-0.6875271135429579,0.0,1.0,1.0,0.0,0.0,3.0,1.0,1.0,1.0
-0.5605884106597949,-0.5394298219008967,-0.38613171837654503,0.20464093848880832,0.0,1.0,0.0,0.0,1.0,4.0,1.0,0.0,1.0
0.6977764719981892,-0.7153238129725709,-0.1309791052221466,-0.962881857169061,1.0,0.0,0.0,0.0,1.0,8.0,1.0,0.0,1.0
0.11699268000219652,0.2779599013145302,0.8509137023633249,1.1796649509365196,1.0,0.0,0.0,1.0,0.0,8.0,0.0,0.0,1.0
-1.4317640986537838,-0.1772951344003911,0.18811204488610614,-0.6352467384096547,1.0,0.0,1.0,0.0,0.0,2.0,1.0,0.0,1.0
0.6009791733321904,-0.0014011433287169732,1.4498301926107562,-1.336041143124077,0.0,1.0,1.0,0.0,0.0,2.0,1.0,0.0,2.0
-0.07660191732980101,-1.5327135361879978,-1.2170740485175422,-0.08185331150218768,0.0,1.0,1.0,0.0,0.0,1.0,1.0,1.0,2.0
0.7945737706641879,1.1056963298871143,0.3184815813590433,-0.4620956653736539,1.0,0.0,0.0,1.0,0.0,9.0,1.0,0.0,1.0
0.8913710693301867,0.2883066066716875,-1.2170740485175422,-1.3309889907222532,0.0,1.0,1.0,0.0,0.0,8.0,1.0,0.0,2.0
-0.27019651466179856,0.753908347743766,0.30388447957022646,-1.55221927053235,0.0,1.0,0.0,1.0,0.0,6.0,1.0,1.0,2.0
-1.1413722026557875,0.039985678099912235,-1.2170740485175422,0.14176153275112127,1.0,0.0,0.0,0.0,1.0,9.0,0.0,0.0,2.0
-1.334966799987785,-1.1498854379731775,0.6502269823974635,-1.5037824138826161,0.0,1.0,1.0,0.0,0.0,5.0,1.0,0.0,1.0
-0.36699381332779735,0.9711891602440694,-1.2170740485175422,0.2908933550437753,1.0,0.0,0.0,0.0,1.0,8.0,1.0,1.0,2.0
0.020195381336197752,1.2505502048873165,0.7519168830239052,0.7106127055725249,1.0,0.0,0.0,0.0,1.0,4.0,1.0,1.0,2.0
-1.0445749039897887,0.4538538923862043,0.32648221740363786,-0.7282802383557276,0.0,1.0,0.0,0.0,1.0,0.0,1.0,1.0,1.0
0.7945737706641879,0.029638972742754933,-1.2170740485175422,1.2285219070267528,0.0,1.0,1.0,0.0,0.0,10.0,1.0,0.0,2.0
0.31058727733419406,0.6194011781007212,1.6383150182835702,-1.4519257912284247,0.0,1.0,0.0,0.0,1.0,3.0,0.0,1.0,3.0
-0.1733992159957998,-1.1809255540446495,-1.2170740485175422,-1.4274034648817973,0.0,1.0,1.0,0.0,0.0,6.0,1.0,1.0,1.0
-0.7541830079917924,1.095349624529957,0.8296285060871591,1.1013324960488269,0.0,1.0,0.0,1.0,0.0,1.0,1.0,0.0,3.0
-0.6573857093257937,0.6090544727435638,-1.2170740485175422,-0.08816611013394714,1.0,0.0,1.0,0.0,0.0,3.0,1.0,0.0,1.0
1.2785602639941818,-1.3464728397591663,0.6556456169120545,-0.8013303994089757,0.0,1.0,0.0,1.0,0.0,5.0,0.0,0.0,3.0
0.8913710693301867,-0.08417478618597539,-1.2170740485175422,1.30240583065487,0.0,1.0,0.0,0.0,1.0,8.0,1.0,0.0,2.0
-0.7541830079917924,0.7642550531009233,-1.2170740485175422,-0.6702849452436647,1.0,0.0,1.0,0.0,0.0,6.0,0.0,0.0,1.0
-0.27019651466179856,0.23657307988590098,-1.2170740485175422,1.4425758794586576,0.0,1.0,0.0,0.0,1.0,2.0,1.0,1.0,2.0
-0.4637911119937961,-0.6739369915439416,-0.022527646361673558,-1.4755451212207544,0.0,1.0,0.0,1.0,0.0,9.0,1.0,0.0,1.0
-0.36699381332779735,1.1574298566729009,0.642050644219119,0.08432602431795054,1.0,0.0,1.0,0.0,0.0,7.0,1.0,1.0,2.0
-0.1733992159957998,-0.35318912547206527,0.6552295902678227,1.312763760710794,1.0,0.0,0.0,1.0,0.0,4.0,1.0,0.0,2.0
-0.8509803066577912,-1.718954232616829,1.303064898196642,0.7182485999990804,1.0,0.0,0.0,1.0,0.0,5.0,1.0,1.0,1.0
-0.07660191732980101,0.13310602631432794,-0.022585838651168023,0.9486918431912454,1.0,0.0,1.0,0.0,0.0,4.0,1.0,0.0,2.0
2.052938653322172,-0.1462550183289192,-1.2170740485175422,-0.5163772098500201,0.0,1.0,1.0,0.0,0.0,3.0,1.0,1.0,2.0
-0.8509803066577912,0.3296934281003167,0.5645346565600498,-1.3032624276493374,0.0,1.0,1.0,0.0,0.0,8.0,0.0,0.0,2.0
0.020195381336197752,-0.7153238129725709,0.9061002475789451,1.6072753867320784,1.0,0.0,1.0,0.0,0.0,1.0,1.0,0.0,2.0
0.9881683679961855,-1.646527295116728,1.2142938465901691,1.172090462349507,1.0,0.0,0.0,1.0,0.0,2.0,1.0,1.0,2.0
0.2137899786681953,-1.4499398933307392,1.2568320887063156,-1.0571419083180145,1.0,0.0,0.0,1.0,0.0,8.0,1.0,1.0,1.0
0.31058727733419406,0.6400945888150358,0.5370812383496437,1.1831461227805198,0.0,1.0,0.0,0.0,1.0,0.0,0.0,1.0,1.0
-0.1733992159957998,1.1574298566729009,-1.2170740485175422,0.8671019215860457,1.0,0.0,0.0,0.0,1.0,6.0,1.0,1.0,2.0
2.440127847986167,0.6814814102436649,0.36412217981484507,-1.36081744263142,1.0,0.0,0.0,1.0,0.0,10.0,1.0,1.0,2.0
0.11699268000219652,-0.8705243933299304,0.6899097835238547,-0.1371639691421111,0.0,1.0,0.0,0.0,1.0,4.0,0.0,0.0,1.0
2.3433305493201684,-0.1772951344003911,-1.2170740485175422,-1.2017771879864647,0.0,1.0,0.0,0.0,1.0,10.0,1.0,0.0,2.0
1.9561413546561732,0.5883610620292492,-1.2170740485175422,1.388405491728659,1.0,0.0,1.0,0.0,0.0,2.0,1.0,0.0,1.0
-0.07660191732980101,0.8987622227439683,1.6442676715431916,-1.4025107900014961,0.0,1.0,0.0,0.0,1.0,5.0,0.0,1.0,1.0
-1.2381695013217864,-1.4706333040450539,-1.2170740485175422,-1.6296181131230838,0.0,1.0,1.0,0.0,0.0,10.0,1.0,1.0,2.0
-0.94777760532379,-1.0878052058302337,-1.2170740485175422,-0.08758145000164227,0.0,1.0,1.0,0.0,0.0,5.0,1.0,1.0,1.0
0.2137899786681953,0.5159341245291481,1.2077912601196066,0.48297812721112293,0.0,1.0,0.0,1.0,0.0,0.0,0.0,1.0,1.0
-0.07660191732980101,0.5262808298863054,-1.2170740485175422,1.0205678132617333,1.0,0.0,0.0,0.0,1.0,9.0,1.0,1.0,2.0
3.2145062373141573,0.17449284774295717,-1.2170740485175422,-0.5057733085274854,0.0,1.0,1.0,0.0,0.0,2.0,1.0,1.0,2.0
-0.4637911119937961,0.6504412941721931,-1.2170740485175422,-0.3413773513673855,0.0,1.0,1.0,0.0,0.0,10.0,1.0,1.0,2.0
-0.36699381332779735,-1.0050315629729754,-0.0116161098249046,1.5707446526933153,1.0,0.0,1.0,0.0,0.0,10.0,0.0,1.0,2.0
-1.0445749039897887,0.09171920488569875,0.8555018911112617,1.7084221114834763,1.0,0.0,0.0,0.0,1.0,3.0,1.0,1.0,1.0
-0.6573857093257937,0.29865331202884476,0.27730410645441944,0.29744273141428335,0.0,1.0,1.0,0.0,0.0,5.0,1.0,0.0,1.0
-1.0445749039897887,-0.1462550183289192,0.7710396409622795,1.158530209063711,0.0,1.0,0.0,1.0,0.0,3.0,1.0,1.0,1.0
2.5369251466521656,0.9504957495297548,0.9038180488663651,-0.06017113570008322,0.0,1.0,0.0,1.0,0.0,2.0,1.0,1.0,1.0
1.8593440559901744,0.9091089281011256,0.4158350311528753,-0.48168204073719584,0.0,1.0,1.0,0.0,0.0,2.0,1.0,1.0,1.0
-0.7541830079917924,1.0436160977441706,1.1080110954025433,-1.0326265401401737,1.0,0.0,0.0,0.0,1.0,4.0,1.0,0.0,2.0
-0.1733992159957998,0.008945562028440329,-1.2170740485175422,0.7573018441772523,1.0,0.0,1.0,0.0,0.0,4.0,1.0,0.0,2.0
-0.4637911119937961,-0.5187364111865821,-1.2170740485175422,-1.2670150650344136,1.0,0.0,1.0,0.0,0.0,5.0,1.0,0.0,2.0
0.020195381336197752,1.6644184191736087,0.6433223547224098,1.4914947632510922,0.0,1.0,0.0,1.0,0.0,5.0,1.0,1.0,3.0
-0.27019651466179856,-0.06348137547166079,-1.2170740485175422,-1.5266584374943037,1.0,0.0,1.0,0.0,0.0,8.0,1.0,1.0,2.0
0.11699268000219652,0.06067908881422684,-1.2170740485175422,-0.8152884859951528,0.0,1.0,0.0,0.0,1.0,10.0,1.0,1.0,2.0
-0.27019651466179856,-0.7980974558298293,-1.2170740485175422,-0.4896736715429731,0.0,1.0,0.0,0.0,1.0,1.0,0.0,1.0,2.0
-1.2381695013217864,1.8403124102452828,0.4136018618554771,-1.4009262410145384,1.0,0.0,0.0,0.0,1.0,8.0,1.0,1.0,2.0
-0.4637911119937961,-0.36353583082922253,-1.2170740485175422,-1.29067805753588,0.0,1.0,1.0,0.0,0.0,10.0,1.0,0.0,2.0
-0.1733992159957998,0.11241261560001335,-1.2170740485175422,0.9047906688651401,1.0,0.0,1.0,0.0,0.0,5.0,1.0,0.0,2.0
-0.6573857093257937,0.14345273167148526,-1.2170740485175422,-1.3459053911045824,1.0,0.0,0.0,0.0,1.0,10.0,1.0,1.0,1.0
0.6009791733321904,-1.5120201254736831,0.894491046576965,1.6619001428838498,1.0,0.0,0.0,0.0,1.0,9.0,1.0,0.0,3.0
0.11699268000219652,0.008945562028440329,0.39802465401956577,0.42953104112650514,1.0,0.0,0.0,0.0,1.0,7.0,1.0,1.0,1.0
-0.36699381332779735,1.5299112495305638,-1.2170740485175422,0.7118573480142507,0.0,1.0,0.0,0.0,1.0,7.0,0.0,1.0,2.0
0.2137899786681953,0.09171920488569875,-1.2170740485175422,0.1532049371377747,0.0,1.0,1.0,0.0,0.0,3.0,1.0,1.0,2.0
-0.07660191732980101,-0.07382808082881809,-1.2170740485175422,-0.3466956537253016,0.0,1.0,1.0,0.0,0.0,3.0,1.0,1.0,2.0
1.8593440559901744,0.3193467227431594,-1.2170740485175422,1.325136602493135,1.0,0.0,0.0,0.0,1.0,4.0,1.0,0.0,1.0
0.11699268000219652,0.029638972742754933,-1.2170740485175422,1.4614622630422547,0.0,1.0,1.0,0.0,0.0,6.0,0.0,0.0,1.0
-0.7541830079917924,0.6814814102436649,0.8682445557409377,-1.0207997406533715,0.0,1.0,1.0,0.0,0.0,4.0,0.0,0.0,1.0
0.11699268000219652,1.405750785244676,-1.2170740485175422,-0.27322487136889595,1.0,0.0,1.0,0.0,0.0,6.0,1.0,1.0,2.0
-0.7541830079917924,-0.7463639290440427,0.23849644020097924,-1.4100478784312804,0.0,1.0,0.0,1.0,0.0,2.0,1.0,1.0,2.0
-1.7221559946517802,0.4021203656004178,-1.2170740485175422,0.9728250339484754,0.0,1.0,1.0,0.0,0.0,8.0,1.0,1.0,2.0
-0.1733992159957998,1.7575387673880243,0.49418966293982564,0.4793188262461825,1.0,0.0,0.0,1.0,0.0,5.0,0.0,1.0,2.0
-0.94777760532379,-0.0014011433287169732,0.7423352492799217,-0.7885028412964222,0.0,1.0,0.0,1.0,0.0,3.0,1.0,0.0,1.0
0.31058727733419406,-1.1188453219017056,-1.2170740485175422,-0.7516252425436406,0.0,1.0,1.0,0.0,0.0,7.0,1.0,1.0,1.0
-1.1413722026557875,-2.298369732617638,0.6686686333452622,-1.3192375134125671,1.0,0.0,1.0,0.0,0.0,6.0,1.0,1.0,2.0
2.5369251466521656,-1.3982063665449527,0.43129649741852133,1.4200183660231827,1.0,0.0,0.0,0.0,1.0,9.0,1.0,0.0,1.0
-1.5285613973197827,-0.8705243933299304,0.28631571296484587,-0.32065122795657736,1.0,0.0,1.0,0.0,0.0,9.0,0.0,1.0,1.0
0.40738457600019284,0.3090000173860021,-0.15066529955466,-1.4105285139402237,0.0,1.0,1.0,0.0,0.0,3.0,1.0,1.0,1.0
2.7305197439841633,1.4988711334590918,-1.2170740485175422,-0.7825795261625,0.0,1.0,0.0,0.0,1.0,5.0,0.0,1.0,2.0
-0.94777760532379,-0.26006877725764954,0.48315804452390637,-1.02204838404215,1.0,0.0,1.0,0.0,0.0,4.0,0.0,0.0,2.0
-0.27019651466179856,0.06067908881422684,-1.2170740485175422,0.4176247445613144,0.0,1.0,0.0,0.0,1.0,8.0,0.0,1.0,2.0
0.8913710693301867,-0.06348137547166079,0.23953907884645323,0.8572540253021892,1.0,0.0,1.0,0.0,0.0,7.0,1.0,1.0,1.0
-0.5605884106597949,0.753908347743766,0.44775318043626855,0.36925312074395594,0.0,1.0,0.0,1.0,0.0,5.0,1.0,0.0,2.0
0.11699268000219652,-0.3945759469006945,0.3201083934299956,-0.6810718464052903,1.0,0.0,1.0,0.0,0.0,9.0,1.0,1.0,2.0
-0.4637911119937961,0.6607879995293504,0.7813078472709899,-0.03610891826447821,0.0,1.0,1.0,0.0,0.0,4.0,0.0,0.0,1.0
0.6977764719981892,-0.5497765272580539,0.9011420073105209,1.4807250835572139,1.0,0.0,0.0,1.0,0.0,7.0,0.0,0.0,1.0
-1.0445749039897887,-2.3811433754748963,0.7502789790524692,-0.18858918533152538,0.0,1.0,0.0,1.0,0.0,8.0,1.0,1.0,3.0
-0.4637911119937961,0.15379943702864254,0.6459974317651683,-1.3005454366923395,1.0,0.0,1.0,0.0,0.0,9.0,1.0,1.0,1.0
-0.4637911119937961,-2.3811433754748963,0.24132374955907313,-1.5255077303311986,0.0,1.0,0.0,0.0,1.0,6.0,1.0,1.0,1.0
-1.818953293317779,0.25726649060021556,0.0781019328793925,-0.5433757745136245,0.0,1.0,1.0,0.0,0.0,1.0,0.0,0.0,1.0
-1.2381695013217864,0.25726649060021556,0.5246542910033029,-0.6893275397165239,1.0,0.0,0.0,1.0,0.0,1.0,0.0,0.0,1.0
-0.94777760532379,-0.6325501701153124,-1.2170740485175422,0.3824926024486836,1.0,0.0,1.0,0.0,0.0,4.0,1.0,0.0,2.0
1.4721548613261792,0.6090544727435638,1.5340005167991801,1.1683680160028271,0.0,1.0,1.0,0.0,0.0,6.0,1.0,1.0,1.0
-1.818953293317779,1.436790901316148,-1.2170740485175422,1.1880041422731942,0.0,1.0,0.0,0.0,1.0,8.0,1.0,0.0,2.0
-0.6573857093257937,0.13310602631432794,0.9322748821900992,0.6018319998909873,0.0,1.0,0.0,0.0,1.0,5.0,0.0,0.0,1.0
0.020195381336197752,0.54697424060062,-1.2170740485175422,-1.6254590416850367,0.0,1.0,1.0,0.0,0.0,5.0,1.0,0.0,1.0
2.924114341316161,0.7021748209579796,-1.2170740485175422,-0.7225820199820561,0.0,1.0,1.0,0.0,0.0,3.0,1.0,1.0,2.0
-0.36699381332779735,0.07102579417138415,0.8147959023532885,0.9828915906864545,1.0,0.0,1.0,0.0,0.0,5.0,0.0,0.0,1.0
-1.5285613973197827,-1.781034464759773,0.7694292256137812,-0.08193959279514322,1.0,0.0,0.0,1.0,0.0,9.0,0.0,1.0,1.0
-0.07660191732980101,-0.1255616076146046,-1.2170740485175422,-0.9914672322244787,0.0,1.0,1.0,0.0,0.0,3.0,1.0,0.0,1.0
0.5041818746661916,-0.33249571475775064,0.6632069172461833,-1.6487993491090187,0.0,1.0,1.0,0.0,0.0,3.0,1.0,0.0,1.0
-1.2381695013217864,-0.49804300047226746,0.5377991575896508,-0.1220814424799988,0.0,1.0,0.0,1.0,0.0,4.0,1.0,1.0,1.0
-0.1733992159957998,-0.9015645094014022,0.39450160922243216,0.8032306288878103,0.0,1.0,0.0,0.0,1.0,9.0,1.0,1.0,1.0
-0.36699381332779735,0.3503868388146313,1.0004783352560522,0.23972541714525014,0.0,1.0,0.0,0.0,1.0,4.0,1.0,0.0,1.0
-1.0445749039897887,0.9401490441725975,1.8671897939266613,0.1495884289108727,1.0,0.0,1.0,0.0,0.0,2.0,1.0,0.0,1.0
0.9881683679961855,-0.2186819558290203,-1.2170740485175422,1.0959046025325199,1.0,0.0,0.0,0.0,1.0,1.0,0.0,1.0,2.0
0.9881683679961855,-1.0464183844016044,0.5320215634550564,-0.6681889708508825,0.0,1.0,0.0,1.0,0.0,0.0,1.0,0.0,3.0
1.8593440559901744,-1.201618964758964,-1.2170740485175422,-1.5321663499516582,0.0,1.0,0.0,0.0,1.0,1.0,1.0,1.0,2.0
2.3433305493201684,-2.0190086879743907,1.4409730689461975,0.7114619500729452,1.0,0.0,1.0,0.0,0.0,1.0,0.0,0.0,2.0
0.6009791733321904,0.3917736602432605,0.8754502722508624,0.8871263136747124,0.0,1.0,0.0,1.0,0.0,0.0,1.0,0.0,2.0
-0.6573857093257937,-2.44322360761784,1.1268147602617833,-1.6837731928817514,0.0,1.0,1.0,0.0,0.0,5.0,1.0,1.0,1.0
-0.36699381332779735,-0.2807621879719641,0.7064294813965242,-1.6571512391037286,1.0,0.0,0.0,0.0,1.0,7.0,1.0,1.0,2.0
1.3753575626601806,-1.6982608219025146,0.22247539559353652,-0.17015925762033762,1.0,0.0,1.0,0.0,0.0,10.0,0.0,1.0,1.0
-0.6573857093257937,-1.2430057861875932,0.5442909736640915,1.2557954933116524,1.0,0.0,0.0,1.0,0.0,0.0,1.0,1.0,2.0
-0.5605884106597949,-0.2807621879719641,-0.15257037365079193,1.2343846860922303,0.0,1.0,0.0,0.0,1.0,6.0,0.0,1.0,1.0
-0.07660191732980101,-0.5083897058294248,-0.06499580052693728,0.6480351104059623,0.0,1.0,0.0,1.0,0.0,2.0,0.0,0.0,2.0
-0.1733992159957998,0.6090544727435638,0.9658703197292552,-0.9277864193967802,0.0,1.0,0.0,1.0,0.0,6.0,0.0,1.0,1.0
1.8593440559901744,-0.40492265225785173,1.1884461819150143,0.26619498702684347,1.0,0.0,0.0,1.0,0.0,1.0,1.0,1.0,1.0
0.9881683679961855,0.46420059774336164,0.3428043508459516,0.9148626181839294,0.0,1.0,0.0,1.0,0.0,5.0,1.0,0.0,2.0
0.6977764719981892,1.2298567941730019,1.8481167084121923,-1.4809302219990232,0.0,1.0,0.0,0.0,1.0,9.0,1.0,1.0,1.0
-1.1413722026557875,-0.787750750472672,1.022230838122164,-0.00025590986554235976,0.0,1.0,1.0,0.0,0.0,3.0,1.0,0.0,1.0
0.2137899786681953,-1.5947937683309414,0.07766918800834474,-0.19360185012548456,0.0,1.0,0.0,1.0,0.0,5.0,0.0,0.0,1.0
-1.0445749039897887,1.2712436156016311,-0.07148938487536799,-0.5409823384052095,1.0,0.0,1.0,0.0,0.0,1.0,0.0,1.0,2.0
-0.8509803066577912,0.3917736602432605,0.9796188107549736,-1.0088122074675958,1.0,0.0,0.0,1.0,0.0,5.0,1.0,1.0,1.0
-0.27019651466179856,-2.4121834915463682,0.23202712943186798,-0.5340526981105069,0.0,1.0,1.0,0.0,0.0,7.0,1.0,1.0,1.0
-0.07660191732980101,-0.5083897058294248,0.5807130775526174,0.4267256814259158,0.0,1.0,1.0,0.0,0.0,7.0,1.0,0.0,2.0
1.3753575626601806,-2.743278062975402,0.9041324801322526,-0.6496153569542488,1.0,0.0,0.0,0.0,1.0,1.0,1.0,1.0,1.0
-0.07660191732980101,1.540257954887721,1.4866221872675882,-0.5532894254925157,1.0,0.0,1.0,0.0,0.0,2.0,1.0,0.0,2.0
-1.5285613973197827,0.9504957495297548,0.5544755888387215,-0.07436962701784179,0.0,1.0,1.0,0.0,0.0,3.0,1.0,0.0,1.0
-0.07660191732980101,-0.7463639290440427,1.6079744909037665,1.6225033391218333,1.0,0.0,1.0,0.0,0.0,4.0,1.0,1.0,1.0
-1.2381695013217864,-0.8187908665441438,0.6844154347320482,-0.6859256909966923,0.0,1.0,0.0,1.0,0.0,4.0,0.0,0.0,2.0
-0.36699381332779735,-1.0050315629729754,0.6750945410255237,-0.07969784476627909,1.0,0.0,1.0,0.0,0.0,6.0,0.0,0.0,2.0
1.0849656666621843,0.4848940084576762,-1.2170740485175422,-0.19642547501913904,1.0,0.0,0.0,0.0,1.0,1.0,1.0,0.0,4.0
-0.5605884106597949,1.5816447763163501,1.0067066785059577,-0.3370351061360277,1.0,0.0,0.0,1.0,0.0,10.0,1.0,1.0,1.0
0.11699268000219652,-0.2704154826148068,1.05383455613967,1.348820121592522,1.0,0.0,1.0,0.0,0.0,7.0,0.0,1.0,1.0
-0.07660191732980101,2.057593222745586,0.30447813737437923,1.2542459091228482,0.0,1.0,0.0,0.0,1.0,2.0,1.0,1.0,1.0
-1.5285613973197827,-0.5808166433295259,-1.2170740485175422,1.18684230204003,0.0,1.0,0.0,0.0,1.0,7.0,1.0,1.0,2.0
-0.36699381332779735,-0.8084441611869866,-1.2170740485175422,-1.5327941507304408,0.0,1.0,1.0,0.0,0.0,9.0,1.0,0.0,2.0
0.020195381336197752,-1.9051949290456605,-1.2170740485175422,-1.6080803193233038,0.0,1.0,0.0,0.0,1.0,5.0,1.0,1.0,2.0
-0.5605884106597949,0.050332383457069536,1.0126393984951443,-1.091085073339213,0.0,1.0,1.0,0.0,0.0,7.0,1.0,0.0,2.0
0.2137899786681953,-0.011747848685874276,0.8535530924219182,0.24038452968357296,0.0,1.0,0.0,0.0,1.0,3.0,0.0,0.0,3.0
-0.07660191732980101,-0.45665617904363826,0.3616051221659348,1.3300466342974895,0.0,1.0,0.0,1.0,0.0,3.0,1.0,0.0,1.0
-0.5605884106597949,0.24691978524305827,1.0626530992808065,-0.609598928261774,1.0,0.0,0.0,1.0,0.0,0.0,1.0,0.0,1.0
1.7625467573241755,0.22622637452874367,-1.2170740485175422,-0.8728083622248625,1.0,0.0,0.0,0.0,1.0,4.0,1.0,1.0,2.0
-0.6573857093257937,-1.2947393129733797,0.801009634565053,-0.22739784987684383,0.0,1.0,1.0,0.0,0.0,7.0,0.0,0.0,1.0
3.0209116399821596,-0.022094554043031577,0.6613908998582835,0.1264142477666737,0.0,1.0,0.0,1.0,0.0,9.0,0.0,1.0,2.0
-0.4637911119937961,1.2505502048873165,-1.2170740485175422,1.2372001351375599,0.0,1.0,1.0,0.0,0.0,9.0,1.0,0.0,2.0
2.1497359519881707,2.057593222745586,1.0621349950016878,-0.13577024793412948,0.0,1.0,0.0,1.0,0.0,3.0,1.0,1.0,1.0
-0.1733992159957998,2.057593222745586,0.19981335688775548,0.17048259209788014,0.0,1.0,0.0,0.0,1.0,4.0,1.0,0.0,1.0
0.2137899786681953,-1.3878596611877954,-1.2170740485175422,-0.41611973906956584,0.0,1.0,1.0,0.0,0.0,2.0,0.0,1.0,2.0
1.9561413546561732,0.3090000173860021,0.7566655024484044,0.7011791682399181,0.0,1.0,1.0,0.0,0.0,4.0,0.0,1.0,1.0
-0.27019651466179856,0.019292267385597632,-1.2170740485175422,0.1855553773236913,1.0,0.0,0.0,0.0,1.0,3.0,0.0,0.0,2.0
0.020195381336197752,-0.1359083129717619,0.7521607440823671,-0.08438330167304214,1.0,0.0,0.0,1.0,0.0,0.0,1.0,1.0,2.0
-0.6573857093257937,-1.4706333040450539,1.5263463017044772,-1.3605392898341706,0.0,1.0,0.0,1.0,0.0,9.0,1.0,1.0,1.0
-0.7541830079917924,-0.7256705183297281,-1.2170740485175422,1.5398169840700648,1.0,0.0,0.0,0.0,1.0,6.0,1.0,0.0,2.0
0.020195381336197752,0.5055874191719908,1.1066120691719605,1.562208719134196,1.0,0.0,0.0,1.0,0.0,5.0,1.0,1.0,2.0
0.9881683679961855,-0.41526935761500905,0.2122599160001689,1.0711462203098023,1.0,0.0,1.0,0.0,0.0,2.0,0.0,0.0,3.0
-0.8509803066577912,-0.1979885451147057,-0.05083305113097753,1.441560508678454,0.0,1.0,0.0,1.0,0.0,2.0,0.0,1.0,2.0
-0.6573857093257937,0.6400945888150358,0.6652378602999791,0.8645548839016636,1.0,0.0,1.0,0.0,0.0,1.0,0.0,0.0,1.0
-0.07660191732980101,-0.26006877725764954,1.0507307530303864,-0.8186830286377582,0.0,1.0,1.0,0.0,0.0,7.0,1.0,0.0,1.0
-0.8509803066577912,2.057593222745586,0.1726187496886372,1.547332154268171,0.0,1.0,1.0,0.0,0.0,6.0,1.0,1.0,1.0
-1.5285613973197827,0.6711347048865076,0.30146837429093654,1.4967401787909675,1.0,0.0,1.0,0.0,0.0,2.0,0.0,1.0,2.0
-0.4637911119937961,-0.9739914469015034,-1.2170740485175422,0.4099977217999618,0.0,1.0,0.0,0.0,1.0,3.0,0.0,1.0,1.0
-0.07660191732980101,0.4331604816718897,-1.2170740485175422,-0.3779192184762075,1.0,0.0,1.0,0.0,0.0,3.0,0.0,0.0,2.0
2.7305197439841633,0.3917736602432605,1.308258801162301,-0.006413367379137974,0.0,1.0,0.0,1.0,0.0,9.0,1.0,1.0,1.0
0.40738457600019284,0.49524071381483353,0.08122534775474864,1.7311904574331891,1.0,0.0,1.0,0.0,0.0,3.0,1.0,0.0,1.0
-0.94777760532379,-0.1359083129717619,0.4453886766070554,-1.4703009233604172,1.0,0.0,1.0,0.0,0.0,9.0,1.0,1.0,1.0
0.6977764719981892,0.050332383457069536,1.0859764724589096,1.6219619935902259,0.0,1.0,1.0,0.0,0.0,9.0,0.0,0.0,2.0
0.11699268000219652,-0.7256705183297281,0.40678870217136914,-1.599201869905658,0.0,1.0,0.0,1.0,0.0,0.0,0.0,1.0,1.0
-0.27019651466179856,0.19518625845727178,-1.2170740485175422,-0.7008126931158977,0.0,1.0,1.0,0.0,0.0,7.0,0.0,0.0,2.0
-1.1413722026557875,-0.860177687972773,0.8215203268335263,0.32685004015763325,0.0,1.0,0.0,0.0,1.0,5.0,0.0,1.0,2.0
-0.6573857093257937,1.395404079887519,0.623740810059678,-1.462294506445968,1.0,0.0,0.0,0.0,1.0,6.0,1.0,0.0,1.0
0.2137899786681953,0.3296934281003167,0.32126838116754425,1.470042728881609,0.0,1.0,1.0,0.0,0.0,6.0,1.0,1.0,2.0
0.2137899786681953,0.8263352852438672,-1.2170740485175422,-1.3491788616102987,0.0,1.0,0.0,0.0,1.0,4.0,1.0,0.0,2.0
-1.0445749039897887,1.7368453566737099,1.4876329969812394,0.051150345313928154,1.0,0.0,0.0,0.0,1.0,8.0,1.0,1.0,1.0
0.020195381336197752,0.4538538923862043,-1.2170740485175422,0.050533677605204406,1.0,0.0,0.0,0.0,1.0,5.0,0.0,0.0,2.0
-0.94777760532379,0.07102579417138415,0.07316475114666945,-1.3785153709862439,0.0,1.0,1.0,0.0,0.0,4.0,1.0,1.0,1.0
-0.07660191732980101,-1.367166250473481,0.7976098866906882,1.537180881825213,1.0,0.0,1.0,0.0,0.0,7.0,1.0,0.0,1.0
-0.07660191732980101,0.09171920488569875,0.5490992321477136,0.9529772053927719,0.0,1.0,0.0,0.0,1.0,6.0,1.0,1.0,1.0
0.31058727733419406,0.5883610620292492,1.8756455193954518,-1.7227613781817674,1.0,0.0,0.0,1.0,0.0,8.0,1.0,0.0,2.0
1.665749458658177,0.3296934281003167,-0.39866524441883866,-0.038781029032801576,0.0,1.0,0.0,0.0,1.0,7.0,0.0,0.0,3.0
-0.1733992159957998,-1.1809255540446495,1.3294325961770865,0.3101932278075236,1.0,0.0,0.0,1.0,0.0,7.0,1.0,1.0,4.0
-0.6573857093257937,2.057593222745586,0.6632266897644371,1.3087607262077892,1.0,0.0,0.0,1.0,0.0,0.0,0.0,0.0,1.0
-1.5285613973197827,1.3540172584588896,0.35914384552380524,0.7432825257057524,0.0,1.0,0.0,0.0,1.0,10.0,1.0,1.0,1.0
0.2137899786681953,-1.439593187973582,-1.2170740485175422,0.01129169309869239,1.0,0.0,1.0,0.0,0.0,6.0,1.0,1.0,1.0
-0.36699381332779735,-0.24972207190049223,-1.2170740485175422,1.5283542707650284,1.0,0.0,0.0,0.0,1.0,7.0,1.0,0.0,1.0
0.2137899786681953,-0.33249571475775064,0.269362466460224,-1.0713530982938086,1.0,0.0,0.0,1.0,0.0,5.0,1.0,0.0,1.0
-0.36699381332779735,-0.16694842904323381,-1.2170740485175422,-0.5898272916542855,1.0,0.0,0.0,0.0,1.0,7.0,1.0,1.0,2.0
-0.36699381332779735,1.46783101738762,-1.2170740485175422,-0.35059727291824,0.0,1.0,1.0,0.0,0.0,2.0,1.0,1.0,2.0
-0.4637911119937961,-1.3568195451163236,0.712255301185396,-1.731110832817402,0.0,1.0,0.0,1.0,0.0,8.0,1.0,1.0,2.0
2.2465332506541693,0.8159885798867099,-1.2170740485175422,1.0964405554833176,1.0,0.0,0.0,0.0,1.0,2.0,1.0,1.0,2.0
-0.5605884106597949,0.6297478834578785,1.7228917239853705,-1.6838366861719303,0.0,1.0,1.0,0.0,0.0,2.0,1.0,0.0,1.0
0.11699268000219652,0.4848940084576762,0.4718163351509845,0.13840873912123614,1.0,0.0,1.0,0.0,0.0,7.0,1.0,0.0,3.0
0.11699268000219652,-1.9776218665457617,0.7040363636791065,-0.14434827841440812,1.0,0.0,0.0,1.0,0.0,6.0,1.0,0.0,2.0
-0.1733992159957998,0.050332383457069536,-1.2170740485175422,-0.556964556291446,0.0,1.0,1.0,0.0,0.0,2.0,0.0,1.0,2.0
-0.07660191732980101,-0.1255616076146046,0.09387509762385043,0.33253225474309545,1.0,0.0,1.0,0.0,0.0,4.0,0.0,1.0,2.0
0.8913710693301867,-1.7396476433311436,-1.2170740485175422,0.17744528369432003,0.0,1.0,1.0,0.0,0.0,1.0,1.0,1.0,2.0
-1.6253586959857813,0.3607335441717886,-1.2170740485175422,0.7388385172558886,0.0,1.0,0.0,0.0,1.0,8.0,0.0,0.0,2.0
-0.1733992159957998,-1.3154327236876944,0.8322040775299256,1.3877371596166939,1.0,0.0,0.0,1.0,0.0,9.0,1.0,0.0,2.0
0.40738457600019284,2.057593222745586,0.527228897932984,1.4644528839867903,0.0,1.0,0.0,1.0,0.0,0.0,1.0,0.0,3.0
-0.5605884106597949,0.8263352852438672,-1.2170740485175422,0.5369665588273483,0.0,1.0,0.0,0.0,1.0,1.0,1.0,0.0,1.0
1.181762965328183,-0.10486819690028999,0.6686565769316929,-1.2689259521374687,1.0,0.0,0.0,1.0,0.0,2.0,1.0,1.0,4.0
-0.1733992159957998,-0.311802304043436,0.11815382101318547,-1.5775586598487594,1.0,0.0,0.0,0.0,1.0,9.0,1.0,0.0,2.0
0.020195381336197752,-0.8187908665441438,0.5880157276276393,-0.8782030304852129,0.0,1.0,0.0,1.0,0.0,4.0,1.0,0.0,1.0
-0.6573857093257937,-1.0774585004730763,-1.2170740485175422,0.5591608558521558,1.0,0.0,1.0,0.0,0.0,2.0,1.0,0.0,2.0
0.5041818746661916,0.4848940084576762,0.6534925022007565,1.7082385897817267,0.0,1.0,0.0,1.0,0.0,10.0,1.0,0.0,2.0
0.9881683679961855,0.2779599013145302,-1.2170740485175422,0.045475262851472416,1.0,0.0,0.0,0.0,1.0,1.0,1.0,1.0,2.0
0.40738457600019284,-0.16694842904323381,0.7472888277350993,1.3792107935396567,0.0,1.0,1.0,0.0,0.0,10.0,0.0,1.0,2.0
-0.36699381332779735,-0.1255616076146046,0.43891647229868735,0.6825168376912534,1.0,0.0,1.0,0.0,0.0,1.0,1.0,1.0,2.0
-1.334966799987785,0.4745473031005189,1.4463663046162025,-1.4680120337380227,1.0,0.0,1.0,0.0,0.0,4.0,1.0,0.0,2.0
-0.94777760532379,1.3436705531017323,-1.2170740485175422,1.2566228195803943,0.0,1.0,1.0,0.0,0.0,9.0,0.0,0.0,2.0
0.11699268000219652,0.3503868388146313,-0.013089725067436192,1.7192853785475368,0.0,1.0,0.0,0.0,1.0,7.0,1.0,0.0,1.0
0.020195381336197752,-1.2223123754732785,-1.2170740485175422,-0.4555643802419912,1.0,0.0,1.0,0.0,0.0,2.0,0.0,1.0,1.0
1.181762965328183,-0.38422924154353716,-0.5630390112270216,-0.9234083395961707,0.0,1.0,1.0,0.0,0.0,4.0,1.0,1.0,1.0
0.31058727733419406,0.34004013345747397,0.6748344439967885,-1.3346296785856888,0.0,1.0,0.0,1.0,0.0,1.0,1.0,1.0,1.0
-1.2381695013217864,0.10206591024285605,-1.2170740485175422,1.687654760922607,0.0,1.0,1.0,0.0,0.0,8.0,0.0,0.0,2.0
-0.27019651466179856,2.057593222745586,1.5000530319838004,1.2938083173019888,1.0,0.0,0.0,1.0,0.0,3.0,1.0,0.0,1.0
-0.94777760532379,-0.022094554043031577,-0.4933318822607045,1.2809480557961375,0.0,1.0,0.0,0.0,1.0,2.0,1.0,1.0,1.0
0.2137899786681953,0.6711347048865076,0.8107430183678288,0.664374630259397,0.0,1.0,0.0,1.0,0.0,8.0,1.0,1.0,2.0
-0.07660191732980101,-0.9843381522586606,0.6390214301217844,0.8840520207505159,0.0,1.0,0.0,0.0,1.0,2.0,1.0,0.0,1.0
1.9561413546561732,1.674765124530766,0.9543408518090138,1.5269243670793555,0.0,1.0,0.0,1.0,0.0,2.0,1.0,0.0,1.0
0.2137899786681953,1.2608969102444738,-1.2170740485175422,-1.245369419618439,1.0,0.0,0.0,0.0,1.0,5.0,1.0,0.0,1.0
-1.334966799987785,1.8299657048881255,1.1034135830281129,0.291452791814228,1.0,0.0,0.0,1.0,0.0,7.0,1.0,0.0,1.0
-0.5605884106597949,-1.3982063665449527,0.8293896283463058,0.35101645617081956,1.0,0.0,1.0,0.0,0.0,7.0,1.0,1.0,1.0
-0.5605884106597949,1.1160430352442716,1.363663326335254,-0.10989647125489975,1.0,0.0,1.0,0.0,0.0,9.0,0.0,0.0,2.0
2.052938653322172,0.08137249952854145,-1.2170740485175422,1.35026324579889,0.0,1.0,0.0,0.0,1.0,2.0,1.0,0.0,1.0
0.5041818746661916,0.3503868388146313,0.706446842632064,0.7919850104489196,1.0,0.0,0.0,1.0,0.0,2.0,1.0,0.0,1.0
-0.8509803066577912,1.0850029191727997,1.1158877915156458,-1.6056672263880665,0.0,1.0,0.0,0.0,1.0,2.0,0.0,0.0,1.0
-0.7541830079917924,0.6918281156008222,1.2370293490426323,-1.4391241522946019,1.0,0.0,1.0,0.0,0.0,1.0,0.0,1.0,1.0
0.8913710693301867,-0.9843381522586606,1.4919598026829937,0.8950200082548163,1.0,0.0,0.0,0.0,1.0,8.0,1.0,1.0,1.0
0.11699268000219652,-0.07382808082881809,0.025059339500757772,0.27730753048768814,1.0,0.0,0.0,1.0,0.0,4.0,1.0,1.0,2.0
-0.5605884106597949,-0.40492265225785173,-0.1737872502500649,0.044661505011864555,1.0,0.0,1.0,0.0,0.0,0.0,1.0,0.0,2.0
0.6977764719981892,-0.41526935761500905,-1.2170740485175422,-0.38585744533654653,1.0,0.0,1.0,0.0,0.0,5.0,1.0,0.0,1.0
-0.6573857093257937,-0.30145559868627875,1.6652943783124312,0.8555953718176527,0.0,1.0,1.0,0.0,0.0,5.0,1.0,1.0,1.0
-0.1733992159957998,1.0332693923870133,0.3868123501522879,-0.7826682428145308,1.0,0.0,0.0,0.0,1.0,3.0,1.0,0.0,2.0
0.2137899786681953,-0.37388253618637984,0.8789064441407315,0.5358356824452852,0.0,1.0,1.0,0.0,0.0,4.0,0.0,1.0,1.0
0.020195381336197752,1.2608969102444738,-1.2170740485175422,1.4302995822682327,1.0,0.0,0.0,0.0,1.0,4.0,0.0,1.0,2.0
-0.7541830079917924,-1.1705788486874922,-1.2170740485175422,1.3845880663780403,1.0,0.0,0.0,0.0,1.0,0.0,0.0,0.0,2.0
0.8913710693301867,0.16414614238579986,-1.2170740485175422,-0.985093897524275,0.0,1.0,1.0,0.0,0.0,2.0,1.0,0.0,1.0
-1.818953293317779,-0.5497765272580539,1.6811887502013056,-1.223002386053501,0.0,1.0,0.0,1.0,0.0,8.0,1.0,1.0,2.0
0.5041818746661916,1.364363963816047,0.09806703224580937,1.1194795741988341,1.0,0.0,0.0,0.0,1.0,3.0,1.0,0.0,1.0
0.2137899786681953,-1.9155416344028178,-0.6775262322246535,1.3765943481216272,1.0,0.0,1.0,0.0,0.0,3.0,1.0,0.0,2.0
-0.94777760532379,1.7989255888166535,1.1761081305247245,-0.4986549279044425,0.0,1.0,1.0,0.0,0.0,3.0,0.0,1.0,2.0
-0.6573857093257937,0.9504957495297548,-1.2170740485175422,1.3115119861460618,0.0,1.0,1.0,0.0,0.0,9.0,1.0,0.0,2.0
0.31058727733419406,0.34004013345747397,0.4420535511094222,-1.1977906791343285,1.0,0.0,0.0,0.0,1.0,3.0,1.0,0.0,1.0
-0.07660191732980101,-1.6258338844024134,-1.2170740485175422,-1.6291687893736808,0.0,1.0,0.0,0.0,1.0,7.0,1.0,1.0,2.0
0.020195381336197752,-1.1809255540446495,-1.2170740485175422,0.657423593595675,0.0,1.0,1.0,0.0,0.0,2.0,1.0,1.0,2.0
0.5041818746661916,0.039985678099912235,1.1379254687507174,-0.60892990033293,1.0,0.0,0.0,1.0,0.0,6.0,1.0,0.0,1.0
-0.6573857093257937,0.5573209459577774,-1.2170740485175422,0.5169623454281633,0.0,1.0,1.0,0.0,0.0,3.0,0.0,0.0,2.0
3.311303535980156,0.3296934281003167,0.7879920837059967,-0.8325308282486655,0.0,1.0,0.0,1.0,0.0,9.0,1.0,1.0,1.0
-0.4637911119937961,0.21587966917158638,-1.2170740485175422,-1.341580715249411,0.0,1.0,1.0,0.0,0.0,6.0,0.0,0.0,1.0
0.40738457600019284,1.0746562138156424,1.4361165848082984,-1.4425898422130516,0.0,1.0,0.0,1.0,0.0,6.0,1.0,0.0,3.0
-0.5605884106597949,0.7021748209579796,-1.2170740485175422,-1.3888870434255216,1.0,0.0,0.0,0.0,1.0,7.0,1.0,0.0,2.0
-0.94777760532379,0.029638972742754933,-1.2170740485175422,1.4001009557796118,0.0,1.0,1.0,0.0,0.0,1.0,1.0,0.0,1.0
-0.27019651466179856,-1.439593187973582,1.2290777424132195,-1.0651110990294543,0.0,1.0,1.0,0.0,0.0,4.0,0.0,0.0,2.0
-0.4637911119937961,-1.615487179045256,0.6663036472595062,0.2819893343558383,1.0,0.0,0.0,1.0,0.0,9.0,1.0,1.0,1.0
-0.94777760532379,-0.7360172236868854,-0.22506526693869536,0.4908833027697251,0.0,1.0,0.0,0.0,1.0,9.0,1.0,0.0,2.0
-1.2381695013217864,2.057593222745586,-0.2105892115421145,1.3830475278086587,1.0,0.0,1.0,0.0,0.0,4.0,0.0,1.0,2.0
0.7945737706641879,-0.6325501701153124,-1.2170740485175422,1.251005837827308,0.0,1.0,1.0,0.0,0.0,3.0,1.0,0.0,2.0
-1.334966799987785,2.057593222745586,-0.10169230838830068,-0.20917040487734986,1.0,0.0,0.0,1.0,0.0,8.0,1.0,0.0,2.0
-0.07660191732980101,0.6194011781007212,-1.2170740485175422,-0.545714936905503,0.0,1.0,1.0,0.0,0.0,3.0,1.0,0.0,2.0
0.40738457600019284,0.5573209459577774,1.1387134759416075,-1.561867815280467,1.0,0.0,0.0,1.0,0.0,10.0,0.0,1.0,1.0
-1.9157505919837776,1.4574843120304626,1.0879596721149707,-1.1581150267581837,0.0,1.0,1.0,0.0,0.0,7.0,1.0,0.0,1.0
-1.0445749039897887,2.0058596959597996,-1.2170740485175422,-0.7597052420930092,1.0,0.0,1.0,0.0,0.0,9.0,1.0,1.0,2.0
-1.5285613973197827,-0.37388253618637984,-1.2170740485175422,1.680702158670908,1.0,0.0,1.0,0.0,0.0,4.0,1.0,0.0,2.0
2.3433305493201684,-0.44630947368648094,1.0259000066517576,1.3192247683377107,1.0,0.0,0.0,0.0,1.0,3.0,1.0,1.0,2.0
-1.818953293317779,-0.3945759469006945,-1.2170740485175422,0.8655105883845208,0.0,1.0,1.0,0.0,0.0,3.0,1.0,1.0,2.0
-0.4637911119937961,-2.132822446903121,0.8901004222593842,-0.5086541643594106,1.0,0.0,0.0,1.0,0.0,7.0,1.0,1.0,2.0
-0.94777760532379,-1.7396476433311436,-1.2170740485175422,-0.3170183680330266,0.0,1.0,1.0,0.0,0.0,9.0,1.0,1.0,1.0
0.020195381336197752,-1.1912722594018068,-1.2170740485175422,-1.2647922780154934,0.0,1.0,1.0,0.0,0.0,4.0,1.0,0.0,2.0
-0.94777760532379,1.5092178388162492,-1.2170740485175422,0.8720782299480944,0.0,1.0,1.0,0.0,0.0,1.0,0.0,1.0,1.0
2.052938653322172,0.2883066066716875,-1.2170740485175422,-0.8432916362773409,0.0,1.0,1.0,0.0,0.0,8.0,1.0,1.0,2.0
-1.334966799987785,-0.011747848685874276,0.175128251985044,-1.447462299905958,1.0,0.0,0.0,0.0,1.0,3.0,1.0,0.0,3.0
-0.1733992159957998,-0.5083897058294248,0.5125051234255988,0.926550428249217,0.0,1.0,0.0,0.0,1.0,3.0,0.0,1.0,2.0
-0.27019651466179856,0.9711891602440694,1.114977773419434,-1.6313466962039267,0.0,1.0,0.0,1.0,0.0,8.0,0.0,0.0,1.0
-1.0445749039897887,0.050332383457069536,0.7127200357404478,0.6491049288569218,0.0,1.0,0.0,0.0,1.0,8.0,1.0,1.0,1.0
-0.27019651466179856,0.039985678099912235,0.9613713484417313,-0.2408349435751146,1.0,0.0,0.0,0.0,1.0,1.0,1.0,0.0,1.0
-0.5605884106597949,-0.20833525047186302,-1.2170740485175422,-0.7274012476837441,0.0,1.0,1.0,0.0,0.0,7.0,1.0,1.0,1.0
1.2785602639941818,-0.7774040451155146,0.3992799678004023,-1.4475518863290873,0.0,1.0,0.0,0.0,1.0,2.0,1.0,1.0,2.0
0.5041818746661916,-0.07382808082881809,-0.037979949753006795,0.9968985584083587,0.0,1.0,1.0,0.0,0.0,5.0,1.0,0.0,1.0
-1.2381695013217864,0.3917736602432605,0.723654399086908,0.8561189740188541,0.0,1.0,0.0,1.0,0.0,4.0,0.0,1.0,1.0
0.31058727733419406,0.008945562028440329,0.12507918571957868,-1.0775519569116854,1.0,0.0,0.0,0.0,1.0,3.0,1.0,0.0,2.0
-1.2381695013217864,-0.8084441611869866,0.8583816056803368,0.8690055026118748,1.0,0.0,1.0,0.0,0.0,4.0,0.0,0.0,1.0
0.020195381336197752,0.8573754013153391,0.2638756730209211,0.22813484748875731,1.0,0.0,0.0,0.0,1.0,6.0,0.0,0.0,2.0
3.5048981333121536,-1.4499398933307392,0.4806163917913147,0.09683141921567841,1.0,0.0,0.0,1.0,0.0,9.0,0.0,1.0,1.0
0.020195381336197752,0.06067908881422684,0.07366645870333358,-0.046375000492417294,1.0,0.0,1.0,0.0,0.0,4.0,1.0,0.0,1.0
-0.1733992159957998,0.7952951691723953,0.7551865823839022,0.12383520250587293,0.0,1.0,1.0,0.0,0.0,3.0,0.0,0.0,2.0
0.2137899786681953,1.0436160977441706,-1.2170740485175422,0.695562012532612,1.0,0.0,1.0,0.0,0.0,8.0,1.0,0.0,2.0
0.40738457600019284,-1.129192027258863,0.6085553552886789,-0.17944145478183335,0.0,1.0,0.0,0.0,1.0,6.0,1.0,0.0,1.0
-0.36699381332779735,0.3710802495289459,0.5632909169362396,-0.9034742297475119,1.0,0.0,1.0,0.0,0.0,1.0,1.0,1.0,2.0
-0.5605884106597949,0.7125215263151369,-1.2170740485175422,0.749704219679024,0.0,1.0,1.0,0.0,0.0,9.0,1.0,1.0,2.0
0.020195381336197752,0.6711347048865076,0.636419656073527,-0.979906582693769,1.0,0.0,0.0,1.0,0.0,10.0,1.0,0.0,1.0
0.6977764719981892,-0.49804300047226746,-1.2170740485175422,1.2980437546424703,0.0,1.0,0.0,0.0,1.0,2.0,1.0,0.0,2.0
1.181762965328183,0.29865331202884476,1.0839305794522878,-0.9056623998767184,1.0,0.0,0.0,1.0,0.0,5.0,0.0,0.0,1.0
-1.4317640986537838,0.6297478834578785,-1.2170740485175422,0.3718065947344655,0.0,1.0,1.0,0.0,0.0,2.0,0.0,1.0,1.0
-0.5605884106597949,1.1988166781015301,1.1098653718095035,0.5674744759185391,1.0,0.0,0.0,1.0,0.0,1.0,1.0,1.0,1.0
-0.27019651466179856,0.23657307988590098,1.2669602798654416,-1.2592540975239164,0.0,1.0,1.0,0.0,0.0,2.0,0.0,1.0,1.0
-0.1733992159957998,0.3607335441717886,0.9460172646329424,-1.2570332240014124,0.0,1.0,1.0,0.0,0.0,9.0,1.0,0.0,1.0
0.7945737706641879,-0.26006877725764954,0.4404223987295849,1.158826453099806,1.0,0.0,0.0,1.0,0.0,2.0,0.0,1.0,1.0
-0.5605884106597949,-0.9429513308300315,-1.2170740485175422,1.4525093612185906,1.0,0.0,0.0,0.0,1.0,9.0,0.0,1.0,1.0
-0.1733992159957998,-0.9222579201157168,-1.2170740485175422,-0.8233869246918062,0.0,1.0,1.0,0.0,0.0,2.0,0.0,1.0,1.0
-0.1733992159957998,0.6607879995293504,1.4393962508035127,-0.25349289632349153,0.0,1.0,1.0,0.0,0.0,9.0,1.0,0.0,1.0
-0.4637911119937961,0.11241261560001335,0.675490152142778,-0.7782346716178472,0.0,1.0,1.0,0.0,0.0,2.0,0.0,1.0,2.0
1.181762965328183,1.1470831513157436,0.37898580871963394,-0.24840769261993076,1.0,0.0,1.0,0.0,0.0,3.0,0.0,1.0,1.0
-0.8509803066577912,1.0746562138156424,1.2620681087433767,-0.6465902930742186,1.0,0.0,0.0,1.0,0.0,6.0,0.0,1.0,2.0
0.6977764719981892,-0.6635902861867843,0.21073148426394214,-0.5155020461708694,1.0,0.0,1.0,0.0,0.0,6.0,0.0,0.0,1.0
-0.7541830079917924,-0.22902866118617762,-1.2170740485175422,-1.4509711304708857,1.0,0.0,1.0,0.0,0.0,6.0,1.0,1.0,1.0
-1.6253586959857813,1.0125759816726987,0.306248340390716,-1.0022746599840253,0.0,1.0,0.0,1.0,0.0,4.0,1.0,1.0,2.0
-1.334966799987785,-0.0014011433287169732,0.5379401372523214,0.2558480160867588,1.0,0.0,0.0,1.0,0.0,2.0,1.0,0.0,2.0
-0.7541830079917924,-0.053134670114503485,-1.2170740485175422,1.2344267830133897,0.0,1.0,0.0,0.0,1.0,2.0,1.0,1.0,1.0
1.2785602639941818,1.4471376066733053,-1.2170740485175422,0.39876932482881833,1.0,0.0,1.0,0.0,0.0,7.0,1.0,1.0,1.0
-0.07660191732980101,-0.022094554043031577,-1.2170740485175422,0.06787413003861009,1.0,0.0,0.0,0.0,1.0,8.0,1.0,0.0,1.0
-0.5605884106597949,0.8159885798867099,-1.2170740485175422,1.3345407415626178,1.0,0.0,0.0,0.0,1.0,9.0,0.0,0.0,2.0
1.0849656666621843,1.064309508458485,1.1424053105287113,0.8841541318774611,1.0,0.0,0.0,0.0,1.0,7.0,0.0,1.0,2.0
0.6009791733321904,0.19518625845727178,0.4697046945023649,0.9752416059681058,1.0,0.0,1.0,0.0,0.0,9.0,1.0,0.0,1.0
1.8593440559901744,0.8987622227439683,0.9329130683483683,-1.2435088052848682,0.0,1.0,0.0,1.0,0.0,2.0,1.0,0.0,4.0
1.8593440559901744,-0.35318912547206527,0.6962747661275461,-1.1247784401009682,1.0,0.0,0.0,1.0,0.0,3.0,1.0,0.0,2.0
-1.818953293317779,-0.011747848685874276,-1.2170740485175422,0.23676836936511017,0.0,1.0,0.0,0.0,1.0,8.0,1.0,1.0,2.0
-0.07660191732980101,-0.1255616076146046,-1.2170740485175422,-0.10684809750943397,1.0,0.0,1.0,0.0,0.0,5.0,0.0,0.0,2.0
-0.6573857093257937,-2.091435625474492,1.284541102884391,1.1625941275435996,0.0,1.0,0.0,0.0,1.0,0.0,1.0,1.0,1.0
0.7945737706641879,0.8263352852438672,0.6382342266917987,1.5982214175067877,1.0,0.0,1.0,0.0,0.0,1.0,0.0,0.0,3.0
-0.1733992159957998,1.9748195798883277,0.9120255729678086,-0.22244415556335242,1.0,0.0,1.0,0.0,0.0,4.0,1.0,0.0,2.0
-0.5605884106597949,2.057593222745586,0.3981069591361991,0.6380717085202458,0.0,1.0,0.0,0.0,1.0,3.0,1.0,1.0,2.0
0.6009791733321904,-1.8327679915455595,-1.2170740485175422,1.2579883602047897,0.0,1.0,1.0,0.0,0.0,10.0,0.0,0.0,2.0
-0.7541830079917924,-0.2704154826148068,-1.2170740485175422,0.9042983784234794,1.0,0.0,0.0,0.0,1.0,8.0,1.0,0.0,2.0
-0.7541830079917924,-1.2947393129733797,1.1224683427939564,0.5661505103526446,0.0,1.0,0.0,1.0,0.0,5.0,1.0,0.0,1.0
0.11699268000219652,-0.7049771076154135,0.5036381938780041,-1.6390499109134942,0.0,1.0,0.0,1.0,0.0,4.0,1.0,1.0,1.0
-1.0445749039897887,0.42281377631473244,0.31102042963363014,-0.9643762978702306,1.0,0.0,1.0,0.0,0.0,8.0,1.0,0.0,2.0
2.440127847986167,-0.37388253618637984,0.09408664749394667,-1.112656440303389,0.0,1.0,1.0,0.0,0.0,0.0,0.0,1.0,2.0
-1.2381695013217864,-0.1359083129717619,0.47483879765672005,-1.3284466498018024,1.0,0.0,0.0,1.0,0.0,1.0,1.0,1.0,2.0
-1.5285613973197827,-2.0707422147601773,-1.2170740485175422,-0.9017261637940661,1.0,0.0,0.0,0.0,1.0,9.0,0.0,1.0,2.0
0.9881683679961855,0.7435616423866088,1.256186990204267,1.4090912577605044,1.0,0.0,0.0,1.0,0.0,0.0,1.0,1.0,1.0
0.5041818746661916,-1.5637536522594695,1.36843396880854,1.6769699708879269,0.0,1.0,0.0,1.0,0.0,9.0,1.0,0.0,2.0
-0.1733992159957998,-1.5120201254736831,1.3527730090863672,0.4426992016011687,1.0,0.0,0.0,1.0,0.0,6.0,0.0,1.0,2.0
-0.07660191732980101,1.7885788834594962,-1.2170740485175422,1.6167576312461924,1.0,0.0,0.0,0.0,1.0,3.0,1.0,0.0,2.0
0.2137899786681953,-0.7670573397583573,-1.2170740485175422,1.1787570838640713,0.0,1.0,1.0,0.0,0.0,6.0,1.0,1.0,1.0
-0.6573857093257937,1.095349624529957,-1.2170740485175422,0.27993180384560273,0.0,1.0,1.0,0.0,0.0,9.0,1.0,0.0,2.0
-0.36699381332779735,0.3296934281003167,0.32130487191261387,1.4387417545029506,1.0,0.0,0.0,1.0,0.0,5.0,0.0,1.0,1.0
1.665749458658177,0.2676131959573729,0.7113645733508953,1.0170612441016613,1.0,0.0,1.0,0.0,0.0,0.0,0.0,0.0,1.0
0.9881683679961855,0.9918825709583841,2.0446622914452672,-1.436165538926485,0.0,1.0,1.0,0.0,0.0,6.0,1.0,1.0,1.0
-0.27019651466179856,0.15379943702864254,-1.2170740485175422,1.0229951704429832,1.0,0.0,1.0,0.0,0.0,8.0,0.0,1.0,1.0
-0.1733992159957998,-0.042787964757346184,0.6558494506774664,0.863839584150388,0.0,1.0,0.0,1.0,0.0,3.0,1.0,1.0,1.0
0.40738457600019284,0.42281377631473244,0.6892672570567009,1.0677824675640784,1.0,0.0,0.0,1.0,0.0,10.0,1.0,1.0,1.0
-1.1413722026557875,-1.2119656701161212,-1.2170740485175422,1.0695651504072383,0.0,1.0,1.0,0.0,0.0,9.0,1.0,0.0,2.0
-0.36699381332779735,-0.46700288440079557,-1.2170740485175422,0.12139166758219358,0.0,1.0,0.0,0.0,1.0,7.0,1.0,0.0,1.0
-1.1413722026557875,1.1884699727443728,1.335456301900676,-0.9094229421975056,1.0,0.0,1.0,0.0,0.0,7.0,0.0,1.0,2.0
-1.334966799987785,1.46783101738762,0.4051335977165743,-1.5530453791215546,0.0,1.0,0.0,0.0,1.0,3.0,0.0,0.0,1.0
-0.07660191732980101,1.3747106691732043,0.980615795781065,1.2187620315780483,0.0,1.0,1.0,0.0,0.0,5.0,0.0,1.0,1.0
0.11699268000219652,-1.0464183844016044,1.2020906662796746,1.1587006841989858,1.0,0.0,1.0,0.0,0.0,8.0,0.0,0.0,1.0
1.2785602639941818,-0.40492265225785173,1.110178517057944,-0.027069387239419575,1.0,0.0,0.0,0.0,1.0,5.0,0.0,0.0,1.0
-0.07660191732980101,-0.5187364111865821,-1.2170740485175422,1.136581361442855,1.0,0.0,1.0,0.0,0.0,0.0,1.0,0.0,2.0
0.6977764719981892,0.9711891602440694,0.7476421610287705,0.31599494894189784,0.0,1.0,1.0,0.0,0.0,2.0,1.0,1.0,1.0
0.6009791733321904,1.6230315977449794,0.6898736142831468,0.8223471539040285,0.0,1.0,1.0,0.0,0.0,7.0,1.0,0.0,2.0
-0.5605884106597949,-0.34284242011490795,-1.2170740485175422,-0.3880659681094542,0.0,1.0,0.0,0.0,1.0,4.0,1.0,1.0,2.0
1.568952159992178,-1.749994348688301,0.34733804460455525,-0.3730022285030659,0.0,1.0,1.0,0.0,0.0,5.0,0.0,1.0,1.0
-0.94777760532379,-0.1979885451147057,0.08377680637037667,-1.6010383046026955,1.0,0.0,0.0,0.0,1.0,7.0,1.0,0.0,1.0
-0.6573857093257937,-1.6879141165453573,0.6241875403704663,-0.12682343450815403,0.0,1.0,0.0,1.0,0.0,3.0,1.0,0.0,1.0
-1.6253586959857813,0.6711347048865076,-1.2170740485175422,-0.12614657863942522,1.0,0.0,1.0,0.0,0.0,8.0,1.0,1.0,2.0
-0.6573857093257937,0.8056418745295526,0.2890841870247215,-0.34685708324115366,0.0,1.0,1.0,0.0,0.0,6.0,1.0,1.0,1.0
-0.5605884106597949,-0.3945759469006945,1.2864228679142893,-0.7324774057678821,0.0,1.0,0.0,1.0,0.0,3.0,1.0,1.0,2.0
-0.7541830079917924,-0.7360172236868854,-1.2170740485175422,-0.6235293561270239,0.0,1.0,1.0,0.0,0.0,2.0,0.0,1.0,2.0
0.40738457600019284,0.3296934281003167,-1.2170740485175422,-0.053993499497006034,0.0,1.0,1.0,0.0,0.0,8.0,1.0,0.0,1.0
-0.1733992159957998,1.5092178388162492,-0.007193656575500495,-0.24452607816225436,0.0,1.0,1.0,0.0,0.0,4.0,1.0,0.0,1.0
1.0849656666621843,1.4988711334590918,0.29663278793655745,1.5578652562233004,1.0,0.0,1.0,0.0,0.0,1.0,1.0,1.0,1.0
-0.07660191732980101,1.2195100888158448,-1.2170740485175422,-0.42236121647126124,1.0,0.0,1.0,0.0,0.0,2.0,0.0,0.0,2.0
-0.07660191732980101,1.126389740601429,1.401397811028845,-0.15238270195822387,0.0,1.0,1.0,0.0,0.0,6.0,1.0,0.0,1.0
0.6977764719981892,0.5573209459577774,0.6399041203472389,-0.4055532379042599,1.0,0.0,0.0,1.0,0.0,4.0,0.0,0.0,1.0
-0.6573857093257937,-0.5290831165437394,0.3724105622632938,0.5760410254203195,1.0,0.0,1.0,0.0,0.0,7.0,1.0,0.0,1.0
-1.0445749039897887,-0.07382808082881809,1.2755558597316363,-1.229494009623079,0.0,1.0,1.0,0.0,0.0,7.0,1.0,0.0,1.0
0.2137899786681953,0.3607335441717886,1.228056162303447,0.5656246467465874,1.0,0.0,1.0,0.0,0.0,7.0,0.0,1.0,2.0
-1.818953293317779,0.07102579417138415,-1.2170740485175422,1.5269640286414399,0.0,1.0,1.0,0.0,0.0,7.0,0.0,0.0,2.0
-0.4637911119937961,-0.5083897058294248,-1.2170740485175422,-0.39042704873301076,0.0,1.0,1.0,0.0,0.0,5.0,1.0,1.0,2.0
-0.27019651466179856,-2.4846104290464694,-1.2170740485175422,0.36244507444880136,1.0,0.0,1.0,0.0,0.0,10.0,0.0,0.0,1.0
-0.5605884106597949,0.16414614238579986,0.7854693997307542,-1.7251965633029027,0.0,1.0,0.0,1.0,0.0,9.0,0.0,0.0,2.0
-0.4637911119937961,-0.653243580829627,0.8633456330272744,0.9370675264161372,1.0,0.0,0.0,1.0,0.0,10.0,1.0,0.0,1.0
2.3433305493201684,-0.8808710986870877,0.7246062127501597,-0.8290632248337996,0.0,1.0,0.0,0.0,1.0,2.0,1.0,1.0,2.0
0.020195381336197752,0.3296934281003167,-0.4505197184282631,-0.2407389208458579,1.0,0.0,0.0,1.0,0.0,2.0,1.0,1.0,2.0
-0.27019651466179856,-0.2704154826148068,0.5278291465765547,0.5905585487769496,0.0,1.0,1.0,0.0,0.0,9.0,1.0,0.0,3.0
2.6337224453181647,0.2779599013145302,-1.2170740485175422,-0.9174634541390096,0.0,1.0,1.0,0.0,0.0,8.0,1.0,1.0,2.0
0.6009791733321904,0.8573754013153391,-1.2170740485175422,-0.004616942152624309,0.0,1.0,1.0,0.0,0.0,2.0,1.0,0.0,2.0
0.2137899786681953,0.784948463815238,-1.2170740485175422,-0.9113484414550131,1.0,0.0,0.0,0.0,1.0,10.0,0.0,1.0,2.0
1.8593440559901744,-0.8394842772584584,-1.2170740485175422,0.2895507763763759,1.0,0.0,1.0,0.0,0.0,8.0,0.0,1.0,1.0
0.2137899786681953,0.06067908881422684,0.5852710448905404,-1.432023688956185,1.0,0.0,0.0,0.0,1.0,6.0,1.0,0.0,1.0
-0.27019651466179856,-1.274045902259065,1.3059058714901144,0.8707032957958366,1.0,0.0,1.0,0.0,0.0,1.0,1.0,1.0,1.0
0.020195381336197752,0.784948463815238,0.07883705260275878,1.4108318436825045,0.0,1.0,0.0,1.0,0.0,5.0,0.0,0.0,2.0
-0.4637911119937961,-0.22902866118617762,0.7304555023574467,0.3391974846239023,0.0,1.0,0.0,0.0,1.0,1.0,0.0,0.0,1.0
0.7945737706641879,-1.1809255540446495,0.4412993018765261,-1.4542407739837693,1.0,0.0,0.0,1.0,0.0,6.0,1.0,0.0,1.0
0.11699268000219652,-0.10486819690028999,0.4079740887535039,-0.837687005273851,1.0,0.0,0.0,0.0,1.0,4.0,1.0,1.0,1.0
-0.5605884106597949,0.6607879995293504,0.15298206702784847,-0.5526793680441394,1.0,0.0,1.0,0.0,0.0,3.0,1.0,1.0,1.0
0.6977764719981892,0.784948463815238,0.6355644544710106,0.5374023141476171,0.0,1.0,0.0,1.0,0.0,3.0,1.0,0.0,4.0
1.8593440559901744,0.9815358656012267,-1.2170740485175422,-0.3394495907050223,0.0,1.0,1.0,0.0,0.0,3.0,1.0,1.0,3.0
-0.6573857093257937,0.5055874191719908,0.5660397792300423,1.0782920856995528,1.0,0.0,1.0,0.0,0.0,8.0,1.0,1.0,2.0
0.40738457600019284,0.2779599013145302,1.6455096428930112,0.18347314531426262,1.0,0.0,1.0,0.0,0.0,7.0,0.0,0.0,1.0
2.3433305493201684,-1.3568195451163236,1.3915853371530544,-1.1323264876465913,1.0,0.0,0.0,0.0,1.0,5.0,1.0,1.0,1.0
-0.8509803066577912,0.019292267385597632,0.2014560834246191,-0.055672853533683064,1.0,0.0,0.0,0.0,1.0,2.0,1.0,1.0,2.0
-0.8509803066577912,-0.2393753665433349,0.2165474981697777,-1.508736108196108,0.0,1.0,1.0,0.0,0.0,8.0,1.0,1.0,1.0
0.40738457600019284,-1.0567650897587617,0.9528498753309423,-1.6309474712697882,1.0,0.0,0.0,1.0,0.0,3.0,1.0,0.0,1.0
-0.4637911119937961,-0.09452149154313269,-1.2170740485175422,-0.4831333407918876,0.0,1.0,0.0,0.0,1.0,8.0,1.0,0.0,1.0
0.6009791733321904,0.42281377631473244,1.0669578819337742,1.5385756467585128,0.0,1.0,0.0,1.0,0.0,6.0,1.0,0.0,4.0
1.0849656666621843,1.6333783031021367,0.6813870243956184,0.014983175594271564,0.0,1.0,0.0,1.0,0.0,10.0,1.0,1.0,1.0
0.6009791733321904,-1.098151911187391,0.29072385927014777,1.086562739073678,0.0,1.0,0.0,1.0,0.0,6.0,1.0,1.0,2.0
0.2137899786681953,-0.16694842904323381,0.4474324798353249,1.633218919053395,0.0,1.0,1.0,0.0,0.0,4.0,1.0,0.0,2.0
-0.5605884106597949,-0.7774040451155146,-1.2170740485175422,1.5699952579149843,0.0,1.0,0.0,0.0,1.0,3.0,0.0,1.0,2.0
0.2137899786681953,-0.44630947368648094,0.13015557884098208,0.22064159552232965,1.0,0.0,0.0,0.0,1.0,1.0,0.0,1.0,1.0
0.020195381336197752,-0.34284242011490795,0.2468729148445745,-1.274736544937046,0.0,1.0,1.0,0.0,0.0,2.0,1.0,0.0,1.0
-0.94777760532379,-1.377512955830638,0.8077883932824432,1.051455646368679,0.0,1.0,0.0,1.0,0.0,9.0,1.0,0.0,2.0
-0.8509803066577912,2.057593222745586,0.4693987831020663,-0.9902418987011359,1.0,0.0,0.0,1.0,0.0,3.0,1.0,1.0,2.0
-1.0445749039897887,-0.9326046254728741,-1.2170740485175422,-1.601451793782847,0.0,1.0,1.0,0.0,0.0,7.0,1.0,0.0,2.0
-0.1733992159957998,1.364363963816047,0.9802420469604164,1.7053072872260975,1.0,0.0,0.0,0.0,1.0,1.0,1.0,0.0,1.0
2.924114341316161,-0.42561606297216636,0.1660089415133984,1.61576278706391,1.0,0.0,0.0,1.0,0.0,5.0,0.0,0.0,3.0
-0.36699381332779735,-0.18764183975754842,-1.2170740485175422,-1.1065042014163833,0.0,1.0,1.0,0.0,0.0,3.0,1.0,1.0,2.0
-0.07660191732980101,0.6400945888150358,-0.05504733030608492,-1.2824218423619875,0.0,1.0,1.0,0.0,0.0,9.0,1.0,1.0,2.0
-0.7541830079917924,-0.9636447415443461,-1.2170740485175422,1.7118902367610014,0.0,1.0,1.0,0.0,0.0,7.0,1.0,0.0,1.0
0.31058727733419406,-1.8948482236885031,-1.2170740485175422,0.4426551911835927,1.0,0.0,1.0,0.0,0.0,5.0,1.0,0.0,2.0
-0.7541830079917924,-0.860177687972773,-0.22696696523902804,-0.6621054438806458,1.0,0.0,0.0,1.0,0.0,1.0,1.0,1.0,2.0
-0.7541830079917924,-0.41526935761500905,0.5171978010911363,1.4547667651272254,0.0,1.0,0.0,1.0,0.0,0.0,1.0,1.0,2.0
-0.27019651466179856,-1.5120201254736831,0.06817018088535615,1.2918617695839016,1.0,0.0,1.0,0.0,0.0,2.0,0.0,1.0,1.0
-0.36699381332779735,0.10206591024285605,0.8472323166679809,0.7439639043841925,1.0,0.0,0.0,0.0,1.0,5.0,1.0,0.0,1.0
-0.07660191732980101,-0.6118567594009978,-1.2170740485175422,-1.5125806704049949,0.0,1.0,0.0,0.0,1.0,3.0,1.0,1.0,1.0
-0.27019651466179856,-1.305086018330537,0.03534989036261669,-0.5674505166530457,0.0,1.0,0.0,0.0,1.0,3.0,1.0,0.0,1.0
-1.1413722026557875,-1.718954232616829,-1.2170740485175422,0.7234959290353719,1.0,0.0,1.0,0.0,0.0,3.0,1.0,0.0,2.0
-0.1733992159957998,-0.7980974558298293,-1.2170740485175422,-1.1758680986006425,1.0,0.0,0.0,0.0,1.0,7.0,1.0,0.0,2.0
0.2137899786681953,-0.24972207190049223,-1.2170740485175422,0.6756740005521651,1.0,0.0,1.0,0.0,0.0,6.0,1.0,1.0,3.0
0.40738457600019284,-0.37388253618637984,0.18019773276266776,0.8730706387713012,0.0,1.0,0.0,1.0,0.0,3.0,1.0,1.0,1.0
0.11699268000219652,-0.10486819690028999,-1.2170740485175422,0.47207659021873594,1.0,0.0,1.0,0.0,0.0,7.0,1.0,0.0,1.0
-0.27019651466179856,-0.5704699379723686,-1.2170740485175422,-1.5271667317241742,0.0,1.0,1.0,0.0,0.0,2.0,1.0,1.0,2.0
-0.5605884106597949,1.4885244281019345,0.8865680538357569,0.2622624039828044,1.0,0.0,0.0,1.0,0.0,9.0,1.0,1.0,1.0
0.2137899786681953,-1.377512955830638,0.5612467922036083,-0.18319155984944063,1.0,0.0,0.0,1.0,0.0,5.0,1.0,0.0,1.0
1.0849656666621843,-0.9946848576158179,0.8415344556151247,-0.6520428880897187,0.0,1.0,0.0,0.0,1.0,7.0,1.0,1.0,2.0
-0.27019651466179856,0.3710802495289459,-1.2170740485175422,-1.4292508586946737,1.0,0.0,0.0,0.0,1.0,5.0,1.0,0.0,1.0
2.052938653322172,1.5195645441734065,0.3415164043723875,-1.1820406901313492,1.0,0.0,1.0,0.0,0.0,6.0,1.0,0.0,1.0
0.9881683679961855,-0.9532980361871888,1.1471047397858478,0.35977452926845493,0.0,1.0,1.0,0.0,0.0,2.0,1.0,0.0,1.0
-0.07660191732980101,0.08137249952854145,-1.2170740485175422,1.0210140058351822,1.0,0.0,1.0,0.0,0.0,3.0,1.0,0.0,2.0
0.11699268000219652,-1.1084986165445483,-1.2170740485175422,1.0649169197034842,1.0,0.0,1.0,0.0,0.0,7.0,0.0,1.0,1.0
-0.1733992159957998,0.29865331202884476,0.7731389036929678,-0.31454143389917094,1.0,0.0,1.0,0.0,0.0,10.0,1.0,0.0,1.0
-0.7541830079917924,-1.4809800094022112,-1.2170740485175422,-1.6305692947962298,1.0,0.0,1.0,0.0,0.0,7.0,1.0,1.0,2.0
-0.1733992159957998,0.3814269548861032,1.0039168244060195,0.24471216276047866,0.0,1.0,0.0,0.0,1.0,7.0,1.0,1.0,2.0
-0.8509803066577912,-1.3568195451163236,1.117417187764958,0.7880520794964411,1.0,0.0,0.0,0.0,1.0,4.0,0.0,0.0,2.0
-0.27019651466179856,-0.9532980361871888,0.46048652143945085,-0.7945294852368273,1.0,0.0,0.0,1.0,0.0,1.0,0.0,1.0,2.0
1.3753575626601806,-0.48769629511511015,0.7342931391726487,-0.898596205519576,1.0,0.0,1.0,0.0,0.0,2.0,1.0,1.0,1.0
-0.1733992159957998,0.5987077673864065,-1.2170740485175422,-0.4891615503202698,1.0,0.0,0.0,0.0,1.0,8.0,1.0,0.0,3.0
-1.334966799987785,0.19518625845727178,-1.2170740485175422,0.7804401907521997,0.0,1.0,1.0,0.0,0.0,7.0,1.0,1.0,2.0
-1.818953293317779,0.7435616423866088,-1.2170740485175422,0.704977980489032,1.0,0.0,1.0,0.0,0.0,4.0,1.0,1.0,2.0
-0.1733992159957998,1.064309508458485,-1.2170740485175422,0.2832501545399934,0.0,1.0,1.0,0.0,0.0,6.0,1.0,1.0,1.0
-0.07660191732980101,0.5573209459577774,0.774555934167814,-1.3686994822788063,1.0,0.0,1.0,0.0,0.0,3.0,1.0,0.0,1.0
-0.6573857093257937,-1.5016734201165258,-1.2170740485175422,1.4409342734876485,0.0,1.0,0.0,0.0,1.0,8.0,0.0,1.0,2.0
0.11699268000219652,-0.29110889332912143,-1.2170740485175422,-1.2864709747332044,1.0,0.0,0.0,0.0,1.0,7.0,1.0,1.0,1.0
0.6977764719981892,0.8366819906010244,-1.2170740485175422,1.4697755352001982,0.0,1.0,1.0,0.0,0.0,0.0,1.0,1.0,2.0
-0.94777760532379,-0.18764183975754842,-1.2170740485175422,0.5282300560529517,0.0,1.0,1.0,0.0,0.0,7.0,1.0,1.0,1.0
-0.1733992159957998,0.11241261560001335,1.2775956441553824,-0.8859121596382489,0.0,1.0,0.0,0.0,1.0,4.0,1.0,0.0,1.0
-1.5285613973197827,0.5159341245291481,-1.2170740485175422,-1.0593481696860663,0.0,1.0,1.0,0.0,0.0,3.0,1.0,0.0,2.0
-0.27019651466179856,2.057593222745586,-1.2170740485175422,-1.0188088346092687,0.0,1.0,0.0,0.0,1.0,6.0,0.0,1.0,2.0
1.9561413546561732,-2.2052493844032224,0.8276477177138117,-0.8400720915797217,0.0,1.0,0.0,1.0,0.0,7.0,1.0,0.0,1.0
-1.2381695013217864,0.18483955310011446,-1.2170740485175422,1.7001528497431089,0.0,1.0,1.0,0.0,0.0,4.0,1.0,1.0,2.0
-0.07660191732980101,-0.38422924154353716,0.6516520504813561,0.09188659656738998,0.0,1.0,1.0,0.0,0.0,2.0,1.0,0.0,1.0
2.2465332506541693,0.6090544727435638,1.1655041129100632,-0.8921685971028357,1.0,0.0,0.0,1.0,0.0,9.0,1.0,0.0,1.0
0.020195381336197752,1.064309508458485,-0.01309920944611066,-1.1381569112272107,0.0,1.0,1.0,0.0,0.0,3.0,0.0,0.0,1.0
-0.94777760532379,0.4538538923862043,-1.2170740485175422,-1.619309412111326,0.0,1.0,1.0,0.0,0.0,5.0,1.0,1.0,2.0
-0.4637911119937961,1.6023381870306648,0.6148344962277569,-1.17823909461472,0.0,1.0,1.0,0.0,0.0,5.0,0.0,1.0,1.0
0.020195381336197752,-0.38422924154353716,1.2249915827263087,-0.7549481160477427,0.0,1.0,0.0,0.0,1.0,3.0,0.0,0.0,1.0
0.5041818746661916,1.9748195798883277,0.5938327060465604,0.46595879426722464,1.0,0.0,0.0,0.0,1.0,2.0,1.0,0.0,2.0
1.665749458658177,0.5676676513149347,1.027078159385751,-0.23440472584507935,1.0,0.0,0.0,1.0,0.0,3.0,1.0,1.0,1.0
-0.36699381332779735,-0.653243580829627,-1.2170740485175422,0.15447932575106388,1.0,0.0,0.0,0.0,1.0,7.0,1.0,1.0,2.0
3.1177089386481582,-0.2807621879719641,-1.2170740485175422,0.1562654876786172,0.0,1.0,1.0,0.0,0.0,7.0,1.0,1.0,2.0
-0.27019651466179856,1.0746562138156424,-1.2170740485175422,1.3385982237363787,0.0,1.0,1.0,0.0,0.0,8.0,1.0,0.0,2.0
-0.7541830079917924,-1.0464183844016044,1.0688250185152082,0.3890141461440449,0.0,1.0,1.0,0.0,0.0,5.0,1.0,1.0,2.0
0.6977764719981892,-0.3945759469006945,1.4802768164299698,-0.9648946814448419,1.0,0.0,1.0,0.0,0.0,8.0,0.0,1.0,1.0
-0.36699381332779735,0.09171920488569875,0.4028059061367927,-1.4030987552639749,1.0,0.0,1.0,0.0,0.0,6.0,1.0,0.0,1.0
-0.8509803066577912,-1.0464183844016044,-1.2170740485175422,-0.18512906194810522,1.0,0.0,1.0,0.0,0.0,4.0,1.0,0.0,2.0
-0.6573857093257937,0.5366275352434627,0.8033524368498413,-0.7586486441627445,0.0,1.0,1.0,0.0,0.0,1.0,1.0,1.0,1.0
0.40738457600019284,0.2883066066716875,-1.2170740485175422,0.26576410242472526,1.0,0.0,1.0,0.0,0.0,4.0,1.0,0.0,3.0
-0.1733992159957998,0.7952951691723953,-1.2170740485175422,-1.6581196422446216,1.0,0.0,0.0,0.0,1.0,4.0,0.0,0.0,1.0
0.9881683679961855,-0.5394298219008967,1.0959604689117461,1.1546679035244178,1.0,0.0,0.0,1.0,0.0,10.0,1.0,1.0,2.0
0.020195381336197752,-0.35318912547206527,0.12277753599310667,-1.5987274967486231,1.0,0.0,0.0,1.0,0.0,5.0,1.0,0.0,3.0
-0.5605884106597949,-0.7463639290440427,-0.1614500026206798,1.1263585938156135,1.0,0.0,1.0,0.0,0.0,1.0,0.0,0.0,2.0
-1.6253586959857813,-1.8017278754740875,0.11008663356568833,1.1003336509194919,0.0,1.0,1.0,0.0,0.0,5.0,0.0,0.0,2.0
0.40738457600019284,2.057593222745586,0.8005397559402118,-0.3613827824461081,1.0,0.0,0.0,0.0,1.0,2.0,1.0,1.0,1.0
-0.8509803066577912,1.4574843120304626,0.8274985396899142,0.23822558386327083,0.0,1.0,1.0,0.0,0.0,1.0,1.0,1.0,1.0
0.2137899786681953,-0.03244125940018888,0.7609688383317439,-1.6489456446077597,0.0,1.0,0.0,1.0,0.0,5.0,0.0,1.0,1.0
3.311303535980156,-1.5223668308308405,-1.2170740485175422,-1.1352793605254592,1.0,0.0,1.0,0.0,0.0,8.0,1.0,1.0,1.0
-0.36699381332779735,-1.9465817504742897,-1.2170740485175422,-1.7031468222346393,1.0,0.0,0.0,0.0,1.0,2.0,1.0,1.0,2.0
1.7625467573241755,-0.10486819690028999,-1.2170740485175422,0.3929710827788374,0.0,1.0,1.0,0.0,0.0,5.0,1.0,1.0,2.0
-0.36699381332779735,0.753908347743766,1.547589380909241,1.1733973804018742,1.0,0.0,0.0,1.0,0.0,0.0,0.0,1.0,2.0
0.2137899786681953,0.8677221066724964,-0.025324091301029816,-1.5321120762351217,0.0,1.0,1.0,0.0,0.0,7.0,1.0,1.0,1.0
0.11699268000219652,-1.5637536522594695,0.37444070155618486,0.9217364191741186,0.0,1.0,0.0,0.0,1.0,1.0,1.0,1.0,1.0
1.181762965328183,1.126389740601429,0.4056663304441569,1.3873911646737735,1.0,0.0,1.0,0.0,0.0,2.0,0.0,0.0,1.0
-1.0445749039897887,-0.2186819558290203,-1.2170740485175422,0.5811651948690861,1.0,0.0,1.0,0.0,0.0,1.0,1.0,1.0,2.0
0.2137899786681953,1.3850573745303616,-1.2170740485175422,1.726498912128738,0.0,1.0,0.0,0.0,1.0,7.0,1.0,1.0,2.0
1.2785602639941818,1.5299112495305638,1.374406394586415,-0.18747535646298985,1.0,0.0,1.0,0.0,0.0,4.0,1.0,1.0,1.0
2.6337224453181647,-2.288023027260481,0.9593868627682226,1.2697504487218754,1.0,0.0,0.0,1.0,0.0,6.0,1.0,1.0,2.0
0.020195381336197752,-0.6222034647581551,-1.2170740485175422,-0.9996531698936254,0.0,1.0,0.0,0.0,1.0,8.0,0.0,0.0,2.0
3.6016954319781522,1.2712436156016311,0.5915630460040923,0.752777990740561,0.0,1.0,1.0,0.0,0.0,4.0,1.0,1.0,1.0
-1.4317640986537838,-1.6982608219025146,0.9310266415052234,-0.022417155588613204,0.0,1.0,1.0,0.0,0.0,7.0,1.0,1.0,2.0
-0.4637911119937961,1.8299657048881255,-1.2170740485175422,-0.3131995510486504,0.0,1.0,0.0,0.0,1.0,9.0,1.0,1.0,2.0
-0.4637911119937961,-2.463917018332155,-1.2170740485175422,-1.623419254505207,0.0,1.0,1.0,0.0,0.0,9.0,0.0,0.0,2.0
-0.1733992159957998,-1.8327679915455595,0.3652316913675833,-0.420277766782295,0.0,1.0,1.0,0.0,0.0,3.0,0.0,0.0,1.0
-0.94777760532379,-1.2843926076162224,-0.7708907774010337,-0.041579430564603975,1.0,0.0,0.0,0.0,1.0,2.0,1.0,0.0,1.0
0.2137899786681953,1.5712980709591928,0.9971731096640706,1.1672176567481611,0.0,1.0,0.0,1.0,0.0,9.0,1.0,1.0,2.0
-0.7541830079917924,0.49524071381483353,0.8072381385671397,0.8315495060786965,0.0,1.0,0.0,0.0,1.0,8.0,1.0,0.0,2.0
0.31058727733419406,-1.8948482236885031,1.702621838483922,1.2665554315692298,0.0,1.0,0.0,1.0,0.0,9.0,1.0,0.0,2.0
-0.36699381332779735,2.057593222745586,0.0960296591047767,-1.7227502451117087,1.0,0.0,1.0,0.0,0.0,6.0,1.0,0.0,1.0
-0.07660191732980101,-1.4706333040450539,-1.2170740485175422,1.193350799168916,0.0,1.0,0.0,0.0,1.0,2.0,0.0,0.0,1.0
2.827317042650162,-0.1152149022574473,-1.2170740485175422,1.7331874518749806,0.0,1.0,1.0,0.0,0.0,9.0,1.0,1.0,2.0
0.6009791733321904,0.7435616423866088,-1.2170740485175422,-1.089724055524529,1.0,0.0,0.0,0.0,1.0,4.0,1.0,0.0,2.0
0.11699268000219652,2.0368998120312716,1.170025750255098,1.0262479403965592,1.0,0.0,0.0,1.0,0.0,5.0,0.0,0.0,1.0
-0.07660191732980101,-0.6946304022582562,-1.2170740485175422,-1.658362830243718,1.0,0.0,0.0,0.0,1.0,3.0,1.0,1.0,2.0
-0.4637911119937961,-1.1602321433303349,0.2557763351372391,0.6391900601984929,1.0,0.0,0.0,1.0,0.0,4.0,1.0,1.0,1.0
-0.4637911119937961,-0.9532980361871888,0.9915019334732477,-1.5687485744394432,0.0,1.0,1.0,0.0,0.0,2.0,1.0,0.0,2.0
-1.9157505919837776,-0.03244125940018888,-1.2170740485175422,-1.352612891860769,1.0,0.0,1.0,0.0,0.0,1.0,0.0,1.0,2.0
0.9881683679961855,-0.9326046254728741,0.42300522143081587,0.5774053483651778,1.0,0.0,0.0,1.0,0.0,1.0,1.0,0.0,1.0
0.11699268000219652,2.057593222745586,0.019338651638210372,1.2929103656200616,0.0,1.0,1.0,0.0,0.0,1.0,1.0,0.0,1.0
-0.5605884106597949,-0.8084441611869866,1.3674657584228338,0.8641603557314562,0.0,1.0,0.0,0.0,1.0,1.0,1.0,1.0,1.0
1.665749458658177,-1.9155416344028178,0.5820664501638178,1.7008446656747291,1.0,0.0,0.0,1.0,0.0,2.0,1.0,0.0,3.0
-0.8509803066577912,-0.5601232326152112,0.7018265034479423,1.4415156284897797,1.0,0.0,0.0,0.0,1.0,2.0,1.0,1.0,1.0
-0.27019651466179856,-1.4913267147593685,0.12590384440771935,0.7006134691175568,0.0,1.0,1.0,0.0,0.0,4.0,0.0,0.0,1.0
-0.6573857093257937,2.057593222745586,0.4915711706647523,0.3848569882024139,1.0,0.0,1.0,0.0,0.0,5.0,1.0,0.0,1.0
0.020195381336197752,0.4848940084576762,1.387013062871029,-0.1678016560811744,1.0,0.0,0.0,0.0,1.0,9.0,0.0,0.0,1.0
0.40738457600019284,-0.06348137547166079,1.035404318596717,-1.5404688369479824,0.0,1.0,0.0,1.0,0.0,9.0,1.0,0.0,1.0
0.9881683679961855,-0.6946304022582562,1.5593321669735685,0.2435727626216519,0.0,1.0,1.0,0.0,0.0,8.0,1.0,0.0,1.0
-0.27019651466179856,-1.1188453219017056,-1.2170740485175422,1.337178931258106,0.0,1.0,1.0,0.0,0.0,6.0,1.0,0.0,2.0
-1.1413722026557875,-0.1462550183289192,0.9666300345363029,0.027125701989771538,1.0,0.0,0.0,1.0,0.0,7.0,1.0,1.0,1.0
0.6977764719981892,-2.4121834915463682,-1.2170740485175422,-0.3278026598813571,1.0,0.0,1.0,0.0,0.0,9.0,1.0,1.0,1.0
-1.4317640986537838,2.057593222745586,-1.2170740485175422,-0.5358802611423411,1.0,0.0,0.0,0.0,1.0,1.0,0.0,1.0,2.0
0.2137899786681953,-0.042787964757346184,1.016374153914555,0.03059765426012926,0.0,1.0,1.0,0.0,0.0,4.0,1.0,1.0,1.0
-0.8509803066577912,0.5159341245291481,-1.2170740485175422,0.2747074367663074,1.0,0.0,0.0,0.0,1.0,2.0,1.0,0.0,2.0
0.40738457600019284,-0.29110889332912143,0.7688024528603582,0.9576149988433458,1.0,0.0,0.0,0.0,1.0,4.0,0.0,0.0,2.0
0.020195381336197752,0.14345273167148526,-0.47241255794832215,0.6428187452207713,0.0,1.0,1.0,0.0,0.0,10.0,1.0,0.0,1.0
-0.4637911119937961,1.1781232673872155,0.1662815772122456,0.07587550228068872,0.0,1.0,0.0,1.0,0.0,5.0,1.0,1.0,2.0
-0.5605884106597949,0.6090544727435638,-1.2170740485175422,-0.4681694509075889,1.0,0.0,1.0,0.0,0.0,2.0,1.0,0.0,2.0
-0.7541830079917924,-1.1705788486874922,-1.2170740485175422,-1.7131573657138854,0.0,1.0,1.0,0.0,0.0,1.0,1.0,0.0,2.0
0.8913710693301867,1.1988166781015301,-1.2170740485175422,1.3150855276807056,0.0,1.0,1.0,0.0,0.0,9.0,0.0,1.0,2.0
-0.1733992159957998,1.333323847744575,-1.2170740485175422,1.431610501267652,1.0,0.0,1.0,0.0,0.0,3.0,0.0,0.0,2.0
-1.0445749039897887,-0.6118567594009978,0.6556602453605186,0.7729057116357105,0.0,1.0,1.0,0.0,0.0,2.0,1.0,0.0,1.0
0.31058727733419406,-1.367166250473481,-1.2170740485175422,0.028302850194266278,0.0,1.0,1.0,0.0,0.0,8.0,1.0,1.0,2.0
0.6977764719981892,0.4331604816718897,1.2216865178865084,1.4068990866842452,1.0,0.0,0.0,0.0,1.0,3.0,1.0,0.0,1.0
-1.334966799987785,0.17449284774295717,-1.2170740485175422,0.6132477455567136,0.0,1.0,0.0,0.0,1.0,8.0,1.0,1.0,2.0
-0.7541830079917924,1.1988166781015301,-1.2170740485175422,1.6666433525915432,0.0,1.0,0.0,0.0,1.0,6.0,1.0,1.0,2.0
-1.1413722026557875,-1.9776218665457617,-1.2170740485175422,0.9792124589404718,1.0,0.0,1.0,0.0,0.0,7.0,1.0,0.0,2.0
2.2465332506541693,-1.0464183844016044,0.08385412816940113,-0.6152416552393714,0.0,1.0,0.0,0.0,1.0,7.0,0.0,1.0,1.0
0.11699268000219652,0.9091089281011256,-1.2170740485175422,1.2779191649232748,0.0,1.0,1.0,0.0,0.0,4.0,0.0,0.0,2.0
0.020195381336197752,-0.7463639290440427,-1.2170740485175422,-1.0431486829794645,0.0,1.0,1.0,0.0,0.0,5.0,0.0,1.0,2.0
-0.6573857093257937,1.2919370263159458,0.5418944801508744,0.4637405300580158,1.0,0.0,0.0,1.0,0.0,4.0,1.0,1.0,2.0
0.2137899786681953,0.9918825709583841,0.30237437358262503,1.6537509095550533,1.0,0.0,0.0,0.0,1.0,5.0,1.0,0.0,2.0
0.2137899786681953,0.2779599013145302,1.0888132661956775,1.683243455866041,1.0,0.0,1.0,0.0,0.0,1.0,1.0,0.0,1.0
1.4721548613261792,0.029638972742754933,-1.2170740485175422,-0.9170802329930806,1.0,0.0,0.0,0.0,1.0,5.0,0.0,1.0,2.0
-0.4637911119937961,-2.0397020986887053,-1.2170740485175422,1.7214340610688783,0.0,1.0,1.0,0.0,0.0,4.0,1.0,0.0,2.0
-0.94777760532379,-0.5704699379723686,-1.2170740485175422,-1.7094046513329832,0.0,1.0,0.0,0.0,1.0,2.0,1.0,1.0,2.0
-0.36699381332779735,0.6711347048865076,1.10465153557341,0.5962099734655305,0.0,1.0,1.0,0.0,0.0,4.0,1.0,0.0,1.0
0.31058727733419406,-0.2393753665433349,-1.2170740485175422,1.271765012539853,0.0,1.0,0.0,0.0,1.0,7.0,0.0,1.0,2.0
-0.36699381332779735,0.5987077673864065,0.5805737054117561,-1.5166026659179435,1.0,0.0,0.0,0.0,1.0,1.0,1.0,0.0,2.0
0.31058727733419406,1.405750785244676,1.1297253392495958,-0.3539676359243115,1.0,0.0,1.0,0.0,0.0,10.0,1.0,1.0,2.0
0.31058727733419406,0.8470286959581818,0.7134781430256859,1.4646555406527042,0.0,1.0,1.0,0.0,0.0,9.0,1.0,0.0,1.0
1.568952159992178,-0.06348137547166079,-1.2170740485175422,-1.417541826214587,1.0,0.0,1.0,0.0,0.0,7.0,1.0,1.0,2.0
-1.1413722026557875,-0.6118567594009978,-1.2170740485175422,-1.3953397012498938,0.0,1.0,1.0,0.0,0.0,3.0,1.0,1.0,2.0
-1.5285613973197827,-1.1188453219017056,-1.2170740485175422,0.31266007259663847,0.0,1.0,0.0,0.0,1.0,5.0,1.0,0.0,2.0
-0.07660191732980101,0.23657307988590098,0.12886666785433218,-0.9470167104726613,1.0,0.0,0.0,1.0,0.0,10.0,1.0,0.0,1.0
0.6009791733321904,-0.42561606297216636,-1.2170740485175422,-1.0712422894558802,1.0,0.0,0.0,0.0,1.0,3.0,1.0,0.0,1.0
1.2785602639941818,1.2608969102444738,-1.2170740485175422,0.7698296791693179,0.0,1.0,1.0,0.0,0.0,4.0,0.0,1.0,1.0
0.5041818746661916,1.1677765620300582,-1.2170740485175422,-1.5376041588584863,1.0,0.0,1.0,0.0,0.0,1.0,1.0,1.0,2.0
1.181762965328183,-1.305086018330537,-1.2170740485175422,1.2383219659002005,0.0,1.0,1.0,0.0,0.0,10.0,1.0,0.0,3.0
-0.4637911119937961,0.9608424548869121,-1.2170740485175422,-1.2631571083506121,0.0,1.0,0.0,0.0,1.0,3.0,1.0,0.0,2.0
-0.36699381332779735,-0.1255616076146046,0.8433493477377583,-0.7091296183124545,0.0,1.0,0.0,1.0,0.0,10.0,1.0,0.0,2.0
-0.6573857093257937,-1.3464728397591663,0.9780775188442729,0.5130695979004282,1.0,0.0,1.0,0.0,0.0,2.0,1.0,1.0,2.0
-0.4637911119937961,-0.311802304043436,-1.2170740485175422,-0.01270842268049095,0.0,1.0,1.0,0.0,0.0,6.0,1.0,1.0,2.0
-0.27019651466179856,0.3090000173860021,1.0648364354021183,1.483575323446477,0.0,1.0,1.0,0.0,0.0,5.0,1.0,1.0,1.0
-0.36699381332779735,-1.4809800094022112,0.17975437824767895,-0.7042340247083321,0.0,1.0,1.0,0.0,0.0,1.0,0.0,0.0,1.0
-0.36699381332779735,-1.129192027258863,1.5943936644027523,-1.3489130595626457,0.0,1.0,0.0,0.0,1.0,2.0,1.0,1.0,1.0
-1.2381695013217864,1.1160430352442716,-1.2170740485175422,0.6181624741249995,0.0,1.0,1.0,0.0,0.0,4.0,1.0,0.0,2.0
1.568952159992178,2.057593222745586,0.36972503632877507,-0.2825281169909714,0.0,1.0,0.0,1.0,0.0,0.0,1.0,1.0,1.0
-0.36699381332779735,-0.22902866118617762,1.3042803454366096,-1.1834871194678904,0.0,1.0,0.0,1.0,0.0,7.0,1.0,0.0,2.0
-0.7541830079917924,-0.5394298219008967,-1.2170740485175422,0.5258249650118192,1.0,0.0,0.0,0.0,1.0,3.0,1.0,1.0,1.0
1.568952159992178,0.4848940084576762,1.2755348011959353,0.7780206615108347,0.0,1.0,0.0,1.0,0.0,8.0,1.0,1.0,2.0
0.8913710693301867,-0.1979885451147057,0.8094685750774622,-0.6177650351498783,0.0,1.0,0.0,1.0,0.0,6.0,1.0,0.0,1.0
1.3753575626601806,0.13310602631432794,1.7986719095948207,1.5053006398950595,1.0,0.0,0.0,0.0,1.0,7.0,1.0,0.0,1.0
-0.36699381332779735,-0.1772951344003911,-1.2170740485175422,-0.2996236418830842,1.0,0.0,0.0,0.0,1.0,10.0,1.0,0.0,1.0
-0.36699381332779735,0.10206591024285605,-1.2170740485175422,0.9660691739192206,0.0,1.0,1.0,0.0,0.0,5.0,1.0,0.0,1.0
-1.334966799987785,1.6954585352450806,0.9556792744673884,0.629929259406016,1.0,0.0,0.0,1.0,0.0,8.0,1.0,1.0,1.0
3.2145062373141573,0.3710802495289459,-1.2170740485175422,-0.5223721941224457,1.0,0.0,1.0,0.0,0.0,9.0,0.0,1.0,1.0
-1.2381695013217864,2.057593222745586,0.7622079161423069,-0.442422660808717,1.0,0.0,0.0,1.0,0.0,8.0,1.0,0.0,1.0
-0.1733992159957998,-0.24972207190049223,0.7953963291593629,-0.26569769832963275,0.0,1.0,1.0,0.0,0.0,2.0,0.0,1.0,1.0
-0.7541830079917924,-1.3568195451163236,0.2819303934692352,-0.39179606844179954,0.0,1.0,1.0,0.0,0.0,4.0,1.0,0.0,1.0
0.020195381336197752,-1.8741548129741887,0.6712803740287367,-0.6288930605362734,0.0,1.0,0.0,1.0,0.0,5.0,0.0,0.0,2.0
-0.7541830079917924,0.3710802495289459,-1.2170740485175422,-0.898135922654334,0.0,1.0,0.0,0.0,1.0,3.0,0.0,0.0,2.0
-0.36699381332779735,-0.26006877725764954,0.1993103633136437,-1.1660706490404895,0.0,1.0,0.0,1.0,0.0,4.0,1.0,1.0,1.0
0.9881683679961855,-0.5911633486866832,-1.2170740485175422,-1.3260032888323425,1.0,0.0,1.0,0.0,0.0,4.0,1.0,1.0,2.0
-0.8509803066577912,0.34004013345747397,-1.2170740485175422,-0.28502175072991504,0.0,1.0,1.0,0.0,0.0,2.0,1.0,0.0,2.0
-0.1733992159957998,-1.6361805897595707,1.0814805554628228,1.0260219738652099,1.0,0.0,1.0,0.0,0.0,8.0,1.0,0.0,2.0
-0.6573857093257937,-1.3154327236876944,-1.2170740485175422,0.5741047410011928,1.0,0.0,0.0,0.0,1.0,6.0,1.0,1.0,1.0
0.11699268000219652,0.5366275352434627,-1.2170740485175422,0.3941769334295776,1.0,0.0,1.0,0.0,0.0,7.0,0.0,1.0,2.0
1.2785602639941818,1.022922687029856,0.5104904163420765,0.45879535950128775,1.0,0.0,0.0,1.0,0.0,6.0,1.0,0.0,1.0
-0.6573857093257937,-0.891217804044245,-1.2170740485175422,-1.6433523206285479,0.0,1.0,1.0,0.0,0.0,9.0,1.0,0.0,2.0
-0.6573857093257937,-0.37388253618637984,1.0096945792927947,-0.7473350096239636,0.0,1.0,0.0,0.0,1.0,5.0,1.0,1.0,1.0
-0.1733992159957998,0.9504957495297548,-0.10557061550527647,0.10300679401389982,0.0,1.0,1.0,0.0,0.0,8.0,0.0,1.0,2.0
1.181762965328183,-0.3945759469006945,1.1501964864815615,-0.8041519368519939,1.0,0.0,0.0,1.0,0.0,7.0,1.0,1.0,1.0
-0.4637911119937961,-0.46700288440079557,1.3802349471623623,1.5867674019127342,0.0,1.0,0.0,0.0,1.0,3.0,0.0,1.0,1.0
1.181762965328183,-0.6222034647581551,0.9130257730375186,1.068878901010647,1.0,0.0,0.0,1.0,0.0,8.0,1.0,1.0,1.0
0.2137899786681953,0.42281377631473244,0.8839776931923452,-0.7045920224924093,1.0,0.0,0.0,1.0,0.0,8.0,1.0,0.0,1.0
0.6977764719981892,-1.1809255540446495,0.4021424818861187,0.7131960996888176,1.0,0.0,0.0,1.0,0.0,5.0,0.0,1.0,1.0
-1.4317640986537838,-0.37388253618637984,0.5275383458812629,1.3851925572913875,0.0,1.0,0.0,1.0,0.0,8.0,0.0,0.0,2.0
2.7305197439841633,1.705805240602238,1.2240921742740385,-0.4704484251394623,0.0,1.0,0.0,0.0,1.0,6.0,1.0,1.0,1.0
0.6977764719981892,0.42281377631473244,-1.2170740485175422,0.10653649908518752,0.0,1.0,0.0,0.0,1.0,2.0,1.0,1.0,2.0
0.40738457600019284,0.19518625845727178,0.354957054971636,0.3542913183102932,0.0,1.0,0.0,0.0,1.0,1.0,0.0,0.0,1.0
2.7305197439841633,1.1574298566729009,1.185153977249688,0.11174903727754555,0.0,1.0,1.0,0.0,0.0,1.0,0.0,1.0,2.0
-0.6573857093257937,1.0022292763155414,1.2703711196402898,1.2660290461005135,0.0,1.0,1.0,0.0,0.0,5.0,1.0,1.0,2.0
0.020195381336197752,0.16414614238579986,1.4764431984192907,-1.0206880620443446,0.0,1.0,0.0,0.0,1.0,7.0,1.0,1.0,1.0
1.7625467573241755,1.126389740601429,-1.2170740485175422,-1.3004386288014633,1.0,0.0,0.0,0.0,1.0,1.0,1.0,1.0,2.0
-0.1733992159957998,-0.5290831165437394,-1.2170740485175422,-1.609884398535483,1.0,0.0,1.0,0.0,0.0,4.0,1.0,0.0,3.0
-0.1733992159957998,-0.2704154826148068,1.6293526019405065,-0.06558337333662029,0.0,1.0,1.0,0.0,0.0,1.0,1.0,1.0,2.0
2.052938653322172,1.0125759816726987,-1.2170740485175422,-1.4243373478059254,1.0,0.0,1.0,0.0,0.0,6.0,1.0,0.0,1.0
-0.4637911119937961,-2.3294098486891097,-1.2170740485175422,-0.6719479475836928,1.0,0.0,1.0,0.0,0.0,3.0,1.0,1.0,2.0
0.8913710693301867,1.6851118298879233,-1.2170740485175422,0.574248253232419,1.0,0.0,1.0,0.0,0.0,7.0,1.0,1.0,2.0
-0.27019651466179856,0.5262808298863054,0.23870541803618062,1.294396456518687,0.0,1.0,0.0,1.0,0.0,9.0,1.0,0.0,2.0
-1.6253586959857813,2.057593222745586,-1.2170740485175422,0.774563321394929,0.0,1.0,0.0,0.0,1.0,3.0,1.0,1.0,1.0
-0.27019651466179856,0.34004013345747397,-1.2170740485175422,0.2988580229455039,1.0,0.0,0.0,0.0,1.0,4.0,1.0,0.0,1.0
0.6977764719981892,-1.3878596611877954,-1.2170740485175422,-1.3479001241415178,0.0,1.0,0.0,0.0,1.0,4.0,1.0,0.0,1.0
1.2785602639941818,-0.042787964757346184,0.8729152103576885,1.5820730733407677,0.0,1.0,0.0,1.0,0.0,7.0,1.0,1.0,1.0
-1.818953293317779,-1.9465817504742897,2.065855698226125,0.4941986962423814,0.0,1.0,0.0,0.0,1.0,8.0,1.0,0.0,1.0
0.9881683679961855,1.7368453566737099,0.7225112903283564,1.153414041509049,1.0,0.0,0.0,1.0,0.0,1.0,0.0,0.0,4.0
-0.36699381332779735,-0.24972207190049223,-1.2170740485175422,1.6206227200530006,1.0,0.0,1.0,0.0,0.0,7.0,0.0,1.0,2.0
0.8913710693301867,-0.20833525047186302,0.4932725717476534,0.8837349022080611,0.0,1.0,0.0,1.0,0.0,1.0,1.0,1.0,1.0
-0.8509803066577912,-0.44630947368648094,0.16314031884480687,0.7457692012759091,1.0,0.0,1.0,0.0,0.0,8.0,0.0,0.0,1.0
-0.1733992159957998,-1.853461402259874,-1.2170740485175422,-0.8958779968830406,1.0,0.0,1.0,0.0,0.0,1.0,1.0,1.0,2.0
-1.2381695013217864,-0.860177687972773,0.548292899208198,0.9503588464783261,1.0,0.0,0.0,1.0,0.0,10.0,1.0,0.0,2.0
-1.1413722026557875,-0.7049771076154135,-1.2170740485175422,1.1003425225846952,1.0,0.0,1.0,0.0,0.0,4.0,1.0,0.0,3.0
0.11699268000219652,1.7575387673880243,-1.2170740485175422,1.642378826398464,1.0,0.0,1.0,0.0,0.0,1.0,1.0,0.0,2.0
0.31058727733419406,1.1056963298871143,-1.2170740485175422,-0.4113866187066136,1.0,0.0,1.0,0.0,0.0,7.0,0.0,1.0,2.0
-0.7541830079917924,1.3126304370302604,1.7130400265774348,1.5790266130917188,0.0,1.0,0.0,1.0,0.0,9.0,1.0,0.0,2.0
-0.4637911119937961,1.3229771423874177,-1.2170740485175422,0.20557802987016113,1.0,0.0,0.0,0.0,1.0,5.0,0.0,1.0,2.0
0.2137899786681953,1.0850029191727997,1.1789359221393612,-0.8599658440494174,0.0,1.0,0.0,1.0,0.0,6.0,0.0,1.0,1.0
1.0849656666621843,0.18483955310011446,2.014199753160142,1.0119579491592552,0.0,1.0,1.0,0.0,0.0,9.0,1.0,0.0,1.0
0.6009791733321904,-0.45665617904363826,0.7739960343216554,0.2294956913492219,0.0,1.0,1.0,0.0,0.0,7.0,0.0,1.0,1.0
0.31058727733419406,-0.44630947368648094,-1.2170740485175422,1.3680733746253997,0.0,1.0,1.0,0.0,0.0,5.0,1.0,0.0,2.0
0.2137899786681953,2.057593222745586,-1.2170740485175422,-1.1312462319424519,1.0,0.0,1.0,0.0,0.0,5.0,1.0,1.0,2.0
-0.5605884106597949,-0.29110889332912143,0.06898085413375672,0.07342483523400291,0.0,1.0,0.0,1.0,0.0,2.0,1.0,1.0,1.0
0.2137899786681953,-1.1912722594018068,-1.2170740485175422,0.37296565170011486,1.0,0.0,1.0,0.0,0.0,9.0,1.0,0.0,1.0
-1.4317640986537838,-0.24972207190049223,0.4350275555377705,-0.7491455251422703,0.0,1.0,0.0,1.0,0.0,5.0,1.0,0.0,2.0
-0.4637911119937961,-1.336126134402009,0.8154168880281982,1.294042459681662,0.0,1.0,0.0,0.0,1.0,9.0,1.0,0.0,1.0
1.0849656666621843,-2.153515857617436,0.6670427857873954,-0.9918610645778076,0.0,1.0,0.0,1.0,0.0,3.0,1.0,0.0,1.0
1.3753575626601806,-0.5601232326152112,0.20367317750392508,-0.530107764316871,1.0,0.0,1.0,0.0,0.0,4.0,1.0,0.0,1.0
-0.36699381332779735,-2.4121834915463682,-1.2170740485175422,-0.19101114993196605,0.0,1.0,1.0,0.0,0.0,7.0,1.0,1.0,2.0
-0.5605884106597949,1.395404079887519,0.11774856476507584,0.959042467169943,1.0,0.0,1.0,0.0,0.0,0.0,0.0,1.0,1.0
0.6977764719981892,-0.35318912547206527,0.4952821347613862,-0.23086023466512,1.0,0.0,0.0,0.0,1.0,3.0,0.0,1.0,1.0
-0.5605884106597949,-0.24972207190049223,0.12036882531413937,1.0346142685915014,1.0,0.0,0.0,1.0,0.0,4.0,0.0,0.0,1.0
-1.1413722026557875,-0.1255616076146046,-1.2170740485175422,0.44159128717610185,1.0,0.0,1.0,0.0,0.0,2.0,0.0,0.0,2.0
0.31058727733419406,-0.35318912547206527,-0.09010689870909774,0.3648174620966362,0.0,1.0,0.0,0.0,1.0,0.0,1.0,1.0,1.0
-0.1733992159957998,0.5573209459577774,-1.2170740485175422,-1.4946696481310775,1.0,0.0,1.0,0.0,0.0,10.0,1.0,1.0,2.0
0.6977764719981892,0.019292267385597632,-1.2170740485175422,-0.8723950469989308,1.0,0.0,1.0,0.0,0.0,5.0,1.0,0.0,2.0
-0.36699381332779735,-0.07382808082881809,1.380538286527766,-0.6273323432774102,0.0,1.0,0.0,1.0,0.0,5.0,1.0,1.0,3.0
0.2137899786681953,-1.718954232616829,0.3945430832851106,-1.516046186369225,0.0,1.0,1.0,0.0,0.0,2.0,1.0,1.0,2.0
-0.36699381332779735,-0.042787964757346184,0.772421948966046,-0.27742725740764057,0.0,1.0,1.0,0.0,0.0,4.0,1.0,0.0,1.0
-0.5605884106597949,-1.3982063665449527,0.6347200232646161,-1.5421596719631574,0.0,1.0,1.0,0.0,0.0,7.0,1.0,1.0,1.0
-0.94777760532379,-0.9222579201157168,-1.2170740485175422,-1.2872614227073766,0.0,1.0,1.0,0.0,0.0,9.0,1.0,1.0,1.0
-1.5285613973197827,-1.274045902259065,0.4667229022984029,1.2247121356617992,0.0,1.0,0.0,0.0,1.0,7.0,1.0,0.0,1.0
-0.94777760532379,-0.5808166433295259,1.2052328891601989,-0.21026944763721372,0.0,1.0,1.0,0.0,0.0,6.0,1.0,0.0,1.0
-1.1413722026557875,0.6297478834578785,0.921082833097618,0.4688146006915176,1.0,0.0,1.0,0.0,0.0,2.0,1.0,0.0,1.0
-0.36699381332779735,1.0539628031013277,-1.2170740485175422,0.11210842669537988,0.0,1.0,1.0,0.0,0.0,4.0,1.0,1.0,2.0
2.2465332506541693,1.0746562138156424,0.8358330580142882,0.7396359233988477,0.0,1.0,1.0,0.0,0.0,1.0,0.0,1.0,2.0
0.020195381336197752,0.3296934281003167,0.39144699628051177,0.16252088141788584,1.0,0.0,0.0,1.0,0.0,2.0,1.0,0.0,2.0
0.6977764719981892,2.057593222745586,-1.2170740485175422,1.5329110015492369,1.0,0.0,1.0,0.0,0.0,3.0,1.0,1.0,2.0
1.181762965328183,1.4988711334590918,-1.2170740485175422,1.6503835037707162,0.0,1.0,1.0,0.0,0.0,6.0,0.0,1.0,2.0
0.40738457600019284,0.3296934281003167,0.6458514687848892,0.30425460470227067,1.0,0.0,0.0,1.0,0.0,4.0,1.0,1.0,1.0
-1.4317640986537838,-0.7049771076154135,0.9550942972810053,-0.17494212889011523,0.0,1.0,1.0,0.0,0.0,9.0,0.0,0.0,1.0
-0.36699381332779735,-0.8187908665441438,1.033120030105785,1.4925993725459852,1.0,0.0,0.0,1.0,0.0,1.0,1.0,0.0,1.0
0.40738457600019284,-0.36353583082922253,0.32589306066055096,0.2679564474552037,1.0,0.0,0.0,1.0,0.0,7.0,0.0,1.0,1.0
2.3433305493201684,-0.0014011433287169732,0.8722006669134807,-1.5312870113712354,1.0,0.0,0.0,0.0,1.0,8.0,1.0,1.0,1.0
2.440127847986167,-1.2430057861875932,1.60822381753638,-0.6808096973962503,1.0,0.0,0.0,1.0,0.0,2.0,1.0,1.0,2.0
0.6009791733321904,-0.33249571475775064,-1.2170740485175422,0.23982561477577893,1.0,0.0,0.0,0.0,1.0,0.0,0.0,0.0,2.0
-0.7541830079917924,-0.2186819558290203,-1.2170740485175422,1.2167060666557896,1.0,0.0,0.0,0.0,1.0,1.0,1.0,1.0,2.0
0.6977764719981892,1.0539628031013277,0.5755177278173299,1.0388208295315182,1.0,0.0,0.0,1.0,0.0,3.0,1.0,0.0,3.0
-0.5605884106597949,-0.053134670114503485,-1.2170740485175422,1.7108277243872683,1.0,0.0,1.0,0.0,0.0,2.0,0.0,0.0,2.0
-1.9157505919837776,0.8263352852438672,-1.2170740485175422,0.899745126723664,0.0,1.0,1.0,0.0,0.0,6.0,1.0,1.0,2.0
-0.07660191732980101,-0.7567106344012,0.601843951735096,1.3369059970874464,1.0,0.0,0.0,1.0,0.0,4.0,1.0,0.0,2.0
0.6009791733321904,-1.646527295116728,1.520455859538874,1.1286692277154662,0.0,1.0,0.0,1.0,0.0,9.0,0.0,0.0,2.0
1.8593440559901744,-1.8638081076170314,0.6269716073918915,-1.105368802224609,1.0,0.0,1.0,0.0,0.0,4.0,1.0,1.0,1.0
1.665749458658177,0.4538538923862043,-1.2170740485175422,1.5286365984635497,0.0,1.0,0.0,0.0,1.0,1.0,1.0,0.0,3.0
-0.5605884106597949,-0.6739369915439416,-1.2170740485175422,-1.615750656685354,0.0,1.0,1.0,0.0,0.0,9.0,1.0,0.0,1.0
0.020195381336197752,-1.0050315629729754,0.8680363816666408,1.2757529130257466,0.0,1.0,1.0,0.0,0.0,2.0,1.0,0.0,1.0
-1.0445749039897887,0.5366275352434627,-1.2170740485175422,-1.699663562940003,0.0,1.0,1.0,0.0,0.0,9.0,0.0,1.0,2.0
-0.1733992159957998,-0.44630947368648094,1.1314090575925957,1.0565060592283064,0.0,1.0,1.0,0.0,0.0,5.0,0.0,0.0,2.0
0.31058727733419406,-0.3221490094005933,-1.2170740485175422,-0.5965372277695472,1.0,0.0,1.0,0.0,0.0,1.0,0.0,1.0,2.0
0.6009791733321904,0.888415517386811,-1.2170740485175422,1.354007088514589,1.0,0.0,0.0,0.0,1.0,2.0,0.0,1.0,2.0
0.020195381336197752,0.3607335441717886,0.9733039828317303,-0.18542095712870846,0.0,1.0,0.0,0.0,1.0,10.0,0.0,0.0,1.0
-1.4317640986537838,1.6333783031021367,-1.2170740485175422,1.6292564158835732,1.0,0.0,1.0,0.0,0.0,4.0,1.0,0.0,2.0
0.020195381336197752,-2.339756554046267,-1.2170740485175422,0.71465227046166,1.0,0.0,0.0,0.0,1.0,5.0,1.0,0.0,2.0
-0.6573857093257937,-0.6635902861867843,0.7994823280940926,0.5332755981944282,1.0,0.0,0.0,1.0,0.0,3.0,1.0,1.0,2.0
0.9881683679961855,0.6814814102436649,0.5650950386627513,0.4292182714395415,1.0,0.0,0.0,0.0,1.0,1.0,1.0,1.0,2.0
-0.8509803066577912,-1.543060241545155,-1.2170740485175422,-0.5843960930078046,0.0,1.0,1.0,0.0,0.0,4.0,1.0,1.0,2.0
-0.5605884106597949,0.443507187029047,0.8683903579690357,1.3614556342465616,1.0,0.0,1.0,0.0,0.0,4.0,1.0,0.0,2.0
0.020195381336197752,0.12275932095717065,-1.2170740485175422,0.022791632606737958,1.0,0.0,1.0,0.0,0.0,8.0,1.0,1.0,2.0
1.0849656666621843,-0.311802304043436,-1.2170740485175422,1.598601855385202,1.0,0.0,1.0,0.0,0.0,5.0,1.0,0.0,2.0
-1.0445749039897887,0.039985678099912235,0.6124762617335997,-0.40034626624693137,1.0,0.0,0.0,0.0,1.0,3.0,0.0,1.0,2.0
-0.4637911119937961,-0.311802304043436,-1.2170740485175422,-0.9025795831957583,0.0,1.0,0.0,0.0,1.0,8.0,0.0,0.0,1.0
-0.5605884106597949,-1.3982063665449527,-1.2170740485175422,-0.7162234713905241,1.0,0.0,0.0,0.0,1.0,3.0,1.0,1.0,2.0
-0.5605884106597949,-0.891217804044245,0.8786249670719332,0.10061057463797024,0.0,1.0,0.0,1.0,0.0,8.0,1.0,0.0,2.0
0.7945737706641879,1.2091633834586875,0.4636319593635935,-0.8997192539617539,1.0,0.0,0.0,1.0,0.0,5.0,1.0,0.0,1.0
0.020195381336197752,-0.8705243933299304,-1.2170740485175422,1.1944223571620722,0.0,1.0,1.0,0.0,0.0,5.0,0.0,0.0,2.0
-1.2381695013217864,1.3229771423874177,-1.2170740485175422,0.20956801780669077,1.0,0.0,1.0,0.0,0.0,0.0,0.0,1.0,2.0
-0.1733992159957998,1.022922687029856,0.9241403395787949,-1.2610275607934338,1.0,0.0,0.0,1.0,0.0,1.0,1.0,1.0,2.0
-1.9157505919837776,-0.3945759469006945,-1.2170740485175422,1.3402243477818374,0.0,1.0,0.0,0.0,1.0,5.0,1.0,1.0,1.0
-0.27019651466179856,-0.1772951344003911,-0.09954176571189752,0.284931769981526,1.0,0.0,1.0,0.0,0.0,1.0,1.0,0.0,1.0
-0.94777760532379,-1.6672207058310426,-1.2170740485175422,-1.1788724619285322,0.0,1.0,1.0,0.0,0.0,4.0,1.0,0.0,2.0
-0.07660191732980101,0.5987077673864065,-1.2170740485175422,-0.3201871180985027,0.0,1.0,1.0,0.0,0.0,5.0,1.0,1.0,2.0
0.31058727733419406,1.2608969102444738,1.231578081835314,1.2502877548085176,1.0,0.0,0.0,1.0,0.0,8.0,1.0,0.0,2.0
-0.1733992159957998,-1.0050315629729754,-1.2170740485175422,1.1536401819946178,0.0,1.0,0.0,0.0,1.0,3.0,1.0,0.0,2.0
0.9881683679961855,-1.201618964758964,-1.2170740485175422,-0.6616919547004945,1.0,0.0,1.0,0.0,0.0,3.0,0.0,0.0,1.0
0.2137899786681953,1.6333783031021367,0.06422130356095468,1.1449026354949037,0.0,1.0,0.0,1.0,0.0,1.0,1.0,0.0,2.0
1.9561413546561732,-0.1772951344003911,0.3217591575759056,-0.033386882635110145,1.0,0.0,0.0,1.0,0.0,3.0,0.0,0.0,1.0
-0.27019651466179856,-2.1017823308316492,0.1323942137125316,-0.31066764738137953,1.0,0.0,1.0,0.0,0.0,6.0,1.0,0.0,2.0
-0.8509803066577912,-0.7567106344012,1.5070660066287973,0.2144580448757838,0.0,1.0,1.0,0.0,0.0,4.0,1.0,0.0,1.0
-0.1733992159957998,-1.6672207058310426,0.6551347464810776,-1.3120135425781858,1.0,0.0,1.0,0.0,0.0,3.0,0.0,1.0,1.0
0.2137899786681953,1.1884699727443728,0.37772358259501776,-0.6515683409784638,0.0,1.0,0.0,0.0,1.0,6.0,1.0,0.0,2.0
-0.94777760532379,-1.1602321433303349,-1.2170740485175422,0.018447821787403253,1.0,0.0,1.0,0.0,0.0,4.0,1.0,1.0,2.0
-0.94777760532379,1.126389740601429,0.44843493043556787,-0.23525657965879457,0.0,1.0,0.0,1.0,0.0,5.0,0.0,1.0,2.0
0.8913710693301867,-0.16694842904323381,-1.2170740485175422,0.6382825410344836,1.0,0.0,0.0,0.0,1.0,2.0,1.0,1.0,2.0
0.40738457600019284,1.612684892387822,0.4836730945115874,-1.1301918954170427,0.0,1.0,1.0,0.0,0.0,1.0,1.0,0.0,2.0
-0.6573857093257937,0.6297478834578785,0.40018966439225223,1.1452166228614045,0.0,1.0,1.0,0.0,0.0,9.0,1.0,0.0,1.0
-1.0445749039897887,-0.22902866118617762,0.5287107115367427,0.34423815604722807,0.0,1.0,0.0,1.0,0.0,8.0,1.0,1.0,1.0
-0.27019651466179856,-0.9739914469015034,-1.2170740485175422,0.769213881231692,0.0,1.0,1.0,0.0,0.0,3.0,0.0,1.0,1.0
0.7945737706641879,-1.1809255540446495,-1.2170740485175422,-1.2938031450922194,0.0,1.0,1.0,0.0,0.0,10.0,0.0,1.0,2.0
2.3433305493201684,0.4848940084576762,-1.2170740485175422,1.282356041250132,1.0,0.0,0.0,0.0,1.0,5.0,1.0,1.0,1.0
-0.07660191732980101,0.6400945888150358,1.1075024755020997,-0.7526012996701988,1.0,0.0,0.0,1.0,0.0,7.0,1.0,1.0,1.0
0.2137899786681953,0.54697424060062,0.5355555394004926,-0.9870439243267556,0.0,1.0,0.0,1.0,0.0,4.0,1.0,1.0,2.0
0.5041818746661916,-0.6222034647581551,0.6087810513506963,-1.702547028085223,1.0,0.0,0.0,1.0,0.0,10.0,1.0,0.0,1.0
-0.1733992159957998,-0.011747848685874276,-1.2170740485175422,-1.4244173667469728,0.0,1.0,1.0,0.0,0.0,9.0,1.0,0.0,2.0
0.5041818746661916,-0.16694842904323381,0.05391065867648024,0.23367372379721282,1.0,0.0,0.0,1.0,0.0,2.0,0.0,1.0,2.0
-1.5285613973197827,0.18483955310011446,-1.2170740485175422,-0.5874409876688769,0.0,1.0,1.0,0.0,0.0,1.0,0.0,0.0,2.0
0.2137899786681953,2.016206401316957,-1.2170740485175422,-1.6772356453981807,1.0,0.0,1.0,0.0,0.0,5.0,1.0,0.0,3.0
0.6009791733321904,1.7575387673880243,0.9663799041427845,0.5552599324760963,0.0,1.0,0.0,1.0,0.0,0.0,1.0,1.0,2.0
0.020195381336197752,0.4745473031005189,1.219176533333559,-0.9552243924192664,1.0,0.0,1.0,0.0,0.0,6.0,1.0,1.0,1.0
0.31058727733419406,-0.9946848576158179,0.5046541476614446,-1.0185759099091332,0.0,1.0,0.0,1.0,0.0,6.0,1.0,1.0,1.0
-1.1413722026557875,-0.1979885451147057,1.887466109515347,0.9186028078610158,0.0,1.0,1.0,0.0,0.0,4.0,1.0,1.0,1.0
0.11699268000219652,-0.5911633486866832,1.2278450946898933,-0.2844109974646602,0.0,1.0,0.0,1.0,0.0,0.0,1.0,1.0,2.0
-0.4637911119937961,0.20553296381442906,-1.2170740485175422,-1.332894833152938,1.0,0.0,0.0,0.0,1.0,10.0,1.0,0.0,1.0
0.6977764719981892,0.17449284774295717,-1.2170740485175422,-0.18804853561679655,1.0,0.0,1.0,0.0,0.0,2.0,1.0,0.0,3.0
1.665749458658177,-0.8084441611869866,1.2692762365360153,0.271430835084637,0.0,1.0,0.0,0.0,1.0,3.0,0.0,1.0,1.0
-0.1733992159957998,-0.10486819690028999,-1.2170740485175422,-0.42810814202643976,0.0,1.0,1.0,0.0,0.0,7.0,1.0,0.0,2.0
2.7305197439841633,-0.1566017236860765,0.980558568004656,-0.5758857307189766,0.0,1.0,0.0,1.0,0.0,7.0,0.0,1.0,1.0
0.11699268000219652,-0.2807621879719641,1.1935976463049092,0.08266597919965694,1.0,0.0,0.0,1.0,0.0,3.0,1.0,0.0,2.0
0.5041818746661916,-1.2326590808304358,1.1716318252947104,-0.43523435058936766,0.0,1.0,1.0,0.0,0.0,3.0,1.0,0.0,1.0
0.11699268000219652,-1.1602321433303349,0.08714392155201386,1.1729929368411456,1.0,0.0,1.0,0.0,0.0,7.0,1.0,0.0,1.0
-0.1733992159957998,-0.38422924154353716,0.33162548343230575,0.6874418295584996,1.0,0.0,0.0,1.0,0.0,6.0,1.0,1.0,2.0
-0.5605884106597949,-0.7980974558298293,0.9426085146364462,-0.6383198136543133,1.0,0.0,1.0,0.0,0.0,3.0,1.0,0.0,1.0
0.11699268000219652,1.0022292763155414,0.31484777830925303,1.24650633798137,0.0,1.0,1.0,0.0,0.0,3.0,0.0,0.0,1.0
3.1177089386481582,-0.2807621879719641,1.5197647859130807,-0.4553965144200115,1.0,0.0,1.0,0.0,0.0,4.0,1.0,1.0,3.0
-0.8509803066577912,0.753908347743766,1.0732566346389247,0.13898157036660366,1.0,0.0,1.0,0.0,0.0,9.0,1.0,1.0,1.0
-0.4637911119937961,-0.37388253618637984,0.12525665612731882,-0.46505201733691504,0.0,1.0,1.0,0.0,0.0,1.0,1.0,1.0,2.0
-0.6573857093257937,-0.16694842904323381,-1.2170740485175422,-1.4001698880674212,1.0,0.0,0.0,0.0,1.0,8.0,1.0,1.0,2.0
-0.07660191732980101,-0.2807621879719641,-1.2170740485175422,-0.07750149878874812,1.0,0.0,0.0,0.0,1.0,8.0,1.0,0.0,2.0
1.7625467573241755,-0.7049771076154135,2.615057969000956,0.8368293645540659,1.0,0.0,1.0,0.0,0.0,3.0,0.0,1.0,1.0
-0.27019651466179856,2.057593222745586,0.7116960443479611,1.5947499870990884,0.0,1.0,0.0,1.0,0.0,5.0,1.0,0.0,1.0
-1.0445749039897887,-0.29110889332912143,-1.2170740485175422,0.5160852682525963,0.0,1.0,1.0,0.0,0.0,7.0,0.0,0.0,1.0
0.11699268000219652,-0.09452149154313269,0.5386585387488714,-0.8181272449059181,0.0,1.0,1.0,0.0,0.0,8.0,1.0,0.0,1.0
-0.36699381332779735,0.24691978524305827,-1.2170740485175422,-1.2315339707571282,0.0,1.0,0.0,0.0,1.0,8.0,1.0,0.0,2.0
0.6977764719981892,1.5092178388162492,-1.2170740485175422,1.0926001681757023,1.0,0.0,1.0,0.0,0.0,8.0,0.0,0.0,1.0
-0.36699381332779735,-1.1188453219017056,-0.2620673646959956,-0.4015761225799856,0.0,1.0,0.0,0.0,1.0,10.0,1.0,0.0,1.0
1.2785602639941818,0.6504412941721931,-1.2170740485175422,0.7686408760321048,1.0,0.0,1.0,0.0,0.0,2.0,0.0,1.0,1.0
-0.07660191732980101,-0.5497765272580539,0.41435450356656384,-0.4157434760924234,0.0,1.0,0.0,1.0,0.0,1.0,1.0,1.0,1.0
-0.07660191732980101,0.4021203656004178,0.3013267516195424,-0.7797440723819082,0.0,1.0,1.0,0.0,0.0,1.0,0.0,1.0,2.0
-0.1733992159957998,-0.16694842904323381,1.1419331813733373,-1.5386444050921022,1.0,0.0,0.0,1.0,0.0,9.0,0.0,1.0,1.0
0.31058727733419406,-0.1152149022574473,1.6137578721168748,-1.5908802479451705,1.0,0.0,1.0,0.0,0.0,5.0,1.0,1.0,1.0
1.2785602639941818,-0.053134670114503485,-0.2578749478174939,1.2635533296461954,0.0,1.0,1.0,0.0,0.0,8.0,0.0,0.0,1.0
1.4721548613261792,-2.5570373665465707,0.7996596377496521,-0.2808148418814591,1.0,0.0,0.0,1.0,0.0,4.0,1.0,0.0,1.0
-0.36699381332779735,0.9298023388154402,-0.021536126909733323,-0.004575367094123617,0.0,1.0,0.0,0.0,1.0,6.0,0.0,0.0,1.0
-0.4637911119937961,0.9711891602440694,-1.2170740485175422,-0.8665084362053586,0.0,1.0,0.0,0.0,1.0,9.0,1.0,0.0,2.0
-0.6573857093257937,-0.46700288440079557,0.49175137385956835,-0.7096887071744681,1.0,0.0,0.0,1.0,0.0,1.0,0.0,1.0,2.0
0.5041818746661916,0.6504412941721931,-1.2170740485175422,-1.6166536530396516,0.0,1.0,0.0,0.0,1.0,7.0,0.0,1.0,1.0
-0.8509803066577912,0.008945562028440329,1.6148418240728462,0.9106871950492335,0.0,1.0,1.0,0.0,0.0,2.0,1.0,1.0,2.0
0.40738457600019284,0.3090000173860021,1.2601218820889282,0.2574717047731418,1.0,0.0,1.0,0.0,0.0,8.0,0.0,0.0,1.0
-1.2381695013217864,0.4021203656004178,1.316779631264366,-0.8742838419160882,1.0,0.0,1.0,0.0,0.0,5.0,1.0,1.0,1.0
0.020195381336197752,-1.6879141165453573,1.0423534746258865,-1.5206773695594515,1.0,0.0,0.0,0.0,1.0,9.0,0.0,0.0,1.0
-0.94777760532379,0.5676676513149347,-1.2170740485175422,-1.4195217731428504,0.0,1.0,0.0,0.0,1.0,2.0,1.0,1.0,2.0
-0.5605884106597949,1.5919914816735075,0.48149072290336115,-1.157279176732678,1.0,0.0,0.0,1.0,0.0,3.0,0.0,1.0,2.0
1.0849656666621843,1.0539628031013277,-1.2170740485175422,-1.7220996563301496,1.0,0.0,1.0,0.0,0.0,4.0,1.0,1.0,2.0
-1.6253586959857813,-1.3464728397591663,-1.2170740485175422,-0.0005260607686870682,0.0,1.0,1.0,0.0,0.0,5.0,1.0,1.0,2.0
-0.8509803066577912,-0.22902866118617762,-0.6702975281528566,-1.3966447058058449,1.0,0.0,0.0,0.0,1.0,2.0,1.0,0.0,1.0
-1.2381695013217864,0.2676131959573729,0.4289606074775124,0.33938987799085557,1.0,0.0,0.0,1.0,0.0,3.0,1.0,0.0,1.0
0.31058727733419406,-0.6635902861867843,0.7157109908187224,1.6531154547906053,0.0,1.0,0.0,0.0,1.0,5.0,1.0,0.0,1.0
-0.7541830079917924,-0.7463639290440427,1.0291087809351849,0.6254817718717591,0.0,1.0,0.0,1.0,0.0,6.0,0.0,1.0,1.0
-0.7541830079917924,0.784948463815238,0.11282022440230344,-0.6896620536809458,1.0,0.0,0.0,1.0,0.0,3.0,1.0,0.0,2.0
-1.4317640986537838,-0.40492265225785173,1.719949476817916,1.2520940954255522,0.0,1.0,1.0,0.0,0.0,1.0,1.0,1.0,1.0
-0.5605884106597949,-0.29110889332912143,0.3383547304779713,1.3032526397962154,0.0,1.0,0.0,1.0,0.0,8.0,1.0,1.0,1.0
1.4721548613261792,-0.6946304022582562,0.02641431963376727,0.6668411271400726,1.0,0.0,0.0,1.0,0.0,1.0,0.0,0.0,1.0
0.2137899786681953,0.9401490441725975,0.27479814070599295,-0.4542769450622269,1.0,0.0,0.0,1.0,0.0,4.0,0.0,1.0,1.0
0.5041818746661916,-0.33249571475775064,-0.36780211169885063,0.2224966433208714,1.0,0.0,0.0,0.0,1.0,6.0,1.0,1.0,1.0
0.9881683679961855,-0.33249571475775064,1.1196194926436185,-1.0728077034786743,1.0,0.0,1.0,0.0,0.0,9.0,1.0,0.0,1.0
-0.5605884106597949,1.3850573745303616,0.8278777540847142,1.6021729615607703,1.0,0.0,0.0,1.0,0.0,6.0,0.0,0.0,1.0
0.6009791733321904,0.5366275352434627,-1.2170740485175422,1.4425226494674388,1.0,0.0,0.0,0.0,1.0,1.0,1.0,0.0,1.0
1.568952159992178,-0.06348137547166079,0.931807254095791,-1.439700810532802,1.0,0.0,0.0,0.0,1.0,1.0,0.0,1.0,1.0
2.3433305493201684,1.5299112495305638,0.5562509359248478,-1.0853819842473909,1.0,0.0,1.0,0.0,0.0,1.0,1.0,0.0,2.0
-0.07660191732980101,1.0746562138156424,0.10243643727550847,-1.5573236092000746,1.0,0.0,0.0,1.0,0.0,1.0,0.0,1.0,1.0
-0.6573857093257937,1.2402034995301592,-0.2152404151449736,-1.0252531426310973,0.0,1.0,1.0,0.0,0.0,5.0,1.0,1.0,1.0
-1.0445749039897887,-0.4773495897579529,-1.2170740485175422,1.037633939890722,1.0,0.0,1.0,0.0,0.0,6.0,0.0,0.0,2.0
-0.8509803066577912,-1.1084986165445483,1.1177168298302007,-0.3336765720168935,0.0,1.0,0.0,0.0,1.0,8.0,1.0,1.0,1.0
0.7945737706641879,1.0125759816726987,0.5515654921074518,0.6226969387690908,0.0,1.0,0.0,1.0,0.0,9.0,0.0,1.0,1.0
-0.6573857093257937,-1.036071679044447,-1.2170740485175422,-0.8078114117711541,0.0,1.0,0.0,0.0,1.0,4.0,1.0,0.0,2.0
-0.4637911119937961,1.8299657048881255,0.8635951204120685,-1.0737658433206068,0.0,1.0,1.0,0.0,0.0,8.0,0.0,0.0,2.0
0.31058727733419406,-0.6739369915439416,0.819728261520584,-1.0120028757647501,0.0,1.0,0.0,1.0,0.0,6.0,1.0,0.0,2.0
-1.2381695013217864,0.49524071381483353,0.06785687488473514,0.8764465683124023,0.0,1.0,0.0,0.0,1.0,6.0,0.0,0.0,1.0
-0.7541830079917924,-1.036071679044447,0.10581705564034324,-0.1442679115649215,0.0,1.0,0.0,1.0,0.0,9.0,1.0,1.0,2.0
-0.7541830079917924,0.029638972742754933,1.2037507540520782,0.0932352636324776,0.0,1.0,0.0,1.0,0.0,5.0,1.0,1.0,2.0
-0.36699381332779735,-0.9222579201157168,-1.2170740485175422,0.34861867120691303,1.0,0.0,0.0,0.0,1.0,0.0,1.0,0.0,2.0
-0.5605884106597949,-1.925888339759975,-1.2170740485175422,-0.07580422746744554,1.0,0.0,0.0,0.0,1.0,6.0,1.0,1.0,2.0
-0.5605884106597949,1.5816447763163501,0.013461391151442771,-0.02444476597306581,0.0,1.0,0.0,0.0,1.0,7.0,0.0,1.0,1.0
-1.6253586959857813,-1.4602865986878966,1.3040721713623127,-0.965171964470993,1.0,0.0,1.0,0.0,0.0,3.0,0.0,0.0,1.0
3.79529002931015,0.039985678099912235,-1.2170740485175422,1.540828875765875,1.0,0.0,0.0,0.0,1.0,2.0,0.0,1.0,2.0
-0.5605884106597949,-0.20833525047186302,0.7641435331528146,0.2231637577532991,1.0,0.0,0.0,1.0,0.0,4.0,0.0,0.0,1.0
-1.1413722026557875,-0.16694842904323381,0.832059079062732,0.9229551424371141,1.0,0.0,1.0,0.0,0.0,8.0,1.0,1.0,1.0
-0.4637911119937961,0.7125215263151369,-1.2170740485175422,-0.39680542810558495,0.0,1.0,0.0,0.0,1.0,3.0,1.0,1.0,2.0
0.020195381336197752,-0.053134670114503485,0.5765089257649082,-1.2006351785343432,0.0,1.0,0.0,1.0,0.0,9.0,1.0,1.0,1.0
1.0849656666621843,-0.2186819558290203,0.10025406566728215,-0.630627036197926,0.0,1.0,1.0,0.0,0.0,1.0,0.0,1.0,1.0
-0.36699381332779735,-1.129192027258863,0.8332092609172443,-1.728926663635248,1.0,0.0,0.0,1.0,0.0,9.0,1.0,0.0,2.0
-1.818953293317779,-0.5808166433295259,0.3234210136222993,1.354760484239972,0.0,1.0,1.0,0.0,0.0,4.0,1.0,0.0,1.0
0.31058727733419406,-0.6635902861867843,-1.2170740485175422,0.40267303147239264,0.0,1.0,1.0,0.0,0.0,1.0,0.0,0.0,1.0
-0.94777760532379,-0.6739369915439416,-1.2170740485175422,0.7372153504321646,0.0,1.0,1.0,0.0,0.0,3.0,1.0,1.0,2.0
0.2137899786681953,-1.4913267147593685,-0.2715245762519438,0.6728096703711083,0.0,1.0,1.0,0.0,0.0,3.0,1.0,1.0,2.0
1.7625467573241755,-1.9051949290456605,-1.2170740485175422,0.253800574921264,0.0,1.0,1.0,0.0,0.0,1.0,1.0,1.0,2.0
-0.4637911119937961,0.20553296381442906,1.4314396608564914,0.18943942714044304,1.0,0.0,1.0,0.0,0.0,5.0,1.0,0.0,1.0
-0.4637911119937961,0.008945562028440329,0.34922849025222324,0.07781091692871712,1.0,0.0,1.0,0.0,0.0,6.0,1.0,1.0,2.0
-0.07660191732980101,-1.884501518331346,0.6090614031542281,-1.529203735636489,0.0,1.0,0.0,1.0,0.0,9.0,0.0,0.0,1.0
0.40738457600019284,0.9298023388154402,-1.2170740485175422,-1.6862784815534129,0.0,1.0,0.0,0.0,1.0,0.0,1.0,1.0,2.0
-0.8509803066577912,-1.781034464759773,1.0971844360173024,-1.0085639747961295,1.0,0.0,0.0,1.0,0.0,7.0,1.0,0.0,2.0
0.11699268000219652,-0.45665617904363826,0.23925310071658928,1.4218941143738648,0.0,1.0,0.0,1.0,0.0,5.0,0.0,1.0,1.0
1.7625467573241755,-1.4499398933307392,0.7593789992624039,1.415988542570349,1.0,0.0,0.0,0.0,1.0,8.0,1.0,1.0,1.0
-0.36699381332779735,-1.5844470629737841,0.7435899200520346,1.5392227564556782,0.0,1.0,0.0,1.0,0.0,2.0,0.0,1.0,2.0
-0.27019651466179856,0.6814814102436649,0.4385099300331303,-0.881480327983762,0.0,1.0,0.0,0.0,1.0,2.0,0.0,1.0,2.0
-0.1733992159957998,-1.5327135361879978,-1.2170740485175422,-0.03418846367934103,1.0,0.0,1.0,0.0,0.0,8.0,1.0,1.0,2.0
-0.1733992159957998,0.5055874191719908,0.030498871798868996,1.3136112656690175,0.0,1.0,1.0,0.0,0.0,3.0,1.0,1.0,2.0
-0.6573857093257937,-2.0190086879743907,1.1541210902266439,0.6182423191118271,0.0,1.0,0.0,0.0,1.0,9.0,1.0,1.0,1.0
0.5041818746661916,-0.7049771076154135,-1.2170740485175422,-1.2598994676788855,1.0,0.0,1.0,0.0,0.0,8.0,1.0,1.0,2.0
0.6009791733321904,1.1884699727443728,-1.2170740485175422,0.8232565865644538,1.0,0.0,1.0,0.0,0.0,6.0,0.0,0.0,2.0
-1.0445749039897887,0.784948463815238,-1.2170740485175422,-1.3952104532646805,0.0,1.0,1.0,0.0,0.0,5.0,0.0,1.0,2.0
0.8913710693301867,0.5780143566720919,0.20464460293324957,0.3486826863597508,0.0,1.0,0.0,0.0,1.0,8.0,1.0,1.0,1.0
-0.4637911119937961,-0.6222034647581551,0.3281927813608517,-1.198312019930674,1.0,0.0,1.0,0.0,0.0,3.0,0.0,0.0,1.0
-0.36699381332779735,1.0022292763155414,0.4787413783530155,0.8732242403472685,0.0,1.0,0.0,0.0,1.0,5.0,1.0,1.0,1.0
-1.1413722026557875,-1.708607527259672,-1.2170740485175422,-1.2356951296458116,0.0,1.0,0.0,0.0,1.0,7.0,1.0,0.0,2.0
-0.94777760532379,-1.3154327236876944,-1.2170740485175422,0.09724125535721692,0.0,1.0,1.0,0.0,0.0,7.0,1.0,1.0,2.0
-0.6573857093257937,0.3193467227431594,0.4734582579269437,1.118730353374723,0.0,1.0,0.0,1.0,0.0,2.0,1.0,1.0,2.0
-0.4637911119937961,-1.6672207058310426,0.7594206340772632,0.9480901355454132,0.0,1.0,1.0,0.0,0.0,5.0,0.0,0.0,2.0
1.0849656666621843,-0.16694842904323381,1.3461779901117736,-0.7879761079192669,0.0,1.0,0.0,0.0,1.0,7.0,0.0,0.0,2.0
-0.6573857093257937,-0.2186819558290203,0.10164039247557205,0.8083262698445515,0.0,1.0,0.0,0.0,1.0,4.0,0.0,0.0,1.0
-0.4637911119937961,0.08137249952854145,0.9444734006873469,1.373797338223582,0.0,1.0,0.0,1.0,0.0,9.0,1.0,0.0,2.0
-0.07660191732980101,-0.891217804044245,1.333280038875325,1.3844422927419584,1.0,0.0,0.0,1.0,0.0,2.0,1.0,1.0,2.0
-0.6573857093257937,-0.653243580829627,0.5368822271496596,-1.6502123792353836,0.0,1.0,0.0,0.0,1.0,3.0,0.0,1.0,1.0
-0.6573857093257937,0.07102579417138415,-1.2170740485175422,0.990078857180486,1.0,0.0,1.0,0.0,0.0,9.0,1.0,0.0,2.0
0.31058727733419406,-0.1979885451147057,-0.25300688952256806,0.8404467425520664,0.0,1.0,0.0,1.0,0.0,6.0,0.0,1.0,2.0
-0.5605884106597949,-1.067111795115919,-1.2170740485175422,-1.1851560362513873,0.0,1.0,0.0,0.0,1.0,6.0,1.0,1.0,1.0
0.40738457600019284,2.057593222745586,-1.2170740485175422,-1.694190441326582,1.0,0.0,1.0,0.0,0.0,3.0,0.0,0.0,2.0
-0.7541830079917924,-0.7153238129725709,-1.2170740485175422,-1.150040245835405,0.0,1.0,1.0,0.0,0.0,2.0,1.0,1.0,2.0
0.2137899786681953,-0.09452149154313269,0.6343363078087503,-1.081720769786034,1.0,0.0,1.0,0.0,0.0,7.0,1.0,1.0,1.0
1.568952159992178,-0.33249571475775064,-1.2170740485175422,-0.6792573299399313,1.0,0.0,1.0,0.0,0.0,0.0,0.0,0.0,3.0
-0.36699381332779735,-1.8431146969027168,-0.09795980349942296,0.7564746918627302,1.0,0.0,1.0,0.0,0.0,6.0,1.0,0.0,1.0
-0.1733992159957998,-0.2393753665433349,-1.2170740485175422,1.2498478245869766,0.0,1.0,1.0,0.0,0.0,0.0,1.0,1.0,2.0
-0.1733992159957998,0.753908347743766,0.8001954247686721,0.32550032936722767,0.0,1.0,0.0,1.0,0.0,6.0,1.0,0.0,1.0
-0.36699381332779735,1.405750785244676,0.4911879374654292,-1.4481956908960791,1.0,0.0,1.0,0.0,0.0,1.0,1.0,1.0,1.0
0.31058727733419406,1.1160430352442716,0.47757833632402924,0.37487775648270777,0.0,1.0,1.0,0.0,0.0,4.0,0.0,1.0,1.0
-0.5605884106597949,-0.9015645094014022,0.5406203583648695,-0.42141995018863654,0.0,1.0,0.0,1.0,0.0,3.0,1.0,0.0,1.0
-1.2381695013217864,-0.40492265225785173,-1.2170740485175422,1.390277760994948,1.0,0.0,0.0,0.0,1.0,4.0,1.0,1.0,2.0
2.2465332506541693,-2.3087164379747955,0.5148045226215376,-0.7215085484924836,1.0,0.0,1.0,0.0,0.0,1.0,0.0,1.0,1.0
2.2465332506541693,0.8159885798867099,0.5862612783250332,-0.6670243473502038,0.0,1.0,0.0,0.0,1.0,5.0,0.0,1.0,1.0
-0.07660191732980101,-2.0086619826172334,-1.2170740485175422,1.2761350904463578,1.0,0.0,0.0,0.0,1.0,6.0,1.0,0.0,2.0
-0.5605884106597949,-0.653243580829627,-1.2170740485175422,-1.5199272789642424,0.0,1.0,0.0,0.0,1.0,2.0,1.0,1.0,2.0
0.40738457600019284,-0.7670573397583573,0.06504049667494421,0.6226174416907024,0.0,1.0,0.0,0.0,1.0,8.0,1.0,0.0,1.0
0.31058727733419406,-0.10486819690028999,0.7993553338711626,1.1180018331027524,1.0,0.0,1.0,0.0,0.0,7.0,0.0,0.0,2.0
0.6009791733321904,-2.2776763219033236,0.12720883061246166,-1.0951996124970251,0.0,1.0,0.0,1.0,0.0,5.0,0.0,0.0,2.0
-1.2381695013217864,0.8987622227439683,-1.2170740485175422,-0.8908848149616843,0.0,1.0,1.0,0.0,0.0,9.0,1.0,1.0,2.0
0.020195381336197752,0.5366275352434627,1.2373770560099713,1.4576916313767263,0.0,1.0,0.0,0.0,1.0,6.0,0.0,0.0,1.0
0.6009791733321904,0.6400945888150358,0.8893926304067751,-0.44973517434090965,0.0,1.0,0.0,1.0,0.0,4.0,1.0,0.0,1.0
-0.7541830079917924,-1.6051404736880988,-1.2170740485175422,-0.10690463263082613,0.0,1.0,1.0,0.0,0.0,5.0,1.0,0.0,2.0
0.9881683679961855,-0.5290831165437394,0.23321444504017372,-0.14805124188848545,0.0,1.0,1.0,0.0,0.0,7.0,1.0,0.0,1.0
-0.4637911119937961,0.7746017584580807,-1.2170740485175422,1.6774365161050766,0.0,1.0,1.0,0.0,0.0,3.0,1.0,0.0,2.0
-0.36699381332779735,-1.8431146969027168,0.8968931664165148,1.5603995952496468,1.0,0.0,0.0,1.0,0.0,7.0,1.0,0.0,1.0
-0.94777760532379,0.4538538923862043,-1.2170740485175422,0.20364400685588985,1.0,0.0,1.0,0.0,0.0,9.0,1.0,0.0,2.0
-1.0445749039897887,1.0850029191727997,-1.2170740485175422,1.1226302330254645,1.0,0.0,1.0,0.0,0.0,6.0,1.0,1.0,1.0
-0.27019651466179856,0.784948463815238,1.040188946509743,0.22918535702133364,0.0,1.0,0.0,1.0,0.0,6.0,1.0,1.0,1.0
-0.5605884106597949,-0.42561606297216636,0.5766327049442198,0.24500544957483927,0.0,1.0,1.0,0.0,0.0,4.0,0.0,0.0,1.0
0.020195381336197752,0.5987077673864065,0.7878901668232908,-0.45605284369081955,1.0,0.0,0.0,1.0,0.0,9.0,1.0,0.0,1.0
0.7945737706641879,-1.2223123754732785,0.12275117263543511,0.6582002991864935,0.0,1.0,1.0,0.0,0.0,9.0,1.0,1.0,1.0
-0.8509803066577912,0.6711347048865076,2.0907361170286594,-0.5982986881979074,1.0,0.0,0.0,1.0,0.0,2.0,0.0,0.0,2.0
0.40738457600019284,0.2779599013145302,0.9247431602572604,0.19437816139104297,0.0,1.0,1.0,0.0,0.0,1.0,1.0,0.0,1.0
-1.1413722026557875,0.6504412941721931,-1.2170740485175422,0.5091883313511909,0.0,1.0,0.0,0.0,1.0,3.0,1.0,1.0,3.0
0.6009791733321904,-0.1772951344003911,-1.2170740485175422,-1.4305276826670386,0.0,1.0,1.0,0.0,0.0,9.0,0.0,0.0,2.0
-0.6573857093257937,0.5573209459577774,-1.2170740485175422,-1.5992850200226598,0.0,1.0,1.0,0.0,0.0,7.0,1.0,0.0,2.0
-0.7541830079917924,2.0368998120312716,0.22999216757354932,1.622545609997213,0.0,1.0,0.0,1.0,0.0,4.0,1.0,0.0,2.0
-1.0445749039897887,-1.1498854379731775,0.13519001564316427,-0.333298917405994,1.0,0.0,0.0,0.0,1.0,6.0,0.0,1.0,1.0
-0.4637911119937961,0.6918281156008222,0.6142540201024398,-1.2017883210565234,0.0,1.0,0.0,0.0,1.0,5.0,1.0,0.0,2.0
0.11699268000219652,-0.5497765272580539,1.534653652910275,0.6631463395143194,1.0,0.0,1.0,0.0,0.0,2.0,1.0,0.0,1.0
-1.1413722026557875,0.4848940084576762,-1.2170740485175422,0.20201057673320547,0.0,1.0,1.0,0.0,0.0,7.0,1.0,0.0,2.0
-0.7541830079917924,2.057593222745586,0.332565883690712,0.1161224203142238,0.0,1.0,1.0,0.0,0.0,1.0,1.0,0.0,2.0
-1.0445749039897887,0.5055874191719908,0.38571666328710885,0.8152369491293102,1.0,0.0,0.0,1.0,0.0,3.0,0.0,0.0,2.0
-0.5605884106597949,0.4745473031005189,0.18705927885323384,1.2640525782566434,1.0,0.0,1.0,0.0,0.0,1.0,1.0,0.0,1.0
-0.8509803066577912,-1.274045902259065,0.8447771486087265,-0.8538983208673903,0.0,1.0,1.0,0.0,0.0,2.0,1.0,0.0,2.0
-0.07660191732980101,-0.1255616076146046,0.8764520798423815,-0.3130756956442464,0.0,1.0,0.0,0.0,1.0,9.0,1.0,1.0,1.0
0.5041818746661916,0.7642550531009233,-1.2170740485175422,0.30437550288494003,0.0,1.0,1.0,0.0,0.0,5.0,1.0,1.0,1.0
1.0849656666621843,-0.5497765272580539,0.20365067219859556,-0.6210418107857685,1.0,0.0,0.0,1.0,0.0,5.0,0.0,1.0,3.0
-1.0445749039897887,1.5299112495305638,1.4780701712424238,0.19621268259166402,0.0,1.0,0.0,1.0,0.0,7.0,1.0,1.0,2.0
1.3753575626601806,-0.41526935761500905,-1.2170740485175422,0.9852192720998353,1.0,0.0,1.0,0.0,0.0,7.0,0.0,1.0,2.0
0.31058727733419406,0.3503868388146313,-1.2170740485175422,1.741869506978621,1.0,0.0,0.0,0.0,1.0,2.0,0.0,0.0,2.0
0.40738457600019284,1.1056963298871143,-1.2170740485175422,-0.7748834435759391,1.0,0.0,0.0,0.0,1.0,10.0,1.0,1.0,2.0
-0.7541830079917924,-0.33249571475775064,-0.31499228747819386,-1.6991283058060838,1.0,0.0,0.0,1.0,0.0,2.0,0.0,0.0,2.0
-0.5605884106597949,1.095349624529957,0.745527948345256,-0.9963680444551913,0.0,1.0,0.0,1.0,0.0,1.0,1.0,0.0,1.0
0.6009791733321904,0.21587966917158638,-1.2170740485175422,-0.1362235726305848,1.0,0.0,1.0,0.0,0.0,9.0,1.0,1.0,1.0
-0.4637911119937961,0.20553296381442906,-0.6180042006895092,0.9925554434059023,1.0,0.0,0.0,1.0,0.0,6.0,0.0,0.0,2.0
-0.8509803066577912,0.49524071381483353,-1.2170740485175422,0.14444181936776906,0.0,1.0,1.0,0.0,0.0,9.0,1.0,1.0,1.0
-1.1413722026557875,-0.48769629511511015,0.41219399425494346,-1.210832548845513,0.0,1.0,0.0,0.0,1.0,9.0,0.0,0.0,1.0
-0.36699381332779735,-1.3568195451163236,0.6425202013395982,-0.16661320085240133,1.0,0.0,0.0,0.0,1.0,4.0,1.0,1.0,1.0
-0.1733992159957998,-1.2430057861875932,-1.2170740485175422,-1.656943885673884,1.0,0.0,1.0,0.0,0.0,1.0,1.0,0.0,1.0
-0.1733992159957998,-0.9326046254728741,-1.2170740485175422,-0.29164192646782816,0.0,1.0,1.0,0.0,0.0,5.0,1.0,0.0,2.0
-1.0445749039897887,-0.03244125940018888,0.4271412142938131,1.009498410447366,1.0,0.0,0.0,0.0,1.0,9.0,1.0,1.0,1.0
1.3753575626601806,1.0436160977441706,0.6192492333724764,-0.8397057439931005,1.0,0.0,1.0,0.0,0.0,8.0,1.0,1.0,1.0
-0.8509803066577912,-1.1809255540446495,0.440894527884959,-0.05746179872875087,0.0,1.0,0.0,0.0,1.0,1.0,1.0,1.0,1.0
-1.9157505919837776,0.9091089281011256,0.22568015107244024,1.620380575779222,0.0,1.0,0.0,0.0,1.0,5.0,1.0,0.0,1.0
0.020195381336197752,-0.22902866118617762,-1.2170740485175422,0.2937990863291129,0.0,1.0,0.0,0.0,1.0,5.0,0.0,0.0,2.0
-1.2381695013217864,-0.5601232326152112,-1.2170740485175422,-0.08175085246680311,0.0,1.0,0.0,0.0,1.0,5.0,0.0,1.0,2.0
-0.5605884106597949,-0.311802304043436,-1.2170740485175422,-1.0360619620244012,0.0,1.0,0.0,0.0,1.0,4.0,1.0,1.0,2.0
-0.27019651466179856,-0.9119112147585595,1.092620842353047,-0.6319322147080966,1.0,0.0,0.0,0.0,1.0,4.0,1.0,1.0,2.0
-0.1733992159957998,-1.40855307190211,0.2366548632163123,1.5396226772066957,0.0,1.0,0.0,1.0,0.0,2.0,1.0,1.0,1.0
-1.1413722026557875,0.42281377631473244,0.8011298771963842,-1.599652237380379,0.0,1.0,1.0,0.0,0.0,1.0,0.0,0.0,1.0
0.2137899786681953,2.057593222745586,0.9183268977078545,1.3131558535219263,0.0,1.0,0.0,0.0,1.0,8.0,1.0,1.0,1.0
-0.07660191732980101,0.9298023388154402,0.8408083380138904,-0.7204881330399098,0.0,1.0,0.0,1.0,0.0,4.0,1.0,0.0,1.0
-1.1413722026557875,0.06067908881422684,-1.2170740485175422,-1.6245663086296993,1.0,0.0,0.0,0.0,1.0,8.0,0.0,0.0,2.0
0.6977764719981892,-0.053134670114503485,-1.2170740485175422,-0.11493627290712713,1.0,0.0,1.0,0.0,0.0,4.0,1.0,0.0,3.0
1.2785602639941818,-0.2704154826148068,0.06040681505980579,-0.26532648002486087,1.0,0.0,1.0,0.0,0.0,2.0,1.0,1.0,1.0
-0.94777760532379,-0.2393753665433349,0.601788331480496,0.432978813760329,0.0,1.0,0.0,1.0,0.0,3.0,0.0,1.0,2.0
1.0849656666621843,-0.311802304043436,1.404565593506136,0.5425574474474846,0.0,1.0,0.0,0.0,1.0,3.0,0.0,1.0,1.0
-0.5605884106597949,-0.20833525047186302,-1.2170740485175422,1.0160691831868935,0.0,1.0,0.0,0.0,1.0,2.0,1.0,1.0,2.0
-1.2381695013217864,0.6504412941721931,0.7046456144448089,-0.5979806998843539,0.0,1.0,0.0,1.0,0.0,3.0,1.0,0.0,2.0
1.181762965328183,-0.9843381522586606,-0.23079286714502262,1.7213110754355727,1.0,0.0,1.0,0.0,0.0,8.0,1.0,0.0,1.0
-0.6573857093257937,0.17449284774295717,0.2625190853661022,-0.9787149962890417,1.0,0.0,0.0,1.0,0.0,10.0,1.0,1.0,1.0
0.6009791733321904,-0.6015100540438405,1.0145711574533098,-1.5487128753264983,0.0,1.0,1.0,0.0,0.0,4.0,0.0,0.0,1.0
-0.36699381332779735,-2.4949571344036268,0.6666801288672305,0.17178046453082466,1.0,0.0,1.0,0.0,0.0,7.0,1.0,1.0,1.0
-0.1733992159957998,-1.0464183844016044,-1.2170740485175422,1.388356784547152,0.0,1.0,1.0,0.0,0.0,3.0,1.0,1.0,1.0
-0.94777760532379,-0.8705243933299304,-1.2170740485175422,0.9787887064613603,0.0,1.0,0.0,0.0,1.0,8.0,1.0,0.0,2.0
-0.8509803066577912,0.753908347743766,-1.2170740485175422,-0.793111932300751,0.0,1.0,1.0,0.0,0.0,10.0,1.0,1.0,2.0
-0.07660191732980101,-0.6739369915439416,0.9829549007656924,1.5531545759546856,0.0,1.0,0.0,1.0,0.0,2.0,0.0,1.0,1.0
0.31058727733419406,0.12275932095717065,0.23369493330895597,-0.35989321246308936,0.0,1.0,0.0,1.0,0.0,5.0,1.0,1.0,1.0
0.11699268000219652,-1.201618964758964,0.5794360622273559,-1.5956885165310195,0.0,1.0,0.0,1.0,0.0,7.0,1.0,0.0,1.0
-0.7541830079917924,-0.1772951344003911,0.017485339744335797,1.6727966352038668,1.0,0.0,0.0,1.0,0.0,8.0,0.0,0.0,1.0
-0.07660191732980101,0.4745473031005189,1.709674197413245,-0.8759498014778505,1.0,0.0,1.0,0.0,0.0,1.0,1.0,0.0,1.0
1.665749458658177,-1.8948482236885031,-1.2170740485175422,-0.6540995488288558,1.0,0.0,1.0,0.0,0.0,10.0,0.0,1.0,3.0
0.40738457600019284,0.3503868388146313,0.528525364272137,1.6516921613652804,0.0,1.0,0.0,1.0,0.0,9.0,0.0,1.0,2.0
0.11699268000219652,1.1781232673872155,1.0018453718026308,-0.5546746229437337,0.0,1.0,1.0,0.0,0.0,6.0,1.0,1.0,1.0
-1.5285613973197827,1.2402034995301592,1.2926489606336624,-0.4673814382924921,1.0,0.0,1.0,0.0,0.0,7.0,1.0,0.0,1.0
3.311303535980156,-1.3257794290448517,-1.2170740485175422,0.539696596350821,1.0,0.0,1.0,0.0,0.0,7.0,0.0,0.0,2.0
-0.1733992159957998,1.6954585352450806,0.5636945656625401,-1.6956205189664746,0.0,1.0,0.0,1.0,0.0,2.0,1.0,0.0,2.0
-0.1733992159957998,1.0746562138156424,0.6133343568753726,0.3050732332600292,1.0,0.0,0.0,1.0,0.0,0.0,1.0,1.0,2.0
0.31058727733419406,-0.7049771076154135,-1.2170740485175422,0.7685359816376449,1.0,0.0,1.0,0.0,0.0,7.0,1.0,0.0,2.0
-0.27019651466179856,-0.1359083129717619,-1.2170740485175422,1.1200706706372667,1.0,0.0,1.0,0.0,0.0,6.0,1.0,0.0,1.0
0.11699268000219652,0.7642550531009233,0.45715445023325524,-0.6580825785965988,0.0,1.0,0.0,1.0,0.0,8.0,1.0,0.0,1.0
2.6337224453181647,1.0022292763155414,-1.2170740485175422,1.1041388994747339,0.0,1.0,1.0,0.0,0.0,8.0,1.0,1.0,1.0
1.7625467573241755,0.3090000173860021,1.5688597879847617,0.5584968725956826,1.0,0.0,0.0,0.0,1.0,2.0,0.0,1.0,1.0
0.7945737706641879,2.057593222745586,0.37790057074621514,0.3876124230419585,1.0,0.0,0.0,1.0,0.0,4.0,1.0,1.0,2.0
-0.1733992159957998,0.6504412941721931,1.1695642307436642,0.894512061933385,0.0,1.0,1.0,0.0,0.0,9.0,0.0,1.0,2.0
-1.0445749039897887,-0.2186819558290203,0.4937430933812184,-1.3831769961649125,1.0,0.0,0.0,1.0,0.0,8.0,1.0,1.0,1.0
-0.27019651466179856,1.6333783031021367,-0.1097874667152787,0.1613672170330464,0.0,1.0,1.0,0.0,0.0,9.0,0.0,1.0,2.0
0.31058727733419406,-0.9532980361871888,-1.2170740485175422,1.5687469624346455,1.0,0.0,1.0,0.0,0.0,7.0,1.0,1.0,2.0
-0.6573857093257937,0.17449284774295717,-1.2170740485175422,-1.7235613936380216,0.0,1.0,1.0,0.0,0.0,7.0,1.0,1.0,2.0
-0.4637911119937961,0.5883610620292492,-1.2170740485175422,-0.6434629441130235,1.0,0.0,1.0,0.0,0.0,4.0,1.0,1.0,1.0
-1.334966799987785,-0.35318912547206527,0.4320163456846996,0.2701284398419809,0.0,1.0,1.0,0.0,0.0,1.0,1.0,1.0,2.0
-0.94777760532379,1.912739347745384,0.9318897199646051,0.93742256697848,1.0,0.0,1.0,0.0,0.0,9.0,1.0,1.0,1.0
-1.334966799987785,0.07102579417138415,-1.2170740485175422,1.2888217456409798,0.0,1.0,1.0,0.0,0.0,3.0,0.0,1.0,2.0
-1.334966799987785,1.6644184191736087,-0.3358699769757169,0.5532025759200805,0.0,1.0,0.0,1.0,0.0,5.0,1.0,0.0,1.0
-0.5605884106597949,0.08137249952854145,0.22872495813132426,0.6380884081253339,1.0,0.0,1.0,0.0,0.0,7.0,1.0,0.0,1.0
0.8913710693301867,0.4848940084576762,0.4103527387746384,1.3560980182350006,0.0,1.0,1.0,0.0,0.0,4.0,0.0,1.0,2.0
2.3433305493201684,0.3710802495289459,0.9967352207232334,-1.0771236816228622,1.0,0.0,0.0,0.0,1.0,1.0,1.0,1.0,1.0
0.40738457600019284,0.23657307988590098,0.16471761924403472,-1.5847455784343514,0.0,1.0,0.0,1.0,0.0,8.0,1.0,0.0,2.0
-0.8509803066577912,-0.18764183975754842,0.5477730266550894,0.6932792113079058,0.0,1.0,0.0,1.0,0.0,2.0,1.0,1.0,2.0
1.0849656666621843,-0.35318912547206527,-1.2170740485175422,1.4782805049082166,0.0,1.0,0.0,0.0,1.0,7.0,1.0,0.0,1.0
-1.2381695013217864,1.0125759816726987,-1.2170740485175422,-1.1291354714409978,1.0,0.0,1.0,0.0,0.0,6.0,0.0,1.0,2.0
0.020195381336197752,0.49524071381483353,-1.2170740485175422,-0.10493025223759196,1.0,0.0,1.0,0.0,0.0,1.0,0.0,0.0,2.0
0.5041818746661916,-2.2362895004746943,1.2221739184990703,1.1759793828844094,0.0,1.0,0.0,1.0,0.0,3.0,1.0,0.0,1.0
-0.6573857093257937,0.9298023388154402,-1.2170740485175422,0.7608759075745558,0.0,1.0,1.0,0.0,0.0,8.0,1.0,0.0,2.0
-1.4317640986537838,1.1677765620300582,0.49066099181635986,0.275155368881953,1.0,0.0,1.0,0.0,0.0,7.0,0.0,0.0,1.0
-0.7541830079917924,1.0850029191727997,0.7545083689325834,-0.6643628477892801,0.0,1.0,1.0,0.0,0.0,10.0,0.0,0.0,1.0
-0.7541830079917924,1.747192062030867,0.2975736704515064,0.06457369662884524,1.0,0.0,0.0,0.0,1.0,2.0,1.0,0.0,1.0
-0.6573857093257937,1.1470831513157436,1.8657613500469692,1.3881396896810059,0.0,1.0,1.0,0.0,0.0,10.0,1.0,0.0,1.0
0.40738457600019284,-0.7463639290440427,1.1273971654132717,1.7142088725549591,0.0,1.0,0.0,0.0,1.0,2.0,1.0,1.0,1.0
-0.94777760532379,0.6297478834578785,1.0361990773792056,-1.0731001205219366,1.0,0.0,1.0,0.0,0.0,8.0,1.0,1.0,1.0
1.2785602639941818,-0.9532980361871888,-1.2170740485175422,0.5071617646920563,0.0,1.0,1.0,0.0,0.0,2.0,1.0,0.0,1.0
0.6977764719981892,0.7125215263151369,0.34290691073738133,0.5854919581748937,0.0,1.0,0.0,1.0,0.0,3.0,1.0,1.0,1.0
-0.07660191732980101,-1.0153782683301327,1.6943107899779628,1.4731469419315877,0.0,1.0,0.0,0.0,1.0,1.0,1.0,0.0,2.0
1.2785602639941818,0.21587966917158638,1.5158551321208247,-0.7558531998526764,0.0,1.0,1.0,0.0,0.0,8.0,0.0,0.0,1.0
-1.2381695013217864,0.3814269548861032,-1.2170740485175422,0.1030880306344851,0.0,1.0,1.0,0.0,0.0,0.0,1.0,0.0,2.0
2.827317042650162,0.19518625845727178,-1.2170740485175422,-1.5383118046240967,0.0,1.0,1.0,0.0,0.0,4.0,1.0,1.0,2.0
0.11699268000219652,1.9955129906026423,0.6050220223519662,-1.1820951378021054,0.0,1.0,1.0,0.0,0.0,7.0,1.0,0.0,1.0
-0.07660191732980101,-1.201618964758964,-1.2170740485175422,0.6394896093647615,1.0,0.0,1.0,0.0,0.0,8.0,1.0,0.0,2.0
1.4721548613261792,-2.370796670117739,1.0336882890653518,-0.23497251241807637,0.0,1.0,1.0,0.0,0.0,3.0,0.0,1.0,1.0
-0.1733992159957998,1.395404079887519,1.4497438686896,-0.5719790668536682,0.0,1.0,1.0,0.0,0.0,7.0,1.0,1.0,2.0
1.181762965328183,0.6504412941721931,0.20251029622711966,-1.6351028896692226,1.0,0.0,1.0,0.0,0.0,4.0,0.0,0.0,3.0
-0.6573857093257937,0.6194011781007212,-1.2170740485175422,0.8325723568903454,0.0,1.0,0.0,0.0,1.0,5.0,1.0,1.0,2.0
-1.4317640986537838,-0.6325501701153124,0.8153405307422593,-0.7145618606842533,0.0,1.0,1.0,0.0,0.0,7.0,1.0,0.0,1.0
1.8593440559901744,-0.18764183975754842,0.842762923781747,0.8310947897484836,0.0,1.0,0.0,1.0,0.0,2.0,1.0,0.0,2.0
-0.94777760532379,0.8056418745295526,0.5459999300994961,-1.2926576565557042,0.0,1.0,0.0,1.0,0.0,5.0,1.0,1.0,1.0
-1.4317640986537838,0.17449284774295717,1.579408185344823,0.11478227700590003,1.0,0.0,0.0,0.0,1.0,7.0,0.0,0.0,1.0
0.11699268000219652,-0.1979885451147057,1.8911474952106906,0.8581112716967141,0.0,1.0,1.0,0.0,0.0,3.0,1.0,0.0,2.0
-0.36699381332779735,0.3193467227431594,0.6707822030200528,-1.4429104398399002,1.0,0.0,0.0,1.0,0.0,2.0,1.0,1.0,2.0
0.31058727733419406,-0.1359083129717619,1.446266799016211,-1.164491318680122,1.0,0.0,1.0,0.0,0.0,7.0,0.0,0.0,1.0
0.11699268000219652,0.6711347048865076,-1.2170740485175422,1.1790174933309145,1.0,0.0,1.0,0.0,0.0,3.0,0.0,1.0,2.0
0.6977764719981892,-0.7256705183297281,0.059060515544566095,1.5418280688036492,0.0,1.0,0.0,0.0,1.0,2.0,0.0,0.0,2.0
0.9881683679961855,0.2779599013145302,-1.2170740485175422,-0.030755129245749666,1.0,0.0,0.0,0.0,1.0,8.0,0.0,1.0,2.0
-0.27019651466179856,-0.45665617904363826,0.36257815511706865,-0.929651904448502,1.0,0.0,0.0,0.0,1.0,4.0,1.0,1.0,1.0
-0.27019651466179856,-1.5327135361879978,-1.2170740485175422,-1.453979320791608,1.0,0.0,0.0,0.0,1.0,9.0,1.0,1.0,2.0
-0.27019651466179856,-1.6361805897595707,-1.2170740485175422,-0.0015376045560576022,1.0,0.0,1.0,0.0,0.0,2.0,0.0,1.0,2.0
0.40738457600019284,-0.860177687972773,0.1913182471346381,0.12692932621111128,0.0,1.0,0.0,1.0,0.0,5.0,1.0,1.0,4.0
-1.4317640986537838,-1.3257794290448517,1.55159178870989,0.9617133602587289,1.0,0.0,0.0,0.0,1.0,5.0,0.0,1.0,1.0
-0.94777760532379,0.07102579417138415,-0.005074460574377491,-0.7818158671381567,0.0,1.0,0.0,1.0,0.0,5.0,0.0,1.0,2.0
1.2785602639941818,0.6297478834578785,-1.2170740485175422,0.31518345250714547,0.0,1.0,0.0,0.0,1.0,9.0,1.0,1.0,1.0
-1.6253586959857813,0.46420059774336164,1.1906238917099936,1.7077823078635368,0.0,1.0,1.0,0.0,0.0,9.0,1.0,1.0,1.0
-0.36699381332779735,-1.2947393129733797,0.6884244333721155,-1.0242045465949374,1.0,0.0,0.0,1.0,0.0,9.0,1.0,0.0,1.0
-0.4637911119937961,0.49524071381483353,0.671260440758302,1.4850250579131923,0.0,1.0,1.0,0.0,0.0,2.0,1.0,0.0,1.0
0.020195381336197752,-0.6222034647581551,-1.2170740485175422,0.7064400657053437,1.0,0.0,0.0,0.0,1.0,3.0,1.0,0.0,3.0
-0.6573857093257937,-0.5808166433295259,0.890092223898157,-0.5293409741165738,0.0,1.0,0.0,1.0,0.0,8.0,1.0,1.0,2.0
0.7945737706641879,-1.305086018330537,0.6812111615096873,-0.2041859206669771,1.0,0.0,0.0,1.0,0.0,1.0,1.0,0.0,1.0
-0.7541830079917924,-0.06348137547166079,0.8554705444359814,-1.68750694625271,1.0,0.0,0.0,1.0,0.0,1.0,1.0,1.0,1.0
1.568952159992178,-0.7360172236868854,0.45966347027311927,1.3201649908950173,0.0,1.0,1.0,0.0,0.0,6.0,0.0,1.0,1.0
-0.07660191732980101,1.46783101738762,-1.2170740485175422,-0.2023726218811556,0.0,1.0,0.0,0.0,1.0,9.0,1.0,0.0,2.0
-0.94777760532379,-0.6325501701153124,0.378392633172024,0.517874213447664,1.0,0.0,0.0,0.0,1.0,10.0,1.0,1.0,1.0
2.924114341316161,1.643725008459294,-0.7784065848679612,0.185282269198812,0.0,1.0,0.0,1.0,0.0,3.0,1.0,1.0,1.0
-0.36699381332779735,0.7021748209579796,0.7596132151900105,0.667514677878628,0.0,1.0,0.0,0.0,1.0,3.0,1.0,1.0,1.0
1.0849656666621843,0.7021748209579796,-1.2170740485175422,-1.5496983259809185,0.0,1.0,0.0,0.0,1.0,2.0,0.0,0.0,2.0
0.40738457600019284,-0.8705243933299304,0.6419217209700177,1.3002670635240499,0.0,1.0,0.0,0.0,1.0,2.0,0.0,0.0,2.0
2.7305197439841633,1.1574298566729009,1.1711352618078361,-0.21957008394599425,0.0,1.0,0.0,0.0,1.0,9.0,0.0,1.0,1.0
0.020195381336197752,0.8470286959581818,0.25442746358710455,-0.10568921449800443,0.0,1.0,0.0,1.0,0.0,5.0,1.0,1.0,1.0
-0.36699381332779735,-0.9222579201157168,-1.2170740485175422,-0.8869755417830807,0.0,1.0,1.0,0.0,0.0,7.0,0.0,0.0,1.0
-0.7541830079917924,1.1160430352442716,0.3727635740526033,-0.9050119850493789,0.0,1.0,0.0,1.0,0.0,4.0,1.0,1.0,1.0
-0.6573857093257937,0.46420059774336164,0.4091109281769994,0.27933322737572436,0.0,1.0,0.0,1.0,0.0,8.0,1.0,1.0,1.0
0.7945737706641879,0.7021748209579796,0.6539782952915093,-0.640279755847315,1.0,0.0,0.0,0.0,1.0,9.0,1.0,0.0,1.0
-0.07660191732980101,1.0436160977441706,1.1295025367268352,0.6581651604341208,0.0,1.0,1.0,0.0,0.0,0.0,1.0,1.0,2.0
-0.36699381332779735,0.7435616423866088,-1.2170740485175422,-0.6709014389981689,1.0,0.0,1.0,0.0,0.0,0.0,0.0,1.0,2.0
2.1497359519881707,-0.9843381522586606,0.6704676110019843,-0.0992384701700482,1.0,0.0,1.0,0.0,0.0,2.0,1.0,1.0,1.0
0.40738457600019284,0.5366275352434627,-1.2170740485175422,-1.5682674170678408,0.0,1.0,1.0,0.0,0.0,8.0,1.0,0.0,2.0
0.020195381336197752,-1.3568195451163236,1.1241858190949496,0.0741086492715186,1.0,0.0,1.0,0.0,0.0,6.0,0.0,0.0,1.0
-0.5605884106597949,-0.7049771076154135,0.7526523242516332,-1.5013893256826405,0.0,1.0,1.0,0.0,0.0,7.0,1.0,0.0,1.0
-1.1413722026557875,0.5055874191719908,1.0007123904314776,-1.5805811144154946,1.0,0.0,1.0,0.0,0.0,6.0,0.0,0.0,1.0
2.440127847986167,-1.1084986165445483,0.7769570894942781,0.20081759869472088,1.0,0.0,1.0,0.0,0.0,3.0,1.0,1.0,1.0
0.40738457600019284,-0.5601232326152112,0.1519278542253479,-1.6482964474599577,0.0,1.0,0.0,0.0,1.0,2.0,0.0,1.0,1.0
-0.7541830079917924,0.29865331202884476,-1.2170740485175422,-1.108317326247985,0.0,1.0,1.0,0.0,0.0,9.0,1.0,0.0,2.0
2.052938653322172,1.0850029191727997,0.6464438405715948,-0.11019132365723731,1.0,0.0,0.0,1.0,0.0,3.0,1.0,0.0,1.0
-0.36699381332779735,-0.44630947368648094,-1.2170740485175422,0.7585202195318086,1.0,0.0,0.0,0.0,1.0,6.0,1.0,1.0,2.0
0.9881683679961855,-0.8291375719013011,1.686336035034497,-1.7279862671237218,0.0,1.0,1.0,0.0,0.0,4.0,0.0,0.0,1.0
-0.07660191732980101,1.2815903209587884,1.6746392240939134,0.9265478189359215,1.0,0.0,0.0,1.0,0.0,6.0,0.0,0.0,2.0
0.2137899786681953,0.9918825709583841,-1.2170740485175422,-1.3413352658454591,0.0,1.0,1.0,0.0,0.0,5.0,1.0,1.0,2.0
-0.7541830079917924,-1.3154327236876944,0.5161339431577805,1.7372233637255028,1.0,0.0,0.0,1.0,0.0,8.0,1.0,0.0,1.0
0.6977764719981892,-1.6775674111882,0.26281149358320327,0.8239212656378064,1.0,0.0,0.0,1.0,0.0,8.0,1.0,0.0,1.0
-0.4637911119937961,-0.48769629511511015,-1.2170740485175422,1.534621667345454,0.0,1.0,1.0,0.0,0.0,7.0,1.0,1.0,2.0
0.020195381336197752,-0.2186819558290203,0.9608474570840996,0.7136038483797199,1.0,0.0,0.0,0.0,1.0,7.0,1.0,0.0,1.0
0.2137899786681953,-0.4359627683293237,-1.2170740485175422,0.2213828144523359,0.0,1.0,1.0,0.0,0.0,6.0,0.0,1.0,1.0
-0.36699381332779735,1.4885244281019345,-1.2170740485175422,1.1706539484034866,0.0,1.0,0.0,0.0,1.0,8.0,1.0,0.0,2.0
1.2785602639941818,0.7125215263151369,-1.2170740485175422,-1.4799602532701535,0.0,1.0,1.0,0.0,0.0,7.0,1.0,1.0,1.0
-1.0445749039897887,1.126389740601429,1.0501517236746978,-1.4537582249784096,0.0,1.0,0.0,0.0,1.0,1.0,0.0,0.0,2.0
0.020195381336197752,-0.5601232326152112,1.395665549009271,-1.109953713592404,1.0,0.0,0.0,1.0,0.0,8.0,1.0,0.0,3.0
1.0849656666621843,0.7332149370294515,0.9062788432519516,0.49408997485508876,1.0,0.0,0.0,0.0,1.0,4.0,1.0,1.0,1.0
2.1497359519881707,2.057593222745586,-1.2170740485175422,-0.8139467770988518,0.0,1.0,1.0,0.0,0.0,1.0,1.0,0.0,1.0
-0.94777760532379,1.302283731673103,-1.2170740485175422,0.42846992038652904,0.0,1.0,1.0,0.0,0.0,2.0,1.0,0.0,2.0
0.11699268000219652,0.8573754013153391,1.626869945258314,-1.514436066111976,1.0,0.0,1.0,0.0,0.0,9.0,1.0,1.0,1.0
-0.6573857093257937,-0.891217804044245,0.2348877144914133,0.32845476783407246,1.0,0.0,0.0,1.0,0.0,4.0,0.0,1.0,2.0
1.7625467573241755,-1.5534069469023122,-1.2170740485175422,-0.9047620128357157,0.0,1.0,1.0,0.0,0.0,10.0,1.0,1.0,2.0
-0.36699381332779735,-0.0014011433287169732,0.5522883946650676,0.48394513871825845,0.0,1.0,0.0,1.0,0.0,8.0,1.0,0.0,1.0
0.11699268000219652,-0.20833525047186302,0.51823690318863,-0.8247008009129602,0.0,1.0,0.0,1.0,0.0,3.0,1.0,0.0,1.0
0.5041818746661916,0.5055874191719908,-1.2170740485175422,0.7380696396049549,0.0,1.0,0.0,0.0,1.0,9.0,1.0,0.0,2.0
1.4721548613261792,-0.787750750472672,-0.1186068136173198,0.774653951543376,1.0,0.0,1.0,0.0,0.0,9.0,1.0,1.0,1.0
0.2137899786681953,-0.022094554043031577,0.8876836739713705,0.7819186276651597,1.0,0.0,1.0,0.0,0.0,3.0,1.0,1.0,1.0
-0.4637911119937961,-0.07382808082881809,0.5953511711475696,0.7196725892412846,0.0,1.0,0.0,1.0,0.0,9.0,0.0,0.0,2.0
-0.1733992159957998,-0.1772951344003911,-0.38787411126558186,1.469116248707656,1.0,0.0,1.0,0.0,0.0,7.0,1.0,1.0,2.0
-0.8509803066577912,-0.5394298219008967,0.477956103949201,0.3699282370704882,0.0,1.0,1.0,0.0,0.0,9.0,1.0,1.0,1.0
0.020195381336197752,0.13310602631432794,-0.24832948331421825,1.2346684054245092,0.0,1.0,0.0,1.0,0.0,7.0,1.0,0.0,1.0
0.7945737706641879,2.057593222745586,-1.2170740485175422,1.5226617928806057,0.0,1.0,1.0,0.0,0.0,6.0,1.0,0.0,1.0
-0.1733992159957998,0.008945562028440329,0.26519834196556485,1.7019873709437296,1.0,0.0,1.0,0.0,0.0,4.0,0.0,1.0,1.0
0.8913710693301867,0.8470286959581818,0.16403667300564004,-1.322020606973039,0.0,1.0,0.0,1.0,0.0,7.0,1.0,1.0,1.0
-0.4637911119937961,1.747192062030867,0.34557314641018916,-0.7011285939788152,0.0,1.0,0.0,0.0,1.0,10.0,1.0,1.0,1.0
0.7945737706641879,0.5676676513149347,1.0992108780100325,0.7146084339983039,1.0,0.0,0.0,1.0,0.0,10.0,1.0,0.0,1.0
0.11699268000219652,0.3296934281003167,-1.2170740485175422,-0.4176722804801046,0.0,1.0,0.0,0.0,1.0,8.0,1.0,0.0,1.0
-0.7541830079917924,-0.7463639290440427,-1.2170740485175422,0.6817145608301437,0.0,1.0,1.0,0.0,0.0,9.0,0.0,1.0,1.0
-0.6573857093257937,-0.40492265225785173,0.7343677281845975,1.1171814650027976,0.0,1.0,1.0,0.0,0.0,3.0,1.0,0.0,1.0
1.665749458658177,-0.03244125940018888,1.315730723283836,0.7155178666587293,1.0,0.0,0.0,0.0,1.0,6.0,1.0,0.0,2.0
1.568952159992178,0.16414614238579986,1.2648340107683576,0.6578299506528198,0.0,1.0,0.0,1.0,0.0,9.0,1.0,1.0,1.0
-0.36699381332779735,-1.1188453219017056,0.9929821395551974,-0.6517950033266915,0.0,1.0,1.0,0.0,0.0,5.0,0.0,0.0,1.0
0.31058727733419406,-1.1809255540446495,1.846367885435919,0.47482732829434937,0.0,1.0,0.0,0.0,1.0,1.0,0.0,1.0,1.0
-1.334966799987785,-1.5844470629737841,0.7393238786746696,0.562773189177786,0.0,1.0,0.0,1.0,0.0,8.0,1.0,1.0,1.0
1.568952159992178,-0.2186819558290203,-1.2170740485175422,0.11034574858748214,0.0,1.0,1.0,0.0,0.0,2.0,1.0,1.0,1.0
-0.1733992159957998,1.0436160977441706,0.6041042881510703,0.5672446823943575,1.0,0.0,0.0,1.0,0.0,5.0,1.0,1.0,2.0
-0.36699381332779735,0.3296934281003167,-0.23372016435965126,-0.2941143377919725,0.0,1.0,0.0,0.0,1.0,9.0,0.0,0.0,1.0
-0.5605884106597949,-1.6982608219025146,1.125562822276746,-1.0175076570461508,0.0,1.0,0.0,0.0,1.0,8.0,1.0,0.0,1.0
0.40738457600019284,1.1470831513157436,0.9402952907529479,0.6977707092597392,1.0,0.0,0.0,0.0,1.0,5.0,1.0,1.0,1.0
0.6009791733321904,1.1160430352442716,-1.2170740485175422,-0.01056687228215562,1.0,0.0,1.0,0.0,0.0,8.0,1.0,1.0,2.0
-0.5605884106597949,-0.45665617904363826,0.25062101269500187,0.5386645259655298,1.0,0.0,1.0,0.0,0.0,8.0,0.0,1.0,1.0
2.6337224453181647,-0.8498309826156157,-1.2170740485175422,0.5379622727807291,0.0,1.0,1.0,0.0,0.0,2.0,1.0,0.0,1.0
-0.1733992159957998,0.11241261560001335,-1.2170740485175422,-0.8459310436523667,1.0,0.0,1.0,0.0,0.0,6.0,1.0,0.0,2.0
2.5369251466521656,-1.40855307190211,0.2636723215120521,0.7426042782032657,0.0,1.0,1.0,0.0,0.0,7.0,1.0,1.0,1.0
-0.4637911119937961,-0.08417478618597539,-1.2170740485175422,0.00774859355249043,0.0,1.0,1.0,0.0,0.0,7.0,0.0,1.0,2.0
-0.8509803066577912,1.2505502048873165,0.04729088386602399,-1.7059379176892155,0.0,1.0,0.0,0.0,1.0,4.0,1.0,0.0,1.0
-0.94777760532379,1.5195645441734065,0.07222451164044406,-0.5155215290434721,1.0,0.0,0.0,1.0,0.0,8.0,1.0,0.0,2.0
-1.1413722026557875,0.4538538923862043,0.8012171656306262,0.09450182430588178,0.0,1.0,0.0,1.0,0.0,6.0,1.0,0.0,1.0
-0.4637911119937961,0.3710802495289459,0.7999549395060097,1.723384435779798,1.0,0.0,1.0,0.0,0.0,9.0,1.0,0.0,1.0
0.6009791733321904,-2.2673296165461663,0.5547226649408019,-0.9882685620332198,1.0,0.0,0.0,1.0,0.0,3.0,1.0,0.0,1.0
0.5041818746661916,-0.1152149022574473,0.5806733717639291,-0.5680640531858153,0.0,1.0,1.0,0.0,0.0,7.0,1.0,0.0,1.0
-0.6573857093257937,-0.37388253618637984,0.2650584875681609,-1.689150465720135,0.0,1.0,1.0,0.0,0.0,7.0,1.0,1.0,1.0
-0.27019651466179856,-0.5808166433295259,0.1616720084242458,-1.3056294227163625,0.0,1.0,0.0,0.0,1.0,6.0,1.0,1.0,1.0
0.11699268000219652,0.6814814102436649,0.3621720951080541,0.1918445181815756,0.0,1.0,1.0,0.0,0.0,0.0,1.0,0.0,1.0
-0.1733992159957998,-1.1602321433303349,0.834277941416028,-0.021091450480521672,0.0,1.0,1.0,0.0,0.0,2.0,1.0,0.0,1.0
-1.0445749039897887,0.14345273167148526,1.8597680264855745,-0.28911698096934424,0.0,1.0,1.0,0.0,0.0,8.0,1.0,0.0,2.0
-0.36699381332779735,0.3814269548861032,0.5765695293371165,1.1534423960468552,0.0,1.0,0.0,1.0,0.0,5.0,0.0,0.0,1.0
0.40738457600019284,-1.0050315629729754,0.3889509971673026,-1.3024874616007154,0.0,1.0,0.0,1.0,0.0,5.0,0.0,0.0,1.0
-0.4637911119937961,0.34004013345747397,-1.2170740485175422,0.5404675614523907,1.0,0.0,1.0,0.0,0.0,6.0,1.0,1.0,2.0
-0.5605884106597949,0.6814814102436649,0.4255788638474113,-1.3329548473587234,1.0,0.0,0.0,1.0,0.0,10.0,1.0,0.0,2.0
-0.07660191732980101,2.057593222745586,0.5009136051635207,-1.226823986305392,1.0,0.0,1.0,0.0,0.0,1.0,1.0,0.0,2.0
-0.36699381332779735,-0.0014011433287169732,1.41445169188079,-1.2224669549653624,1.0,0.0,0.0,1.0,0.0,1.0,1.0,1.0,3.0
0.2137899786681953,0.14345273167148526,-1.2170740485175422,0.5617612974819762,0.0,1.0,0.0,0.0,1.0,8.0,1.0,0.0,2.0
-0.27019651466179856,0.8159885798867099,1.1741032293242386,-0.13964942703273053,1.0,0.0,1.0,0.0,0.0,8.0,1.0,0.0,2.0
0.11699268000219652,1.0850029191727997,0.30642436402882794,0.25085831324979596,0.0,1.0,1.0,0.0,0.0,1.0,1.0,0.0,1.0
0.2137899786681953,-1.1809255540446495,1.0062305305460606,0.12007674763572165,1.0,0.0,0.0,1.0,0.0,3.0,1.0,0.0,1.0
-1.334966799987785,-0.053134670114503485,1.7227116815427357,-0.997124745310748,0.0,1.0,0.0,0.0,1.0,5.0,1.0,1.0,2.0
0.11699268000219652,0.6918281156008222,-1.2170740485175422,0.3771191566031327,0.0,1.0,0.0,0.0,1.0,9.0,0.0,0.0,2.0
-0.8509803066577912,-0.653243580829627,0.631689844654196,1.3394441631066254,0.0,1.0,1.0,0.0,0.0,3.0,0.0,0.0,1.0
-0.6573857093257937,-0.5290831165437394,-1.2170740485175422,0.03700821516334217,0.0,1.0,1.0,0.0,0.0,1.0,1.0,1.0,1.0
-0.6573857093257937,-0.7153238129725709,0.21263366482081755,-1.5621812807843094,0.0,1.0,0.0,1.0,0.0,1.0,1.0,1.0,1.0
-0.1733992159957998,0.16414614238579986,0.2646005046047082,1.361150866453703,1.0,0.0,0.0,1.0,0.0,5.0,1.0,0.0,3.0
2.1497359519881707,1.1056963298871143,-1.2170740485175422,-0.9719914917446457,0.0,1.0,0.0,0.0,1.0,2.0,1.0,1.0,2.0
-0.7541830079917924,1.2195100888158448,-0.2317106013459185,-1.6132631113440985,0.0,1.0,1.0,0.0,0.0,4.0,1.0,1.0,2.0
-0.94777760532379,1.0746562138156424,1.17258492497541,-1.2360073774701161,1.0,0.0,1.0,0.0,0.0,4.0,1.0,1.0,2.0
-0.8509803066577912,-0.5083897058294248,0.610231036022632,0.03961335355709318,0.0,1.0,0.0,0.0,1.0,9.0,0.0,0.0,2.0
-0.7541830079917924,2.057593222745586,0.11095694587321164,0.8578070257665146,0.0,1.0,0.0,0.0,1.0,6.0,1.0,0.0,2.0
-0.7541830079917924,0.9091089281011256,-1.2170740485175422,-0.7199780992678426,0.0,1.0,0.0,0.0,1.0,1.0,1.0,1.0,2.0
-1.6253586959857813,-0.787750750472672,0.47451054170327295,-1.1387323517858732,1.0,0.0,0.0,0.0,1.0,8.0,1.0,1.0,1.0
2.2465332506541693,-1.1705788486874922,-0.010604978606891602,-1.4294978736866024,1.0,0.0,1.0,0.0,0.0,3.0,0.0,0.0,1.0
1.568952159992178,1.4781777227447772,0.6443831583643281,1.0553396961854309,1.0,0.0,0.0,1.0,0.0,6.0,1.0,0.0,1.0
-1.0445749039897887,0.5676676513149347,-1.2170740485175422,1.420944672242916,0.0,1.0,0.0,0.0,1.0,3.0,0.0,1.0,2.0
-0.1733992159957998,0.8263352852438672,0.6618059619894295,1.267424506850692,0.0,1.0,0.0,1.0,0.0,3.0,0.0,0.0,1.0
-0.4637911119937961,0.24691978524305827,-1.2170740485175422,1.4783241674173528,0.0,1.0,1.0,0.0,0.0,8.0,1.0,1.0,2.0
0.7945737706641879,-0.16694842904323381,0.8039819423903403,-0.6370502957591747,1.0,0.0,1.0,0.0,0.0,2.0,1.0,0.0,2.0
0.9881683679961855,0.3296934281003167,0.5318715816702541,0.7115508406791954,1.0,0.0,0.0,1.0,0.0,7.0,0.0,0.0,2.0
0.020195381336197752,-0.18764183975754842,0.8596697129060819,1.2375127308703038,1.0,0.0,1.0,0.0,0.0,9.0,0.0,0.0,2.0
0.31058727733419406,1.612684892387822,-1.2170740485175422,-0.4341513116177135,0.0,1.0,0.0,0.0,1.0,5.0,1.0,1.0,2.0
-0.7541830079917924,-0.45665617904363826,-1.2170740485175422,-0.98566272782259,0.0,1.0,1.0,0.0,0.0,8.0,1.0,1.0,2.0
-0.36699381332779735,2.057593222745586,0.42340951316584,-1.6715083766698244,0.0,1.0,1.0,0.0,0.0,9.0,1.0,1.0,1.0
-0.27019651466179856,-0.4773495897579529,-1.2170740485175422,-1.1191703300130849,1.0,0.0,0.0,0.0,1.0,9.0,0.0,1.0,2.0
0.2137899786681953,-1.9465817504742897,0.7626133331425976,-0.5171791388026906,1.0,0.0,0.0,1.0,0.0,8.0,1.0,0.0,2.0
1.4721548613261792,-1.129192027258863,0.48320401964765064,0.7144523970632615,0.0,1.0,0.0,0.0,1.0,8.0,0.0,1.0,1.0
-0.6573857093257937,1.1574298566729009,-1.2170740485175422,-1.4461364208436471,1.0,0.0,0.0,0.0,1.0,8.0,1.0,0.0,2.0
-0.7541830079917924,0.09171920488569875,0.7953784856672802,0.6960906594061833,0.0,1.0,0.0,1.0,0.0,9.0,1.0,1.0,2.0
-0.8509803066577912,-0.8187908665441438,0.6749255904833725,0.017136728833764044,0.0,1.0,1.0,0.0,0.0,6.0,1.0,0.0,1.0
-0.07660191732980101,0.15379943702864254,0.8251713303666752,-1.593624027851997,1.0,0.0,1.0,0.0,0.0,6.0,1.0,1.0,1.0
-0.36699381332779735,-0.5497765272580539,0.6189184053841348,-0.4442067352856341,0.0,1.0,1.0,0.0,0.0,8.0,1.0,1.0,1.0
-0.27019651466179856,-1.2533524915447505,-1.2170740485175422,-1.480992149701225,1.0,0.0,0.0,0.0,1.0,2.0,1.0,1.0,2.0
-0.4637911119937961,-0.7980974558298293,1.2423203463255696,0.6059261864050985,1.0,0.0,1.0,0.0,0.0,7.0,1.0,1.0,1.0
-0.1733992159957998,1.2298567941730019,-1.2170740485175422,-1.3420215152420503,1.0,0.0,1.0,0.0,0.0,9.0,0.0,0.0,2.0
0.31058727733419406,-0.46700288440079557,-1.2170740485175422,1.358231566739231,0.0,1.0,0.0,0.0,1.0,10.0,1.0,0.0,2.0
0.5041818746661916,-1.098151911187391,0.833102039212568,0.1485558366629222,1.0,0.0,0.0,1.0,0.0,2.0,1.0,0.0,1.0
-0.4637911119937961,-0.6118567594009978,-1.2170740485175422,-1.38117026028682,1.0,0.0,1.0,0.0,0.0,9.0,1.0,1.0,2.0
0.11699268000219652,-0.0014011433287169732,-1.2170740485175422,0.8324951212168127,0.0,1.0,1.0,0.0,0.0,4.0,1.0,1.0,2.0
-0.7541830079917924,0.443507187029047,-1.2170740485175422,1.0634096063900587,1.0,0.0,1.0,0.0,0.0,10.0,1.0,0.0,2.0
-0.1733992159957998,0.919455633458283,-1.2170740485175422,-0.46329890671109886,1.0,0.0,1.0,0.0,0.0,9.0,1.0,1.0,2.0
-0.07660191732980101,1.6333783031021367,-1.2170740485175422,-0.3443838021459112,0.0,1.0,1.0,0.0,0.0,3.0,1.0,1.0,2.0
-0.5605884106597949,0.7952951691723953,0.8712194356011198,-1.1093883623784824,0.0,1.0,1.0,0.0,0.0,8.0,0.0,1.0,1.0
0.11699268000219652,-1.8431146969027168,1.2356224459551843,-0.465936574543928,0.0,1.0,0.0,1.0,0.0,8.0,1.0,0.0,2.0
0.2137899786681953,1.0850029191727997,0.7833178925412656,-0.917879552632456,0.0,1.0,0.0,1.0,0.0,2.0,0.0,1.0,2.0
0.31058727733419406,0.19518625845727178,0.588713552845031,-0.5940855169975434,1.0,0.0,1.0,0.0,0.0,6.0,1.0,1.0,1.0
0.31058727733419406,-1.02572497368729,0.44449489448111706,1.5135911240502264,1.0,0.0,0.0,1.0,0.0,8.0,0.0,1.0,1.0
0.020195381336197752,-1.7293009379739863,-1.2170740485175422,1.3110134333524925,1.0,0.0,0.0,0.0,1.0,5.0,1.0,1.0,2.0
-0.7541830079917924,0.16414614238579986,0.7001640043928249,-1.2455306751800717,0.0,1.0,1.0,0.0,0.0,1.0,1.0,1.0,1.0
-0.7541830079917924,-0.8187908665441438,0.3600461475153323,0.3503135071691403,0.0,1.0,0.0,0.0,1.0,5.0,0.0,1.0,1.0
-0.27019651466179856,-2.784664884404031,-1.2170740485175422,1.3861026857686916,0.0,1.0,0.0,0.0,1.0,0.0,1.0,1.0,1.0
1.2785602639941818,-0.1566017236860765,0.5718490415442791,-1.1641408009274905,0.0,1.0,0.0,0.0,1.0,4.0,0.0,1.0,1.0
0.11699268000219652,-0.7049771076154135,-0.32045641485998644,-1.2687918334341046,1.0,0.0,1.0,0.0,0.0,4.0,1.0,0.0,2.0
0.31058727733419406,0.6400945888150358,-1.2170740485175422,-0.30083088416758175,1.0,0.0,1.0,0.0,0.0,3.0,0.0,0.0,2.0
-1.6253586959857813,-2.339756554046267,1.510082360551658,0.6350426436931632,1.0,0.0,0.0,0.0,1.0,7.0,0.0,1.0,2.0
0.6009791733321904,2.057593222745586,1.581433341320105,-1.6384640331016518,1.0,0.0,0.0,0.0,1.0,5.0,1.0,0.0,4.0
-0.36699381332779735,0.19518625845727178,0.7805714415301764,-0.2702841752854048,0.0,1.0,0.0,0.0,1.0,2.0,0.0,1.0,2.0
-0.8509803066577912,-0.5808166433295259,0.40143581529877603,1.3655814804286526,1.0,0.0,0.0,0.0,1.0,5.0,1.0,1.0,1.0
0.8913710693301867,0.20553296381442906,0.6430511657931907,-0.28959639879874977,1.0,0.0,1.0,0.0,0.0,8.0,0.0,0.0,2.0
-0.07660191732980101,-0.7360172236868854,0.6386843327983864,0.49790583461773064,0.0,1.0,0.0,1.0,0.0,9.0,1.0,0.0,2.0
0.2137899786681953,0.4124670709575751,-1.2170740485175422,-0.7481383302103913,0.0,1.0,1.0,0.0,0.0,2.0,1.0,1.0,1.0
-1.1413722026557875,0.6297478834578785,-1.2170740485175422,-0.09243599040992284,0.0,1.0,0.0,0.0,1.0,10.0,1.0,0.0,1.0
-1.7221559946517802,0.6607879995293504,-1.2170740485175422,-0.5425990689228058,0.0,1.0,1.0,0.0,0.0,8.0,1.0,0.0,2.0
-0.07660191732980101,0.6607879995293504,0.3389876118142696,-1.657853666242749,0.0,1.0,0.0,0.0,1.0,2.0,1.0,1.0,2.0
-1.4317640986537838,-0.053134670114503485,-1.2170740485175422,-0.12604394564982083,0.0,1.0,1.0,0.0,0.0,8.0,0.0,0.0,2.0
-0.1733992159957998,-0.06348137547166079,-1.2170740485175422,-0.5370165301052137,1.0,0.0,1.0,0.0,0.0,1.0,1.0,1.0,2.0
0.020195381336197752,0.8056418745295526,0.7345320169135019,1.0395413479093842,0.0,1.0,1.0,0.0,0.0,4.0,1.0,1.0,1.0
1.568952159992178,1.095349624529957,0.6684545114402711,-0.09865328817508437,1.0,0.0,0.0,0.0,1.0,9.0,1.0,0.0,4.0
1.2785602639941818,1.46783101738762,-1.2170740485175422,1.030941921060086,0.0,1.0,0.0,0.0,1.0,2.0,1.0,0.0,1.0
1.181762965328183,0.22622637452874367,0.06192431564772961,1.25842341970818,0.0,1.0,1.0,0.0,0.0,8.0,1.0,1.0,2.0
0.6977764719981892,-0.38422924154353716,-1.2170740485175422,-0.443220066951676,0.0,1.0,1.0,0.0,0.0,4.0,1.0,0.0,1.0
0.2137899786681953,-1.3464728397591663,0.7213808809920977,-1.3806318719769468,0.0,1.0,0.0,1.0,0.0,8.0,0.0,1.0,1.0
0.11699268000219652,0.13310602631432794,-1.2170740485175422,1.6509752960260273,0.0,1.0,1.0,0.0,0.0,9.0,1.0,0.0,2.0
0.8913710693301867,1.3229771423874177,0.6362421856657868,-0.016456092389022885,1.0,0.0,1.0,0.0,0.0,2.0,0.0,0.0,1.0
-0.27019651466179856,0.42281377631473244,-1.2170740485175422,-1.5930113610903256,1.0,0.0,1.0,0.0,0.0,3.0,1.0,1.0,2.0
0.11699268000219652,-0.48769629511511015,0.13830828644873097,-1.1072114992735544,0.0,1.0,1.0,0.0,0.0,1.0,0.0,0.0,1.0
-0.8509803066577912,1.095349624529957,0.4728951430371664,-0.6416572993128676,0.0,1.0,0.0,1.0,0.0,6.0,1.0,1.0,2.0
1.665749458658177,1.4885244281019345,-1.2170740485175422,-1.1209610147503493,1.0,0.0,0.0,0.0,1.0,5.0,1.0,0.0,1.0
-0.1733992159957998,-1.6982608219025146,-1.2170740485175422,0.46304384340824456,0.0,1.0,1.0,0.0,0.0,6.0,1.0,1.0,2.0
1.568952159992178,1.4160974906018333,-1.2170740485175422,-1.5059257038231482,0.0,1.0,1.0,0.0,0.0,3.0,0.0,1.0,1.0
-0.36699381332779735,0.54697424060062,1.2618221579065632,-1.036718465249429,1.0,0.0,0.0,1.0,0.0,3.0,1.0,1.0,2.0
-1.4317640986537838,0.6090544727435638,0.44026759437935487,1.2771358490721088,1.0,0.0,0.0,1.0,0.0,7.0,1.0,0.0,2.0
1.665749458658177,-0.6842836969010989,1.004958177034046,-0.7753287663782898,0.0,1.0,1.0,0.0,0.0,4.0,1.0,1.0,2.0
0.2137899786681953,0.8677221066724964,1.674921987180159,0.649236438246991,0.0,1.0,1.0,0.0,0.0,7.0,1.0,1.0,1.0
-0.07660191732980101,0.6607879995293504,0.689292655901287,-1.6382055371312247,1.0,0.0,1.0,0.0,0.0,5.0,1.0,1.0,1.0
-1.2381695013217864,-0.4359627683293237,-1.2170740485175422,-0.024261418225535375,0.0,1.0,1.0,0.0,0.0,7.0,1.0,0.0,2.0
-1.334966799987785,-1.1705788486874922,-0.21264700021012448,0.050442177685658764,0.0,1.0,0.0,1.0,0.0,5.0,1.0,1.0,1.0
-0.27019651466179856,0.29865331202884476,0.652073864204101,-0.6273292121014561,0.0,1.0,1.0,0.0,0.0,3.0,1.0,1.0,1.0
-0.6573857093257937,-1.8948482236885031,0.9956712020376964,1.7196348525748502,1.0,0.0,1.0,0.0,0.0,8.0,0.0,0.0,1.0
-1.1413722026557875,0.4745473031005189,1.0531274072957844,-0.16121279210280184,0.0,1.0,1.0,0.0,0.0,8.0,1.0,0.0,2.0
3.2145062373141573,-1.6568740004738853,0.25035577159647704,-1.614742939890816,1.0,0.0,1.0,0.0,0.0,6.0,1.0,1.0,1.0
0.020195381336197752,-0.6325501701153124,-1.2170740485175422,0.08474751539220679,0.0,1.0,1.0,0.0,0.0,9.0,1.0,1.0,2.0
-0.36699381332779735,-0.34284242011490795,-1.2170740485175422,1.4017415180253028,1.0,0.0,1.0,0.0,0.0,10.0,1.0,0.0,2.0
-0.7541830079917924,-0.1979885451147057,0.9781005064061449,-0.30800092919386585,0.0,1.0,0.0,0.0,1.0,3.0,1.0,0.0,1.0
0.9881683679961855,-0.41526935761500905,-1.2170740485175422,0.749026841947636,0.0,1.0,1.0,0.0,0.0,3.0,1.0,1.0,2.0
2.2465332506541693,-0.9222579201157168,-1.2170740485175422,0.1065872937173306,0.0,1.0,1.0,0.0,0.0,3.0,1.0,0.0,2.0
0.020195381336197752,0.7642550531009233,0.6605725105051986,0.4208696865750053,1.0,0.0,0.0,1.0,0.0,5.0,1.0,0.0,1.0
-0.07660191732980101,-0.49804300047226746,-0.26283672463389857,1.5933922744145783,0.0,1.0,1.0,0.0,0.0,8.0,1.0,1.0,1.0
1.3753575626601806,-1.1809255540446495,-1.2170740485175422,-0.14702734735151837,1.0,0.0,1.0,0.0,0.0,3.0,1.0,1.0,1.0
1.0849656666621843,-0.29110889332912143,0.8181831115575409,-1.7258534144363697,0.0,1.0,0.0,1.0,0.0,7.0,0.0,1.0,1.0
-0.36699381332779735,0.7021748209579796,0.4037892272275056,1.133316588648122,0.0,1.0,0.0,0.0,1.0,1.0,1.0,1.0,1.0
-1.2381695013217864,0.8263352852438672,-1.2170740485175422,-1.0813238062567512,1.0,0.0,0.0,0.0,1.0,3.0,1.0,0.0,2.0
-1.7221559946517802,0.07102579417138415,-1.2170740485175422,0.9466793668239039,0.0,1.0,0.0,0.0,1.0,7.0,0.0,1.0,2.0
0.6977764719981892,-0.8084441611869866,-0.1678569415435923,1.5678486628442787,0.0,1.0,0.0,0.0,1.0,3.0,0.0,1.0,1.0
-1.2381695013217864,0.3193467227431594,-1.2170740485175422,1.3657970097068213,0.0,1.0,1.0,0.0,0.0,8.0,1.0,0.0,2.0
-0.07660191732980101,0.3090000173860021,0.38741661760038165,-1.327743700800123,0.0,1.0,0.0,0.0,1.0,2.0,1.0,0.0,2.0
-0.7541830079917924,0.9815358656012267,0.6128688185594164,1.3039060118452892,0.0,1.0,0.0,0.0,1.0,2.0,1.0,1.0,1.0
1.2785602639941818,1.1056963298871143,0.7938704694580309,1.2408352564659666,1.0,0.0,1.0,0.0,0.0,7.0,1.0,0.0,1.0
-0.8509803066577912,-1.3464728397591663,0.5080555030576185,-0.6185615715217391,0.0,1.0,1.0,0.0,0.0,2.0,1.0,0.0,1.0
0.6977764719981892,-0.7774040451155146,0.9911455458881391,-1.1552052945257936,0.0,1.0,0.0,1.0,0.0,4.0,1.0,1.0,1.0
-0.5605884106597949,0.12275932095717065,1.3111455888273367,-1.240761198385209,0.0,1.0,1.0,0.0,0.0,5.0,1.0,1.0,2.0
0.5041818746661916,-0.06348137547166079,-1.2170740485175422,1.1628583640032757,0.0,1.0,1.0,0.0,0.0,10.0,0.0,1.0,2.0
-0.36699381332779735,0.49524071381483353,1.4748122067916345,-0.7746912241632058,0.0,1.0,0.0,0.0,1.0,2.0,1.0,1.0,2.0
0.5041818746661916,-0.1462550183289192,-1.2170740485175422,0.8664130628761595,1.0,0.0,1.0,0.0,0.0,2.0,1.0,0.0,2.0
0.020195381336197752,0.11241261560001335,1.0305968638739993,0.8064727876339864,0.0,1.0,0.0,1.0,0.0,5.0,1.0,1.0,2.0
0.40738457600019284,1.126389740601429,0.7426813487254513,1.625665478926962,0.0,1.0,1.0,0.0,0.0,8.0,1.0,0.0,1.0
-0.4637911119937961,0.7435616423866088,-1.2170740485175422,-1.5267381085269118,0.0,1.0,1.0,0.0,0.0,5.0,0.0,1.0,2.0
-1.4317640986537838,-1.925888339759975,1.290773947195363,1.5918494744403409,0.0,1.0,0.0,1.0,0.0,6.0,1.0,0.0,1.0
0.020195381336197752,-0.45665617904363826,0.47248490347144795,0.084590608686066,1.0,0.0,0.0,1.0,0.0,8.0,1.0,0.0,1.0
-1.0445749039897887,-1.3257794290448517,0.7306654447057336,-0.6944231806732648,1.0,0.0,1.0,0.0,0.0,2.0,1.0,1.0,1.0
-0.5605884106597949,0.8366819906010244,-1.2170740485175422,0.348326080209431,0.0,1.0,0.0,0.0,1.0,8.0,1.0,0.0,1.0
0.6977764719981892,1.8196189995309682,1.7291327666575698,-1.5029369963750285,0.0,1.0,0.0,0.0,1.0,1.0,1.0,1.0,1.0
-1.2381695013217864,-0.6946304022582562,-1.2170740485175422,0.8304896030182582,0.0,1.0,1.0,0.0,0.0,4.0,1.0,0.0,2.0
-0.1733992159957998,-1.098151911187391,0.24872879877334367,0.09772676158431069,0.0,1.0,1.0,0.0,0.0,3.0,1.0,0.0,1.0
-1.2381695013217864,0.039985678099912235,0.49009000006971726,-1.1800753553575378,1.0,0.0,1.0,0.0,0.0,7.0,0.0,1.0,1.0
-1.0445749039897887,-1.2843926076162224,0.7730858554732628,0.9739348618699584,1.0,0.0,0.0,1.0,0.0,2.0,1.0,1.0,2.0
0.31058727733419406,-1.9362350451171324,0.16023858122694526,1.1175871262430634,1.0,0.0,0.0,1.0,0.0,3.0,1.0,1.0,1.0
1.2785602639941818,-1.0567650897587617,-1.2170740485175422,-1.5868563389358055,1.0,0.0,1.0,0.0,0.0,1.0,0.0,1.0,1.0
-1.334966799987785,-1.925888339759975,0.040768524877207724,-1.5549138213950109,0.0,1.0,1.0,0.0,0.0,2.0,1.0,1.0,2.0
2.6337224453181647,-1.2326590808304358,-1.2170740485175422,0.2673385620669424,1.0,0.0,0.0,0.0,1.0,3.0,1.0,1.0,1.0
1.568952159992178,-1.4706333040450539,0.9110904775313732,1.226401926951656,0.0,1.0,1.0,0.0,0.0,8.0,1.0,1.0,2.0
-0.07660191732980101,-2.0707422147601773,-0.22872993440722308,1.1773216136433693,1.0,0.0,0.0,1.0,0.0,9.0,1.0,1.0,1.0
2.7305197439841633,-0.5601232326152112,-1.2170740485175422,0.1528563328815597,0.0,1.0,1.0,0.0,0.0,2.0,0.0,1.0,2.0
0.6009791733321904,-0.6222034647581551,-1.2170740485175422,0.9677800136696576,0.0,1.0,1.0,0.0,0.0,5.0,1.0,1.0,2.0
-1.334966799987785,-1.129192027258863,-1.2170740485175422,-0.3038216790663371,1.0,0.0,1.0,0.0,0.0,7.0,0.0,1.0,2.0
-0.27019651466179856,-1.3257794290448517,0.6103654248458846,-1.5075090351305682,1.0,0.0,0.0,0.0,1.0,8.0,0.0,0.0,1.0
0.40738457600019284,0.3607335441717886,1.2721130302727837,0.9053431474668066,1.0,0.0,0.0,1.0,0.0,5.0,1.0,1.0,2.0
-0.7541830079917924,0.784948463815238,-0.3780749798208079,1.0528540643405921,1.0,0.0,1.0,0.0,0.0,2.0,0.0,1.0,2.0
0.5041818746661916,0.7125215263151369,0.16703871998439843,1.3964381757302782,0.0,1.0,1.0,0.0,0.0,3.0,1.0,0.0,1.0
0.11699268000219652,1.2608969102444738,-1.2170740485175422,-0.5315265349324851,1.0,0.0,1.0,0.0,0.0,10.0,0.0,1.0,2.0
0.11699268000219652,0.09171920488569875,1.470397148142553,1.4837990285729707,1.0,0.0,1.0,0.0,0.0,8.0,1.0,1.0,1.0
1.568952159992178,-0.2807621879719641,0.6925589794654846,-0.08413593877267393,0.0,1.0,1.0,0.0,0.0,7.0,1.0,1.0,1.0
-0.8509803066577912,0.6090544727435638,-1.2170740485175422,-1.397871604917165,1.0,0.0,0.0,0.0,1.0,10.0,1.0,0.0,2.0
1.4721548613261792,1.4781777227447772,0.0030485078799003386,1.6055273207786327,1.0,0.0,0.0,1.0,0.0,1.0,1.0,1.0,1.0
-0.4637911119937961,1.2195100888158448,0.6332076667464818,-0.7308999889039308,0.0,1.0,0.0,1.0,0.0,7.0,0.0,0.0,1.0
-1.334966799987785,-1.0464183844016044,-1.2170740485175422,1.4675198708337605,0.0,1.0,1.0,0.0,0.0,0.0,1.0,1.0,2.0
0.5041818746661916,-0.24972207190049223,-1.2170740485175422,0.25416205178973456,0.0,1.0,0.0,0.0,1.0,6.0,1.0,1.0,1.0
-1.818953293317779,-0.3945759469006945,0.6694523002272673,0.2383000362692888,1.0,0.0,0.0,1.0,0.0,0.0,0.0,0.0,1.0
-1.1413722026557875,-1.2430057861875932,0.9141180841068984,-1.6114383315797791,0.0,1.0,0.0,0.0,1.0,8.0,0.0,0.0,1.0
-1.334966799987785,-2.122475741545964,0.9724153447755816,1.3374438635346608,0.0,1.0,0.0,1.0,0.0,3.0,1.0,0.0,1.0
-0.6573857093257937,0.14345273167148526,0.9077268988977165,-1.5306741706553444,0.0,1.0,0.0,1.0,0.0,1.0,0.0,0.0,1.0
-1.4317640986537838,-1.439593187973582,-1.2170740485175422,-1.0820714614928852,0.0,1.0,1.0,0.0,0.0,6.0,1.0,0.0,2.0
0.11699268000219652,-2.0500488040458626,0.575706450877735,0.3568696677542154,1.0,0.0,0.0,1.0,0.0,1.0,1.0,1.0,1.0
0.2137899786681953,0.14345273167148526,0.32851878678376584,0.6467492408141747,1.0,0.0,1.0,0.0,0.0,8.0,1.0,0.0,1.0
1.3753575626601806,0.6504412941721931,0.37665297307006285,-0.4759846921346226,0.0,1.0,0.0,1.0,0.0,1.0,1.0,1.0,1.0
0.5041818746661916,0.46420059774336164,1.3853396326676086,-0.42264302230712364,0.0,1.0,1.0,0.0,0.0,8.0,0.0,0.0,1.0
1.0849656666621843,-0.42561606297216636,0.8816181726807406,1.4768622561552616,1.0,0.0,0.0,0.0,1.0,5.0,1.0,0.0,3.0
0.6009791733321904,-0.6325501701153124,0.09833243409651506,-0.8296002215099152,1.0,0.0,1.0,0.0,0.0,2.0,1.0,0.0,1.0
0.020195381336197752,-0.7463639290440427,1.2257684980167154,1.0278944170857187,1.0,0.0,0.0,0.0,1.0,2.0,1.0,0.0,2.0
-1.5285613973197827,-0.2186819558290203,1.0007355387455308,1.2996443074176374,1.0,0.0,0.0,1.0,0.0,4.0,0.0,1.0,1.0
-0.5605884106597949,-1.543060241545155,0.7962050733815922,1.0241968461924513,1.0,0.0,0.0,1.0,0.0,6.0,1.0,1.0,2.0
0.31058727733419406,0.17449284774295717,1.2016204661504715,0.14404346420472872,0.0,1.0,1.0,0.0,0.0,3.0,1.0,0.0,1.0
-0.94777760532379,-0.042787964757346184,0.36253250149768623,1.128254172947338,1.0,0.0,1.0,0.0,0.0,0.0,1.0,0.0,2.0
0.7945737706641879,-1.615487179045256,0.9962050600305454,-0.5007658623601163,0.0,1.0,1.0,0.0,0.0,10.0,1.0,0.0,1.0
1.7625467573241755,-1.6568740004738853,0.5840692615859516,-1.0198755218842743,1.0,0.0,0.0,1.0,0.0,4.0,1.0,1.0,1.0
-1.4317640986537838,0.6504412941721931,-1.2170740485175422,1.1563834400387856,1.0,0.0,1.0,0.0,0.0,7.0,1.0,0.0,2.0
0.40738457600019284,-2.2155960897603797,-1.2170740485175422,0.8431957410854831,1.0,0.0,1.0,0.0,0.0,6.0,1.0,0.0,1.0
-0.8509803066577912,0.919455633458283,0.47419225238504314,-1.704857661985076,1.0,0.0,1.0,0.0,0.0,8.0,1.0,0.0,1.0
0.2137899786681953,-0.20833525047186302,-1.2170740485175422,-0.2069857138325369,1.0,0.0,0.0,0.0,1.0,0.0,0.0,0.0,1.0
0.020195381336197752,1.064309508458485,1.5186867817878034,-0.17857150972927274,0.0,1.0,0.0,0.0,1.0,6.0,1.0,0.0,2.0
-0.1733992159957998,-1.8120745808312448,-1.2170740485175422,-0.7668398004584812,0.0,1.0,1.0,0.0,0.0,4.0,1.0,1.0,1.0
2.2465332506541693,0.8056418745295526,1.0422882092404313,-1.1979971627930746,1.0,0.0,1.0,0.0,0.0,4.0,1.0,0.0,1.0
0.11699268000219652,-1.4292464826164246,1.0496033979855655,0.08993030741300145,0.0,1.0,1.0,0.0,0.0,3.0,1.0,0.0,1.0
-0.4637911119937961,0.29865331202884476,-1.2170740485175422,1.168561453095098,1.0,0.0,1.0,0.0,0.0,1.0,1.0,0.0,2.0
0.8913710693301867,0.16414614238579986,0.3443748996535805,0.23410895725482275,1.0,0.0,0.0,1.0,0.0,1.0,0.0,0.0,2.0
0.8913710693301867,0.25726649060021556,0.08015489898197484,0.026774488420261384,0.0,1.0,0.0,1.0,0.0,3.0,0.0,0.0,1.0
1.9561413546561732,0.15379943702864254,1.2362374837994001,1.5468636955546042,1.0,0.0,0.0,1.0,0.0,8.0,1.0,1.0,2.0
0.40738457600019284,-0.22902866118617762,-1.2170740485175422,-1.0192847733542811,1.0,0.0,1.0,0.0,0.0,0.0,1.0,1.0,2.0
-1.2381695013217864,0.3814269548861032,-1.2170740485175422,0.07962317198922066,0.0,1.0,1.0,0.0,0.0,1.0,1.0,1.0,2.0
-0.07660191732980101,-0.7049771076154135,-1.2170740485175422,0.23899480942264367,1.0,0.0,1.0,0.0,0.0,10.0,0.0,1.0,2.0
-0.4637911119937961,0.21587966917158638,-1.2170740485175422,-1.4544910941058717,1.0,0.0,1.0,0.0,0.0,8.0,1.0,1.0,2.0
0.2137899786681953,2.057593222745586,-0.23840383990305708,-1.1834601565638418,0.0,1.0,0.0,1.0,0.0,8.0,1.0,0.0,1.0
0.2137899786681953,0.5159341245291481,-1.2170740485175422,-0.9045951907390539,1.0,0.0,1.0,0.0,0.0,2.0,1.0,0.0,1.0
0.7945737706641879,0.008945562028440329,0.8180146432719325,-1.0621627489602978,1.0,0.0,0.0,1.0,0.0,0.0,1.0,1.0,2.0
1.3753575626601806,-0.03244125940018888,0.5705128694164378,0.37719534855134723,1.0,0.0,0.0,0.0,1.0,6.0,1.0,1.0,1.0
-0.7541830079917924,0.29865331202884476,0.8298069410079849,1.3320528483129233,1.0,0.0,0.0,1.0,0.0,3.0,1.0,1.0,3.0
0.11699268000219652,0.6400945888150358,0.6226838644701017,-0.21832144055721586,0.0,1.0,0.0,1.0,0.0,3.0,1.0,1.0,2.0
0.6009791733321904,1.2195100888158448,0.819251149047601,0.42201326161510416,1.0,0.0,0.0,1.0,0.0,5.0,1.0,0.0,1.0
-0.07660191732980101,0.3710802495289459,0.7532794185094182,-1.1176525794464796,0.0,1.0,1.0,0.0,0.0,9.0,1.0,1.0,1.0
0.7945737706641879,1.612684892387822,1.4781746601600245,0.4449995722020612,1.0,0.0,1.0,0.0,0.0,9.0,0.0,0.0,1.0
2.052938653322172,0.7125215263151369,0.64637519939034,1.0036008405379548,0.0,1.0,0.0,1.0,0.0,9.0,0.0,0.0,2.0
-0.27019651466179856,-0.0014011433287169732,-1.2170740485175422,-1.4953171057366825,0.0,1.0,1.0,0.0,0.0,7.0,1.0,0.0,2.0
-0.36699381332779735,-0.6739369915439416,1.4316238828558303,0.34713536357580216,1.0,0.0,1.0,0.0,0.0,7.0,1.0,0.0,3.0
-0.1733992159957998,0.5055874191719908,-1.2170740485175422,-1.4406518182517283,1.0,0.0,1.0,0.0,0.0,7.0,1.0,0.0,2.0
-1.0445749039897887,-0.6118567594009978,0.9888119064776631,-1.048076110205786,0.0,1.0,1.0,0.0,0.0,5.0,0.0,0.0,1.0
-1.5285613973197827,0.4745473031005189,-1.2170740485175422,-0.350073496762819,1.0,0.0,1.0,0.0,0.0,10.0,1.0,1.0,2.0
-1.0445749039897887,0.46420059774336164,1.558261235944252,0.28898559911667376,0.0,1.0,1.0,0.0,0.0,4.0,1.0,1.0,1.0
-0.27019651466179856,0.4021203656004178,0.25798973191638364,0.6249522552270891,1.0,0.0,0.0,0.0,1.0,10.0,1.0,1.0,1.0
-0.8509803066577912,-0.9119112147585595,0.2413949627752224,0.38983242679336405,0.0,1.0,1.0,0.0,0.0,7.0,1.0,0.0,1.0
0.5041818746661916,-0.22902866118617762,0.8005744784112913,-0.3614060923115438,1.0,0.0,0.0,0.0,1.0,6.0,0.0,0.0,2.0
-0.1733992159957998,-1.2430057861875932,0.7417628107636508,0.8291120595527056,0.0,1.0,1.0,0.0,0.0,7.0,1.0,0.0,1.0
0.6009791733321904,1.5919914816735075,0.657070845748128,1.5581089660850558,1.0,0.0,0.0,1.0,0.0,9.0,1.0,0.0,1.0
2.440127847986167,-1.1188453219017056,-1.2170740485175422,0.8427582462230176,0.0,1.0,1.0,0.0,0.0,4.0,1.0,1.0,2.0
3.311303535980156,0.3296934281003167,0.9970015870870248,0.5801677413735087,1.0,0.0,1.0,0.0,0.0,8.0,1.0,1.0,2.0
0.2137899786681953,-0.33249571475775064,-1.2170740485175422,-0.3477686033522152,1.0,0.0,0.0,0.0,1.0,8.0,1.0,1.0,3.0
1.8593440559901744,0.3503868388146313,0.46755318731287604,0.9449666135770508,0.0,1.0,1.0,0.0,0.0,1.0,1.0,1.0,1.0
0.40738457600019284,-1.5120201254736831,0.982915034224823,1.2387598086711051,0.0,1.0,0.0,1.0,0.0,5.0,1.0,0.0,2.0
-0.4637911119937961,0.019292267385597632,0.693284775562357,-0.8182556231200334,0.0,1.0,1.0,0.0,0.0,5.0,1.0,1.0,1.0
-0.4637911119937961,0.039985678099912235,0.6802574188202646,-0.8459806206049721,0.0,1.0,0.0,1.0,0.0,7.0,1.0,0.0,1.0
-0.8509803066577912,-0.24972207190049223,-1.2170740485175422,0.23570411744918018,1.0,0.0,0.0,0.0,1.0,6.0,1.0,1.0,1.0
-1.2381695013217864,1.2712436156016311,0.29149981004746867,-1.242786895273245,0.0,1.0,1.0,0.0,0.0,2.0,1.0,0.0,1.0
-0.27019651466179856,-1.5741003576166268,0.8910707224234422,1.305696348674114,0.0,1.0,0.0,1.0,0.0,5.0,1.0,0.0,2.0
3.0209116399821596,1.2815903209587884,0.7068864998468917,-0.4405681348728342,0.0,1.0,0.0,1.0,0.0,6.0,1.0,1.0,2.0
1.2785602639941818,0.784948463815238,-1.2170740485175422,0.3230387032047029,0.0,1.0,1.0,0.0,0.0,4.0,1.0,1.0,2.0
-0.36699381332779735,-0.08417478618597539,-1.2170740485175422,-1.0143105524428686,1.0,0.0,0.0,0.0,1.0,6.0,1.0,1.0,2.0
-0.27019651466179856,0.039985678099912235,0.7491564465730759,-1.5773652227564883,1.0,0.0,0.0,1.0,0.0,10.0,1.0,0.0,1.0
0.31058727733419406,0.9504957495297548,0.020753110078161757,-0.33799776878767157,0.0,1.0,1.0,0.0,0.0,7.0,1.0,1.0,2.0
-0.5605884106597949,0.09171920488569875,-0.0470646985057538,1.412391691170269,0.0,1.0,1.0,0.0,0.0,0.0,0.0,0.0,1.0
-0.07660191732980101,0.06067908881422684,0.7725630893808977,-0.9191572463759189,1.0,0.0,0.0,1.0,0.0,5.0,0.0,0.0,1.0
-0.27019651466179856,-0.891217804044245,0.4899871186739259,0.8648464311738276,0.0,1.0,1.0,0.0,0.0,6.0,1.0,0.0,1.0
0.11699268000219652,-1.1498854379731775,1.4401292807485269,1.739612798886865,1.0,0.0,1.0,0.0,0.0,3.0,0.0,1.0,1.0
-0.07660191732980101,1.8920459370310694,-1.2170740485175422,-0.5805449205385701,0.0,1.0,0.0,0.0,1.0,8.0,1.0,1.0,2.0
-0.6573857093257937,0.7952951691723953,0.8368903251082264,0.9182136722716181,1.0,0.0,0.0,1.0,0.0,9.0,1.0,1.0,2.0
-0.94777760532379,0.49524071381483353,0.8034087001131648,0.9004743428125128,0.0,1.0,1.0,0.0,0.0,3.0,1.0,1.0,1.0
0.40738457600019284,-0.7670573397583573,0.8395969095784461,0.43979155681941473,1.0,0.0,0.0,1.0,0.0,3.0,0.0,0.0,1.0
-0.4637911119937961,0.5262808298863054,0.39132820041880884,0.1676528788065374,0.0,1.0,1.0,0.0,0.0,4.0,1.0,0.0,1.0
2.2465332506541693,1.0539628031013277,-1.2170740485175422,0.6356323484978383,1.0,0.0,1.0,0.0,0.0,6.0,1.0,1.0,2.0
1.8593440559901744,-1.3568195451163236,-1.2170740485175422,-1.1666878386118722,0.0,1.0,1.0,0.0,0.0,3.0,0.0,1.0,2.0
0.11699268000219652,0.49524071381483353,0.7447188826186648,0.03873366706823118,1.0,0.0,1.0,0.0,0.0,8.0,1.0,0.0,1.0
-1.2381695013217864,-1.4602865986878966,0.9725969947400257,1.0417011635007842,1.0,0.0,1.0,0.0,0.0,6.0,0.0,0.0,1.0
-0.5605884106597949,-1.439593187973582,0.7390438483754999,-0.28140089364752136,1.0,0.0,1.0,0.0,0.0,6.0,1.0,1.0,2.0
-0.6573857093257937,0.5883610620292492,1.796830493362335,0.35237573444330694,1.0,0.0,0.0,0.0,1.0,8.0,1.0,1.0,1.0
-0.1733992159957998,0.039985678099912235,0.580984748738379,-1.5542385311142588,1.0,0.0,1.0,0.0,0.0,7.0,1.0,0.0,2.0
0.31058727733419406,0.5055874191719908,-1.2170740485175422,0.09475336210752212,1.0,0.0,1.0,0.0,0.0,8.0,1.0,1.0,2.0
2.440127847986167,-0.011747848685874276,1.0660628137903883,-1.1756452632452474,1.0,0.0,1.0,0.0,0.0,7.0,1.0,0.0,1.0
0.6009791733321904,-0.022094554043031577,-1.2170740485175422,-0.4288751061809568,0.0,1.0,1.0,0.0,0.0,7.0,0.0,1.0,2.0
1.181762965328183,1.643725008459294,-1.2170740485175422,1.4728016428055464,1.0,0.0,1.0,0.0,0.0,5.0,0.0,1.0,2.0
-0.4637911119937961,0.06067908881422684,0.5051701621622112,0.9399923926656382,0.0,1.0,1.0,0.0,0.0,3.0,1.0,0.0,1.0
1.181762965328183,1.095349624529957,-1.2170740485175422,-1.339857350795158,1.0,0.0,1.0,0.0,0.0,1.0,1.0,1.0,1.0
1.7625467573241755,0.3296934281003167,1.394324072059459,-1.5766673184271793,1.0,0.0,0.0,1.0,0.0,5.0,0.0,0.0,1.0
0.6009791733321904,-1.4292464826164246,1.4297028942937868,-0.868782539719081,1.0,0.0,1.0,0.0,0.0,0.0,1.0,0.0,3.0
-0.7541830079917924,0.25726649060021556,0.052709839884976704,0.43346692930071795,0.0,1.0,1.0,0.0,0.0,3.0,1.0,1.0,1.0
-0.36699381332779735,-0.6946304022582562,0.6206654600864182,-1.4594703596896548,1.0,0.0,1.0,0.0,0.0,2.0,0.0,0.0,2.0
-0.1733992159957998,-0.1566017236860765,0.6337825165454664,-0.8241025723515212,0.0,1.0,0.0,0.0,1.0,1.0,1.0,0.0,1.0
-1.334966799987785,-0.0014011433287169732,-1.2170740485175422,0.4679804902082086,1.0,0.0,1.0,0.0,0.0,8.0,1.0,1.0,2.0
-0.8509803066577912,0.5987077673864065,-1.2170740485175422,1.0703321145617553,1.0,0.0,1.0,0.0,0.0,5.0,0.0,1.0,2.0
0.11699268000219652,0.9091089281011256,-1.2170740485175422,1.1684821299709294,1.0,0.0,0.0,0.0,1.0,8.0,1.0,0.0,1.0
0.31058727733419406,-0.9222579201157168,0.3942792889562143,-0.2272065002352088,0.0,1.0,1.0,0.0,0.0,2.0,0.0,0.0,1.0
-0.5605884106597949,-0.2186819558290203,-1.2170740485175422,-0.609780884375547,0.0,1.0,1.0,0.0,0.0,9.0,1.0,0.0,2.0
0.40738457600019284,-0.8394842772584584,-1.2170740485175422,-1.5384760174074636,1.0,0.0,1.0,0.0,0.0,9.0,0.0,1.0,2.0
0.2137899786681953,1.2608969102444738,1.8410582408999943,-0.7359836270195146,1.0,0.0,1.0,0.0,0.0,7.0,1.0,1.0,1.0
1.181762965328183,-0.38422924154353716,-1.2170740485175422,-1.6404982537464519,0.0,1.0,1.0,0.0,0.0,3.0,1.0,1.0,2.0
-1.1413722026557875,-2.2673296165461663,-0.21494800692787266,-0.799911454839142,1.0,0.0,1.0,0.0,0.0,6.0,0.0,0.0,2.0
2.440127847986167,0.3193467227431594,0.8454841367004309,-0.5882759679232842,1.0,0.0,1.0,0.0,0.0,10.0,0.0,1.0,1.0
0.020195381336197752,-1.646527295116728,-1.2170740485175422,-0.4963863909257496,0.0,1.0,1.0,0.0,0.0,7.0,0.0,1.0,2.0
0.5041818746661916,-0.22902866118617762,-1.2170740485175422,0.30814074196965835,0.0,1.0,1.0,0.0,0.0,5.0,0.0,0.0,4.0
0.2137899786681953,1.8092722941738109,1.1374062392063322,1.410350860265122,0.0,1.0,0.0,0.0,1.0,5.0,0.0,0.0,2.0
1.181762965328183,1.9437794638168557,-1.2170740485175422,-0.5350390185360256,1.0,0.0,1.0,0.0,0.0,3.0,1.0,1.0,1.0
0.7945737706641879,0.11241261560001335,-1.2170740485175422,0.5137574128849962,1.0,0.0,1.0,0.0,0.0,6.0,1.0,1.0,2.0
2.7305197439841633,0.5676676513149347,0.7646256289434061,-0.23224299675726243,0.0,1.0,0.0,1.0,0.0,1.0,1.0,1.0,2.0
-1.6253586959857813,-1.1084986165445483,-0.14834018000977295,0.1819334765159794,0.0,1.0,0.0,0.0,1.0,3.0,0.0,1.0,1.0
0.7945737706641879,0.4745473031005189,0.844615431914717,1.1862757331465705,1.0,0.0,1.0,0.0,0.0,6.0,1.0,1.0,1.0
-0.94777760532379,-0.9946848576158179,0.8525144725809674,-0.9115855410564209,0.0,1.0,1.0,0.0,0.0,4.0,1.0,1.0,1.0
-0.4637911119937961,0.20553296381442906,1.2482217196394756,0.7071442323865602,0.0,1.0,0.0,0.0,1.0,10.0,1.0,0.0,1.0
-1.0445749039897887,-1.6258338844024134,0.6272640156089924,-0.35450045769915506,0.0,1.0,1.0,0.0,0.0,9.0,0.0,1.0,2.0
-0.27019651466179856,-1.2430057861875932,0.3782387933348794,0.40493617587027586,1.0,0.0,0.0,0.0,1.0,9.0,1.0,0.0,1.0
-0.07660191732980101,-1.1602321433303349,-0.06832819323749481,-1.561841722147517,0.0,1.0,0.0,0.0,1.0,8.0,1.0,1.0,2.0
-0.6573857093257937,0.19518625845727178,-1.2170740485175422,-0.9338382866990372,1.0,0.0,0.0,0.0,1.0,3.0,1.0,0.0,2.0
-0.6573857093257937,1.1781232673872155,1.6458507590209321,-0.9151928297096805,1.0,0.0,0.0,0.0,1.0,9.0,0.0,0.0,1.0
-0.36699381332779735,0.49524071381483353,-1.2170740485175422,-0.3733310019782387,0.0,1.0,1.0,0.0,0.0,5.0,1.0,1.0,2.0
0.40738457600019284,0.9504957495297548,1.384011658900994,-0.11532871362669857,0.0,1.0,0.0,0.0,1.0,2.0,0.0,1.0,2.0
-1.2381695013217864,0.3296934281003167,-1.2170740485175422,-0.23029662299339484,1.0,0.0,1.0,0.0,0.0,7.0,1.0,0.0,2.0
-0.1733992159957998,1.1574298566729009,-1.2170740485175422,-1.7208475338569778,0.0,1.0,0.0,0.0,1.0,8.0,1.0,1.0,2.0
2.052938653322172,-2.1742092683317504,1.0433290796119152,1.2963510061308792,0.0,1.0,1.0,0.0,0.0,1.0,0.0,1.0,1.0
-0.1733992159957998,-0.6739369915439416,1.4793137501140532,0.0836215097282943,0.0,1.0,0.0,1.0,0.0,8.0,0.0,1.0,2.0
0.40738457600019284,-0.042787964757346184,0.7556370099948517,-0.22367557748438358,1.0,0.0,0.0,1.0,0.0,3.0,1.0,1.0,2.0
0.5041818746661916,1.3126304370302604,0.7740609782027487,0.7764663805580991,0.0,1.0,1.0,0.0,0.0,8.0,1.0,0.0,1.0
-1.6253586959857813,0.7021748209579796,0.6221855327092369,1.350558098201227,1.0,0.0,1.0,0.0,0.0,7.0,1.0,1.0,1.0
0.5041818746661916,-0.7670573397583573,0.6405299285875764,0.4809498210097915,1.0,0.0,0.0,0.0,1.0,8.0,0.0,1.0,1.0
0.11699268000219652,-0.09452149154313269,1.2723848622107266,0.6643975922163933,0.0,1.0,1.0,0.0,0.0,1.0,1.0,1.0,1.0
0.11699268000219652,0.8263352852438672,0.6957449269392201,0.977447867336158,1.0,0.0,1.0,0.0,0.0,7.0,1.0,1.0,1.0
-0.6573857093257937,0.07102579417138415,-1.2170740485175422,-0.338306363573363,0.0,1.0,1.0,0.0,0.0,8.0,1.0,1.0,1.0
-1.1413722026557875,-0.1255616076146046,1.2070014846547261,-0.25483878012106465,0.0,1.0,0.0,1.0,0.0,3.0,0.0,1.0,1.0
0.40738457600019284,0.46420059774336164,0.6169697674469723,1.0442368941608882,0.0,1.0,0.0,1.0,0.0,4.0,0.0,1.0,1.0
-0.27019651466179856,0.6504412941721931,0.4163129473867627,-1.7292956205351644,1.0,0.0,0.0,1.0,0.0,1.0,1.0,1.0,2.0
-0.4637911119937961,-0.20833525047186302,0.7959904692200586,0.4938271300291701,1.0,0.0,0.0,1.0,0.0,6.0,0.0,1.0,2.0
-0.36699381332779735,-1.1498854379731775,0.8373690451030185,-0.27170311985523826,0.0,1.0,0.0,1.0,0.0,7.0,0.0,1.0,1.0
-0.8509803066577912,0.4124670709575751,-1.2170740485175422,-0.874375167881414,0.0,1.0,1.0,0.0,0.0,9.0,1.0,0.0,1.0
0.9881683679961855,-1.0774585004730763,-1.2170740485175422,-0.5982592005900428,1.0,0.0,1.0,0.0,0.0,2.0,0.0,0.0,1.0
0.31058727733419406,-1.1188453219017056,0.22710280787361892,-0.2413641123113455,0.0,1.0,1.0,0.0,0.0,4.0,1.0,0.0,3.0
-0.27019651466179856,-2.1431691522602785,-1.2170740485175422,0.6764239171931545,0.0,1.0,1.0,0.0,0.0,7.0,0.0,1.0,2.0
1.181762965328183,-0.37388253618637984,0.09817602222447593,1.205340767713767,0.0,1.0,0.0,0.0,1.0,6.0,1.0,1.0,1.0
-0.8509803066577912,0.3503868388146313,-1.2170740485175422,0.7137450992060904,0.0,1.0,1.0,0.0,0.0,2.0,1.0,1.0,2.0
0.2137899786681953,0.46420059774336164,0.8328980446949752,1.5927027198878139,0.0,1.0,0.0,0.0,1.0,9.0,0.0,1.0,1.0
-1.2381695013217864,-0.311802304043436,-0.007614184280798109,-0.967851555270762,0.0,1.0,1.0,0.0,0.0,2.0,0.0,1.0,1.0
0.020195381336197752,0.7642550531009233,-0.39915119826177226,1.464083057315776,0.0,1.0,0.0,1.0,0.0,1.0,1.0,1.0,2.0
2.440127847986167,0.5883610620292492,-1.2170740485175422,0.2202500245738566,1.0,0.0,0.0,0.0,1.0,5.0,0.0,1.0,3.0
-0.07660191732980101,-0.7256705183297281,-1.2170740485175422,-0.9338292410796144,0.0,1.0,1.0,0.0,0.0,1.0,1.0,0.0,2.0
-0.07660191732980101,-1.5741003576166268,-1.2170740485175422,1.447012233922856,1.0,0.0,1.0,0.0,0.0,9.0,0.0,1.0,2.0
-0.6573857093257937,-0.311802304043436,-1.2170740485175422,1.1989060271740204,0.0,1.0,1.0,0.0,0.0,1.0,1.0,1.0,2.0
-0.07660191732980101,-0.053134670114503485,-1.2170740485175422,1.3723950932588367,1.0,0.0,1.0,0.0,0.0,2.0,0.0,0.0,2.0
0.5041818746661916,-1.1084986165445483,0.5334517756087382,-0.5328303218088983,0.0,1.0,0.0,1.0,0.0,2.0,0.0,0.0,1.0
-0.7541830079917924,-1.4706333040450539,-1.2170740485175422,-1.4698745615680102,0.0,1.0,1.0,0.0,0.0,3.0,1.0,0.0,2.0
1.2785602639941818,-1.0464183844016044,0.7282882414542272,-1.011166677830805,0.0,1.0,0.0,1.0,0.0,5.0,1.0,1.0,1.0
0.11699268000219652,-1.2326590808304358,-1.2170740485175422,1.3436401128392421,1.0,0.0,1.0,0.0,0.0,5.0,0.0,1.0,2.0
-0.36699381332779735,0.34004013345747397,0.9881145635168146,-1.0888591551443387,0.0,1.0,1.0,0.0,0.0,3.0,1.0,1.0,1.0
0.8913710693301867,0.3710802495289459,-1.2170740485175422,1.2356865594722273,0.0,1.0,1.0,0.0,0.0,4.0,1.0,1.0,2.0
0.40738457600019284,-0.36353583082922253,0.7258922301975529,-1.4107125575046326,1.0,0.0,0.0,0.0,1.0,3.0,1.0,0.0,1.0
-0.1733992159957998,-0.0014011433287169732,0.6227922114400447,1.3213948472280717,0.0,1.0,0.0,1.0,0.0,9.0,0.0,1.0,1.0
-0.4637911119937961,1.0125759816726987,-1.2170740485175422,1.2930077799830757,0.0,1.0,0.0,0.0,1.0,2.0,0.0,0.0,1.0
-0.8509803066577912,-1.3568195451163236,1.088056605680068,-1.721454112220961,0.0,1.0,1.0,0.0,0.0,3.0,1.0,1.0,2.0
-0.27019651466179856,0.12275932095717065,-1.2170740485175422,0.6347738844237756,0.0,1.0,1.0,0.0,0.0,10.0,1.0,0.0,2.0
0.6977764719981892,-0.6428968754724697,0.5068138532121605,-1.0930310991946413,1.0,0.0,1.0,0.0,0.0,10.0,1.0,0.0,2.0
0.020195381336197752,-0.49804300047226746,1.393388976623023,-0.785508219404834,1.0,0.0,0.0,0.0,1.0,5.0,1.0,0.0,2.0
-1.4317640986537838,0.5987077673864065,0.5664619144571493,1.1943160711338547,1.0,0.0,1.0,0.0,0.0,3.0,1.0,1.0,1.0
-0.7541830079917924,-0.9222579201157168,0.8282924947114985,0.7559829232837284,0.0,1.0,0.0,1.0,0.0,4.0,0.0,1.0,2.0
-1.1413722026557875,-0.9429513308300315,-1.2170740485175422,0.5577109474312217,1.0,0.0,1.0,0.0,0.0,5.0,1.0,0.0,2.0
3.2145062373141573,-1.4292464826164246,0.3728142109895943,-0.32368446768493186,0.0,1.0,0.0,0.0,1.0,3.0,1.0,1.0,1.0
-0.4637911119937961,1.8920459370310694,-1.2170740485175422,-0.8075231696291639,0.0,1.0,0.0,0.0,1.0,5.0,0.0,0.0,2.0
-0.4637911119937961,1.1470831513157436,0.2106554484823651,-0.5444146291134832,0.0,1.0,0.0,1.0,0.0,4.0,1.0,0.0,2.0
-0.07660191732980101,1.1677765620300582,0.609190808659872,-0.15245750227268098,0.0,1.0,0.0,0.0,1.0,4.0,1.0,0.0,1.0
0.11699268000219652,0.6090544727435638,-1.2170740485175422,1.0962641659045738,0.0,1.0,1.0,0.0,0.0,5.0,0.0,0.0,2.0
-0.7541830079917924,0.4538538923862043,0.4883329787322163,-0.005584127613979652,1.0,0.0,1.0,0.0,0.0,5.0,0.0,0.0,1.0
0.7945737706641879,0.5676676513149347,0.7219491399516647,0.7122557031772914,1.0,0.0,0.0,1.0,0.0,6.0,1.0,1.0,1.0
-1.1413722026557875,0.050332383457069536,1.2087572199747796,-1.4413841655165311,1.0,0.0,0.0,1.0,0.0,3.0,1.0,0.0,2.0
0.5041818746661916,0.888415517386811,-1.2170740485175422,-0.7299138424326317,0.0,1.0,1.0,0.0,0.0,7.0,0.0,0.0,2.0
-1.1413722026557875,-0.6428968754724697,-1.2170740485175422,0.7710136115883797,1.0,0.0,0.0,0.0,1.0,4.0,1.0,0.0,2.0
0.020195381336197752,0.34004013345747397,1.0290181167051433,0.3610144749462499,1.0,0.0,0.0,0.0,1.0,4.0,1.0,1.0,1.0
-1.0445749039897887,-0.30145559868627875,1.0836855931285596,-0.315464087080291,1.0,0.0,0.0,1.0,0.0,1.0,1.0,0.0,2.0
2.3433305493201684,0.6918281156008222,0.76347126753219,0.011830777225444261,0.0,1.0,0.0,1.0,0.0,7.0,1.0,1.0,1.0
-0.7541830079917924,0.17449284774295717,-1.2170740485175422,-1.0187970057223315,1.0,0.0,1.0,0.0,0.0,9.0,0.0,0.0,2.0
0.2137899786681953,-0.5911633486866832,0.7528740015091275,-1.005602404206278,0.0,1.0,0.0,1.0,0.0,2.0,1.0,1.0,2.0
-0.36699381332779735,-0.1255616076146046,-1.2170740485175422,1.2285553062369288,0.0,1.0,1.0,0.0,0.0,8.0,1.0,0.0,2.0
0.6009791733321904,0.784948463815238,0.6222982199880649,0.08384747625964338,0.0,1.0,0.0,1.0,0.0,6.0,1.0,1.0,2.0
-1.2381695013217864,1.0850029191727997,0.416829444144072,0.9498246330697248,1.0,0.0,1.0,0.0,0.0,5.0,0.0,1.0,2.0
0.020195381336197752,-0.7256705183297281,0.7364428780881471,1.0749824327161452,0.0,1.0,0.0,1.0,0.0,1.0,0.0,0.0,1.0
0.6009791733321904,2.057593222745586,0.7420913882214598,-1.6176573688871372,1.0,0.0,0.0,1.0,0.0,1.0,0.0,0.0,1.0
0.7945737706641879,-0.787750750472672,0.5176982226303533,-0.6333066269976951,0.0,1.0,0.0,1.0,0.0,9.0,1.0,1.0,2.0
-0.4637911119937961,0.29865331202884476,1.0863913738378748,-0.5798360570934222,0.0,1.0,1.0,0.0,0.0,3.0,1.0,0.0,1.0
-0.6573857093257937,-0.6325501701153124,-1.2170740485175422,-0.706408278499965,0.0,1.0,1.0,0.0,0.0,5.0,1.0,0.0,2.0
-0.1733992159957998,0.07102579417138415,1.495389771967372,-0.5129640541059101,0.0,1.0,0.0,1.0,0.0,3.0,0.0,0.0,2.0
-0.1733992159957998,1.8403124102452828,0.4460320068351136,-1.7177034852906947,1.0,0.0,0.0,1.0,0.0,3.0,0.0,0.0,1.0
-0.4637911119937961,1.436790901316148,1.4194462621421031,1.7319181079340615,1.0,0.0,0.0,1.0,0.0,2.0,1.0,0.0,1.0
-0.1733992159957998,0.3090000173860021,-0.09808052838729692,-0.4823900344112454,1.0,0.0,1.0,0.0,0.0,7.0,1.0,1.0,1.0
0.5041818746661916,0.9608424548869121,-1.2170740485175422,1.550931441027326,1.0,0.0,1.0,0.0,0.0,3.0,1.0,1.0,2.0
-1.2381695013217864,0.8159885798867099,-1.2170740485175422,-1.136204275111435,0.0,1.0,0.0,0.0,1.0,3.0,1.0,0.0,1.0
0.31058727733419406,1.0125759816726987,-0.3051778845762322,1.49052079357517,0.0,1.0,1.0,0.0,0.0,2.0,0.0,1.0,2.0
1.4721548613261792,0.8987622227439683,-1.2170740485175422,-0.7677234878943956,0.0,1.0,1.0,0.0,0.0,4.0,0.0,1.0,1.0
3.1177089386481582,-0.48769629511511015,-1.2170740485175422,-0.8758920486769207,1.0,0.0,1.0,0.0,0.0,2.0,1.0,1.0,2.0
-0.27019651466179856,0.17449284774295717,0.931965916498363,1.584719264930361,1.0,0.0,0.0,0.0,1.0,3.0,1.0,0.0,1.0
-0.6573857093257937,0.23657307988590098,-1.2170740485175422,0.708349909083081,0.0,1.0,0.0,0.0,1.0,2.0,1.0,0.0,2.0
0.40738457600019284,0.7228682316722942,0.2103786332268137,-0.9436679177898287,0.0,1.0,0.0,0.0,1.0,3.0,0.0,0.0,1.0
-0.94777760532379,0.6297478834578785,0.18751067097726887,1.1539399051151062,1.0,0.0,1.0,0.0,0.0,3.0,0.0,0.0,2.0
-1.0445749039897887,0.7021748209579796,0.4880289963580887,1.4618176515130368,0.0,1.0,0.0,1.0,0.0,3.0,1.0,1.0,2.0
-0.27019651466179856,-2.2052493844032224,-1.2170740485175422,-0.6164622919987832,1.0,0.0,1.0,0.0,0.0,4.0,1.0,0.0,2.0
0.7945737706641879,1.8196189995309682,1.0817062515248406,0.15862552457685575,1.0,0.0,0.0,1.0,0.0,8.0,1.0,0.0,2.0
-1.334966799987785,0.9815358656012267,-1.2170740485175422,-0.19361489669195966,0.0,1.0,1.0,0.0,0.0,9.0,0.0,1.0,2.0
0.020195381336197752,-1.3878596611877954,-1.2170740485175422,-1.5202412663307436,0.0,1.0,0.0,0.0,1.0,3.0,0.0,1.0,2.0
0.40738457600019284,-2.225942795117537,-1.2170740485175422,-1.1162861690509858,0.0,1.0,0.0,0.0,1.0,5.0,1.0,1.0,2.0
-0.6573857093257937,-0.053134670114503485,0.4772185729431212,-0.37829565540756954,0.0,1.0,0.0,1.0,0.0,8.0,1.0,0.0,1.0
-0.94777760532379,0.9608424548869121,0.7720258555922489,0.7253777657837429,0.0,1.0,0.0,1.0,0.0,6.0,1.0,0.0,2.0
0.31058727733419406,-0.34284242011490795,-1.2170740485175422,0.1955019056500997,1.0,0.0,1.0,0.0,0.0,2.0,0.0,0.0,4.0
0.11699268000219652,0.13310602631432794,0.8021135197914591,0.3864356227459029,0.0,1.0,1.0,0.0,0.0,7.0,1.0,0.0,1.0
-0.94777760532379,0.6297478834578785,0.43128862056165596,1.5624933082375736,0.0,1.0,1.0,0.0,0.0,3.0,1.0,1.0,1.0
0.11699268000219652,0.008945562028440329,-1.2170740485175422,0.4643928583817716,1.0,0.0,1.0,0.0,0.0,1.0,1.0,0.0,2.0
0.020195381336197752,1.364363963816047,-1.2170740485175422,0.7635560202369834,0.0,1.0,0.0,0.0,1.0,9.0,1.0,0.0,2.0
2.1497359519881707,1.064309508458485,1.139912204954759,-1.0096906762769204,0.0,1.0,1.0,0.0,0.0,5.0,1.0,1.0,1.0
-0.6573857093257937,-0.6842836969010989,1.1091043709850086,1.2459274183383142,1.0,0.0,1.0,0.0,0.0,8.0,0.0,0.0,2.0
0.5041818746661916,-1.7706877594026156,0.8664119808784024,-1.6418841470145484,0.0,1.0,0.0,1.0,0.0,10.0,1.0,0.0,1.0
-0.07660191732980101,2.057593222745586,0.07366919149040926,0.4644064268109057,0.0,1.0,1.0,0.0,0.0,7.0,0.0,0.0,1.0
-0.27019651466179856,-0.7980974558298293,0.03627051810276932,1.1691160191474004,0.0,1.0,0.0,0.0,1.0,4.0,1.0,0.0,1.0
-0.27019651466179856,0.4848940084576762,0.7322650896581097,-1.5041962509712068,1.0,0.0,0.0,1.0,0.0,7.0,1.0,1.0,1.0
-1.0445749039897887,0.008945562028440329,1.3039011310418096,1.7115847731512641,0.0,1.0,0.0,0.0,1.0,8.0,1.0,0.0,2.0
-0.7541830079917924,1.1160430352442716,0.5487661536288387,-1.0062580376602075,1.0,0.0,1.0,0.0,0.0,1.0,1.0,1.0,1.0
-0.6573857093257937,-0.46700288440079557,-1.2170740485175422,-1.1014443950288944,0.0,1.0,1.0,0.0,0.0,6.0,0.0,1.0,2.0
0.020195381336197752,0.8677221066724964,-0.24653307769239094,-1.0373751424286766,0.0,1.0,0.0,0.0,1.0,1.0,1.0,0.0,1.0
1.568952159992178,-1.2119656701161212,0.663296616963139,0.38631420270057454,1.0,0.0,1.0,0.0,0.0,8.0,1.0,0.0,3.0
0.40738457600019284,-1.0050315629729754,0.7255696005704382,-1.6046769050154954,1.0,0.0,0.0,1.0,0.0,2.0,1.0,0.0,1.0
0.9881683679961855,-0.1566017236860765,0.6090665472240178,1.0268239028178805,0.0,1.0,0.0,1.0,0.0,6.0,1.0,0.0,2.0
1.8593440559901744,1.9748195798883277,-0.1964111906889669,-0.2902687318577673,0.0,1.0,1.0,0.0,0.0,1.0,1.0,1.0,1.0
-0.7541830079917924,-0.9015645094014022,-1.2170740485175422,-0.8060805672854554,0.0,1.0,1.0,0.0,0.0,4.0,1.0,0.0,2.0
1.181762965328183,-0.6325501701153124,1.273989811985073,1.601658752887431,1.0,0.0,0.0,0.0,1.0,3.0,0.0,1.0,3.0
0.5041818746661916,1.6644184191736087,-1.2170740485175422,-0.5728636240606809,1.0,0.0,0.0,0.0,1.0,8.0,1.0,0.0,3.0
-0.6573857093257937,1.2712436156016311,-1.2170740485175422,-1.5526146684736561,0.0,1.0,0.0,0.0,1.0,9.0,1.0,0.0,2.0
2.1497359519881707,-0.7360172236868854,0.8071394367280523,-0.09012326905943406,0.0,1.0,0.0,0.0,1.0,8.0,1.0,1.0,1.0
-0.94777760532379,0.7952951691723953,-1.2170740485175422,-0.29228607894325953,1.0,0.0,0.0,0.0,1.0,1.0,1.0,1.0,1.0
2.6337224453181647,-0.6118567594009978,1.1934079587314188,-0.410377162369879,1.0,0.0,1.0,0.0,0.0,5.0,1.0,1.0,1.0
-0.94777760532379,-0.45665617904363826,0.4323880047269962,1.1028479852105764,0.0,1.0,0.0,1.0,0.0,7.0,1.0,0.0,1.0
0.8913710693301867,-1.8017278754740875,0.8606478899270054,1.0103027747591122,0.0,1.0,0.0,1.0,0.0,8.0,1.0,1.0,2.0
-1.0445749039897887,2.057593222745586,-1.2170740485175422,1.13080642925831,1.0,0.0,1.0,0.0,0.0,9.0,1.0,1.0,2.0
0.40738457600019284,0.21587966917158638,-1.2170740485175422,-0.6266805368163135,0.0,1.0,1.0,0.0,0.0,5.0,0.0,0.0,1.0
-0.4637911119937961,1.126389740601429,0.7329105096645202,-0.705097011592106,0.0,1.0,0.0,1.0,0.0,6.0,1.0,1.0,2.0
-0.8509803066577912,-0.053134670114503485,-1.2170740485175422,0.9342781705037574,0.0,1.0,1.0,0.0,0.0,7.0,1.0,0.0,2.0
-0.36699381332779735,-0.38422924154353716,-1.2170740485175422,-1.6789377874376343,1.0,0.0,1.0,0.0,0.0,1.0,1.0,1.0,2.0
-0.1733992159957998,-1.718954232616829,-1.2170740485175422,1.2240772027600102,0.0,1.0,1.0,0.0,0.0,5.0,0.0,1.0,2.0
0.6009791733321904,0.23657307988590098,1.0667646578123031,-1.0932222748820566,0.0,1.0,1.0,0.0,0.0,7.0,1.0,0.0,1.0
0.9881683679961855,-1.4809800094022112,0.7513598767170032,-0.41837018480941335,0.0,1.0,1.0,0.0,0.0,7.0,1.0,1.0,2.0
0.6977764719981892,-0.9119112147585595,0.4896588627204786,1.1009007416756103,1.0,0.0,0.0,0.0,1.0,8.0,1.0,0.0,1.0
-0.4637911119937961,0.8056418745295526,-0.360265567200584,-0.9915863908649515,1.0,0.0,0.0,0.0,1.0,9.0,1.0,1.0,2.0
-0.7541830079917924,0.10206591024285605,0.9364312905800739,1.153810657129893,1.0,0.0,1.0,0.0,0.0,3.0,1.0,1.0,1.0
-0.1733992159957998,0.8573754013153391,0.07517752920402053,-0.392894241430565,0.0,1.0,1.0,0.0,0.0,3.0,0.0,1.0,1.0
-1.4317640986537838,-0.5187364111865821,-1.2170740485175422,0.7793449749851689,0.0,1.0,0.0,0.0,1.0,7.0,0.0,0.0,2.0
-0.1733992159957998,2.057593222745586,0.8224306664340997,1.6944513262392635,0.0,1.0,1.0,0.0,0.0,4.0,1.0,0.0,1.0
-1.818953293317779,0.10206591024285605,-1.2170740485175422,0.18080520944721137,0.0,1.0,0.0,0.0,1.0,8.0,1.0,0.0,1.0
-0.07660191732980101,-0.7153238129725709,0.9688181932230422,-0.4048913420984223,1.0,0.0,1.0,0.0,0.0,9.0,1.0,1.0,4.0
0.2137899786681953,-2.0086619826172334,-0.03232854608043766,1.4941159054330526,0.0,1.0,1.0,0.0,0.0,8.0,1.0,1.0,3.0
-1.9157505919837776,0.7642550531009233,0.002845317123212231,-0.9436136440732922,0.0,1.0,0.0,1.0,0.0,0.0,0.0,0.0,1.0
0.020195381336197752,1.0332693923870133,-1.2170740485175422,-0.272818514311751,1.0,0.0,1.0,0.0,0.0,3.0,1.0,1.0,2.0
-0.27019651466179856,-1.0464183844016044,0.6135272594924817,1.3057563628798998,0.0,1.0,0.0,1.0,0.0,2.0,1.0,0.0,2.0
-1.4317640986537838,-1.956928455831447,-0.09372028623191062,-0.6164532463793605,1.0,0.0,0.0,1.0,0.0,9.0,0.0,1.0,2.0
-0.7541830079917924,0.6607879995293504,0.5867605745989836,1.4219370810661227,1.0,0.0,1.0,0.0,0.0,2.0,1.0,1.0,2.0
-1.7221559946517802,-0.9946848576158179,-1.2170740485175422,0.07032375335997794,0.0,1.0,0.0,0.0,1.0,1.0,0.0,0.0,2.0
0.6977764719981892,1.436790901316148,0.8946529240231557,1.3991483824727087,0.0,1.0,0.0,0.0,1.0,2.0,1.0,1.0,2.0
-0.27019651466179856,-1.0878052058302337,0.1599445654880351,0.6074362829860382,1.0,0.0,0.0,0.0,1.0,7.0,0.0,0.0,1.0
2.2465332506541693,-0.6118567594009978,-1.2170740485175422,0.018837131331020787,1.0,0.0,1.0,0.0,0.0,5.0,1.0,1.0,1.0
0.020195381336197752,-0.311802304043436,-1.2170740485175422,-0.7127736113060641,0.0,1.0,1.0,0.0,0.0,6.0,1.0,1.0,2.0
1.2785602639941818,1.2712436156016311,-0.3075232588959155,0.23323066239971788,1.0,0.0,1.0,0.0,0.0,2.0,1.0,0.0,1.0
0.020195381336197752,-1.3257794290448517,1.096199828909142,0.3279569108573821,1.0,0.0,0.0,1.0,0.0,1.0,1.0,1.0,1.0
0.5041818746661916,0.7746017584580807,-1.2170740485175422,-1.2720372973104543,1.0,0.0,1.0,0.0,0.0,2.0,1.0,1.0,2.0
0.40738457600019284,0.8677221066724964,0.8374499034500232,-0.46600772181977224,0.0,1.0,1.0,0.0,0.0,9.0,1.0,1.0,1.0
-1.0445749039897887,-0.7567106344012,-1.2170740485175422,-1.6162365108208874,0.0,1.0,0.0,0.0,1.0,4.0,0.0,0.0,2.0
1.665749458658177,-0.09452149154313269,0.4426095929032387,0.7513261688232102,1.0,0.0,0.0,1.0,0.0,6.0,1.0,0.0,2.0
0.31058727733419406,0.42281377631473244,-1.2170740485175422,0.789130073795725,1.0,0.0,1.0,0.0,0.0,2.0,1.0,0.0,2.0
0.5041818746661916,0.18483955310011446,0.3328677762864875,0.5523183666215072,1.0,0.0,1.0,0.0,0.0,8.0,0.0,0.0,1.0
0.020195381336197752,1.1470831513157436,0.08940924128559685,-1.411447514082731,0.0,1.0,0.0,0.0,1.0,2.0,1.0,1.0,1.0
-0.5605884106597949,0.3296934281003167,-1.2170740485175422,-0.4573995972594908,0.0,1.0,1.0,0.0,0.0,8.0,0.0,0.0,1.0
-1.0445749039897887,-0.44630947368648094,-1.2170740485175422,-1.5474804096801489,1.0,0.0,0.0,0.0,1.0,4.0,1.0,0.0,2.0
-0.07660191732980101,-0.8705243933299304,0.835390507260204,-0.9469337343098796,0.0,1.0,1.0,0.0,0.0,6.0,0.0,0.0,2.0
-0.4637911119937961,-0.6739369915439416,1.4850738222609272,-1.3881560877944756,0.0,1.0,0.0,0.0,1.0,5.0,0.0,0.0,1.0
-0.8509803066577912,0.4745473031005189,-1.2170740485175422,-1.7242846952834021,0.0,1.0,0.0,0.0,1.0,1.0,0.0,0.0,2.0
0.11699268000219652,-0.8291375719013011,0.5977675979312215,0.37476416437726445,0.0,1.0,1.0,0.0,0.0,10.0,1.0,1.0,1.0
0.11699268000219652,1.0125759816726987,1.062111685935454,-0.23527414903498098,1.0,0.0,0.0,1.0,0.0,8.0,0.0,0.0,2.0
0.6977764719981892,-0.9946848576158179,0.7182695225303111,1.3544282316804057,1.0,0.0,0.0,1.0,0.0,4.0,1.0,0.0,1.0
-1.0445749039897887,0.4331604816718897,-1.2170740485175422,1.0208774517727426,1.0,0.0,1.0,0.0,0.0,8.0,1.0,1.0,2.0
-0.6573857093257937,0.5676676513149347,0.3018165635148183,0.819168662402251,0.0,1.0,1.0,0.0,0.0,6.0,1.0,1.0,1.0
-0.07660191732980101,0.3090000173860021,1.2540481824370715,0.02541590596465257,0.0,1.0,1.0,0.0,0.0,6.0,1.0,0.0,1.0
-0.94777760532379,0.12275932095717065,0.43408635151845965,-1.3688088994829775,1.0,0.0,0.0,1.0,0.0,4.0,0.0,0.0,2.0
-0.6573857093257937,-1.067111795115919,1.555077539001049,1.5347124714481208,1.0,0.0,1.0,0.0,0.0,2.0,1.0,0.0,1.0
-1.334966799987785,-1.0567650897587617,1.8992387954853267,-1.3613410448326213,0.0,1.0,0.0,0.0,1.0,6.0,0.0,1.0,1.0
1.0849656666621843,-0.5911633486866832,0.09000740015081546,1.4613775473372763,0.0,1.0,1.0,0.0,0.0,7.0,1.0,1.0,1.0
0.2137899786681953,-0.1979885451147057,0.0991226918179382,-1.1518636339659671,1.0,0.0,0.0,1.0,0.0,3.0,1.0,1.0,1.0
-0.07660191732980101,1.0746562138156424,-1.2170740485175422,-1.3763933034605114,1.0,0.0,1.0,0.0,0.0,1.0,1.0,0.0,2.0
0.5041818746661916,-0.891217804044245,-1.2170740485175422,-0.17840538344948953,1.0,0.0,1.0,0.0,0.0,1.0,0.0,1.0,2.0
-0.94777760532379,0.5159341245291481,-1.2170740485175422,1.340924339561782,0.0,1.0,1.0,0.0,0.0,2.0,1.0,0.0,2.0
1.9561413546561732,0.49524071381483353,0.5000751217878203,1.1082894471560176,0.0,1.0,0.0,1.0,0.0,3.0,0.0,1.0,1.0
0.7945737706641879,0.18483955310011446,-0.2333263215163871,-0.7251882021011252,1.0,0.0,1.0,0.0,0.0,9.0,1.0,0.0,1.0
-0.4637911119937961,1.4471376066733053,-1.2170740485175422,-0.05434732237981111,0.0,1.0,1.0,0.0,0.0,7.0,1.0,0.0,2.0
-0.8509803066577912,0.08137249952854145,1.2610736957521802,-1.0335940735099682,1.0,0.0,0.0,1.0,0.0,8.0,1.0,0.0,1.0
0.6977764719981892,-0.49804300047226746,0.3727611627698893,-0.23776673904860687,0.0,1.0,0.0,1.0,0.0,4.0,1.0,1.0,2.0
-0.6573857093257937,1.1574298566729009,0.5265349307679342,-0.6837488278917644,1.0,0.0,0.0,1.0,0.0,1.0,1.0,0.0,2.0
-0.27019651466179856,0.5987077673864065,-1.2170740485175422,-0.9227735806486015,0.0,1.0,1.0,0.0,0.0,0.0,1.0,0.0,2.0
-1.4317640986537838,2.057593222745586,-1.2170740485175422,-1.5081620592712028,1.0,0.0,1.0,0.0,0.0,6.0,1.0,1.0,2.0
-1.0445749039897887,2.057593222745586,0.39023846138432394,1.682552335751299,0.0,1.0,1.0,0.0,0.0,8.0,1.0,0.0,1.0
-0.1733992159957998,-1.0153782683301327,-1.2170740485175422,-1.2071925567989559,0.0,1.0,1.0,0.0,0.0,1.0,1.0,0.0,1.0
-0.07660191732980101,-0.6946304022582562,0.6370665228495658,1.2833338379188874,0.0,1.0,1.0,0.0,0.0,1.0,0.0,1.0,1.0
1.9561413546561732,0.15379943702864254,-1.2170740485175422,1.4832101935393938,1.0,0.0,1.0,0.0,0.0,5.0,1.0,1.0,2.0
0.2137899786681953,2.057593222745586,-1.2170740485175422,0.5050529176870187,0.0,1.0,1.0,0.0,0.0,3.0,1.0,0.0,2.0
-0.5605884106597949,-0.6842836969010989,-1.2170740485175422,0.24916121588271292,1.0,0.0,0.0,0.0,1.0,8.0,1.0,0.0,2.0
-0.7541830079917924,-1.4913267147593685,0.940816127819142,1.157925718150364,0.0,1.0,0.0,1.0,0.0,2.0,1.0,1.0,1.0
1.665749458658177,-0.48769629511511015,-0.20863301825244857,0.43655322506607125,1.0,0.0,1.0,0.0,0.0,0.0,0.0,1.0,1.0
-0.07660191732980101,-0.6428968754724697,0.26536986454261113,-0.013076509809308941,0.0,1.0,0.0,1.0,0.0,8.0,1.0,0.0,1.0
0.11699268000219652,1.8713525263167547,0.5134061393996787,0.6050176235157714,1.0,0.0,0.0,1.0,0.0,9.0,1.0,1.0,2.0
1.3753575626601806,-0.10486819690028999,0.7736089430699901,1.0481082453196038,1.0,0.0,1.0,0.0,0.0,0.0,0.0,1.0,2.0
-1.0445749039897887,-0.9326046254728741,-1.2170740485175422,1.5921867716722777,1.0,0.0,0.0,0.0,1.0,3.0,1.0,0.0,2.0
-0.94777760532379,0.5055874191719908,-1.2170740485175422,0.9087077699836288,0.0,1.0,0.0,0.0,1.0,8.0,0.0,1.0,2.0
-0.36699381332779735,0.4538538923862043,0.06666280768483063,0.48914132521396764,1.0,0.0,0.0,0.0,1.0,7.0,1.0,1.0,2.0
-0.36699381332779735,0.039985678099912235,0.1048154088010047,-0.19240504509416723,1.0,0.0,0.0,0.0,1.0,1.0,1.0,0.0,2.0
-0.4637911119937961,1.6540717138164513,1.1829108413170724,1.5043743336753261,1.0,0.0,0.0,1.0,0.0,1.0,1.0,1.0,2.0
0.11699268000219652,-1.0464183844016044,0.6212067126795898,-0.7974019912662085,1.0,0.0,1.0,0.0,0.0,7.0,1.0,0.0,1.0
0.6977764719981892,-0.5808166433295259,-1.2170740485175422,-0.45870929857937287,0.0,1.0,1.0,0.0,0.0,10.0,1.0,0.0,1.0
1.568952159992178,-0.9946848576158179,1.1427488379393462,-0.4472175349196515,0.0,1.0,1.0,0.0,0.0,4.0,1.0,1.0,1.0
1.7625467573241755,-1.543060241545155,0.4140029385468828,-0.9791949359811063,1.0,0.0,0.0,1.0,0.0,3.0,1.0,0.0,1.0
-0.36699381332779735,1.8196189995309682,-1.2170740485175422,1.4726149899278427,1.0,0.0,0.0,0.0,1.0,0.0,0.0,1.0,2.0
-0.6573857093257937,-0.37388253618637984,-1.2170740485175422,-1.6287866119530698,0.0,1.0,1.0,0.0,0.0,4.0,1.0,1.0,2.0
-0.7541830079917924,1.8299657048881255,-1.2170740485175422,1.1202421894978594,0.0,1.0,1.0,0.0,0.0,9.0,0.0,1.0,1.0
-1.334966799987785,-0.5394298219008967,0.7181155219409857,-1.3038843139846512,0.0,1.0,1.0,0.0,0.0,6.0,1.0,1.0,1.0
0.5041818746661916,-1.0050315629729754,0.1542106959466518,-0.7268185010478557,0.0,1.0,1.0,0.0,0.0,7.0,1.0,1.0,1.0
-0.7541830079917924,-0.7567106344012,0.42402374724915104,1.5309279234450193,1.0,0.0,0.0,1.0,0.0,5.0,0.0,0.0,4.0
-0.07660191732980101,0.008945562028440329,0.7614933726980991,1.5447009227414696,1.0,0.0,0.0,0.0,1.0,6.0,1.0,1.0,2.0
1.7625467573241755,0.19518625845727178,1.6053476395152855,-0.013863130790648603,1.0,0.0,0.0,0.0,1.0,3.0,1.0,0.0,2.0
-0.6573857093257937,-1.2636991969019078,1.1539224005310218,-1.1516176626993566,0.0,1.0,1.0,0.0,0.0,9.0,1.0,0.0,1.0
-0.36699381332779735,-0.053134670114503485,0.7433430047021351,0.7476748697523746,1.0,0.0,0.0,1.0,0.0,1.0,1.0,1.0,2.0
0.020195381336197752,-0.5290831165437394,0.20521880972351061,-0.7171492557475981,1.0,0.0,0.0,1.0,0.0,7.0,1.0,0.0,2.0
-0.6573857093257937,1.7989255888166535,-1.2170740485175422,-0.9902090213536185,1.0,0.0,0.0,0.0,1.0,1.0,1.0,1.0,2.0
0.020195381336197752,1.405750785244676,1.5421850533387522,0.016224164997384508,1.0,0.0,0.0,0.0,1.0,7.0,0.0,1.0,1.0
-0.8509803066577912,-0.09452149154313269,0.671671966341468,-0.6589537413286972,0.0,1.0,1.0,0.0,0.0,8.0,0.0,0.0,1.0
-0.5605884106597949,0.3090000173860021,-1.2170740485175422,1.017243722078093,0.0,1.0,0.0,0.0,1.0,10.0,0.0,0.0,1.0
1.181762965328183,0.46420059774336164,-1.2170740485175422,-0.7799456853225036,1.0,0.0,0.0,0.0,1.0,5.0,1.0,0.0,2.0
-0.5605884106597949,1.46783101738762,-1.2170740485175422,1.3165782288396786,1.0,0.0,1.0,0.0,0.0,0.0,0.0,0.0,1.0
0.11699268000219652,0.22622637452874367,0.7381421893926964,-1.6803993507912864,0.0,1.0,0.0,0.0,1.0,1.0,1.0,1.0,1.0
-1.0445749039897887,-1.6879141165453573,1.021339306526759,0.12073812157890025,1.0,0.0,0.0,1.0,0.0,7.0,1.0,0.0,2.0
-0.36699381332779735,-0.2186819558290203,-1.2170740485175422,1.5128368585537455,0.0,1.0,0.0,0.0,1.0,1.0,0.0,0.0,2.0
0.31058727733419406,-0.40492265225785173,1.0644350372063507,-0.98875076313014,0.0,1.0,0.0,1.0,0.0,5.0,1.0,1.0,1.0
0.40738457600019284,0.2779599013145302,0.4280346749153895,-0.3515453234154317,0.0,1.0,1.0,0.0,0.0,5.0,1.0,1.0,1.0
0.6977764719981892,-1.1395387326160202,-1.2170740485175422,-0.2853200822166462,0.0,1.0,1.0,0.0,0.0,6.0,1.0,1.0,2.0
-1.2381695013217864,-1.1809255540446495,0.49329298727463083,0.06444201328455627,0.0,1.0,1.0,0.0,0.0,7.0,0.0,0.0,1.0
0.2137899786681953,0.09171920488569875,0.8711162327009666,-1.2843577788726752,0.0,1.0,0.0,1.0,0.0,1.0,1.0,0.0,1.0
-0.36699381332779735,-1.0464183844016044,0.870256851541746,1.695474524959352,0.0,1.0,0.0,1.0,0.0,9.0,1.0,0.0,2.0
0.40738457600019284,0.7332149370294515,-1.2170740485175422,-0.9619411127490953,0.0,1.0,0.0,0.0,1.0,1.0,1.0,0.0,1.0
-1.1413722026557875,-0.1255616076146046,-1.2170740485175422,-0.2943253442604299,1.0,0.0,0.0,0.0,1.0,2.0,1.0,1.0,1.0
-0.4637911119937961,-1.5016734201165258,0.23464063838933272,1.0328809887467278,1.0,0.0,1.0,0.0,0.0,4.0,1.0,1.0,1.0
-0.27019651466179856,0.4538538923862043,-1.2170740485175422,1.1809899602277325,1.0,0.0,1.0,0.0,0.0,2.0,0.0,1.0,2.0
-0.27019651466179856,-1.4913267147593685,0.6832469271289109,0.33488515951832754,0.0,1.0,0.0,1.0,0.0,9.0,1.0,0.0,3.0
0.5041818746661916,-0.6946304022582562,0.32087019801539507,0.1166569816312644,1.0,0.0,1.0,0.0,0.0,5.0,1.0,1.0,2.0
-0.1733992159957998,0.7228682316722942,0.3656854947743324,-0.1572029733852298,0.0,1.0,0.0,1.0,0.0,4.0,0.0,0.0,1.0
-0.5605884106597949,-2.06039550940302,0.9000091866915484,0.9004778218969064,1.0,0.0,1.0,0.0,0.0,6.0,1.0,0.0,2.0
-0.7541830079917924,0.15379943702864254,0.7635870091024552,0.21393966130117248,0.0,1.0,0.0,1.0,0.0,3.0,1.0,1.0,2.0
0.2137899786681953,-0.6015100540438405,-1.2170740485175422,-0.6034129422561527,1.0,0.0,1.0,0.0,0.0,6.0,1.0,0.0,1.0
-0.6573857093257937,1.3850573745303616,0.7841785597179333,-0.8223668571476718,1.0,0.0,0.0,1.0,0.0,3.0,0.0,1.0,2.0
0.020195381336197752,1.0022292763155414,1.3127077785215577,-0.03695468368050496,1.0,0.0,1.0,0.0,0.0,3.0,0.0,1.0,1.0
0.8913710693301867,0.7332149370294515,1.0063176582281217,-1.6766762086277278,1.0,0.0,0.0,1.0,0.0,10.0,1.0,1.0,1.0
1.0849656666621843,-0.03244125940018888,0.4312076014624703,1.5600996981749389,1.0,0.0,1.0,0.0,0.0,9.0,1.0,1.0,1.0
-0.94777760532379,0.9091089281011256,-1.2170740485175422,1.1241980824073343,0.0,1.0,1.0,0.0,0.0,1.0,1.0,1.0,2.0
-0.5605884106597949,-2.319063143331953,-1.2170740485175422,-1.4960017895452966,0.0,1.0,1.0,0.0,0.0,8.0,1.0,1.0,1.0
2.052938653322172,0.9401490441725975,-1.2170740485175422,-1.508131443328541,1.0,0.0,1.0,0.0,0.0,4.0,1.0,1.0,1.0
-0.94777760532379,-0.7670573397583573,-1.2170740485175422,-0.7721052207336181,0.0,1.0,1.0,0.0,0.0,7.0,1.0,1.0,2.0
-0.1733992159957998,-0.08417478618597539,-1.2170740485175422,0.74097676252405,0.0,1.0,1.0,0.0,0.0,6.0,0.0,0.0,2.0
-0.36699381332779735,0.29865331202884476,-1.2170740485175422,0.7639263687706572,0.0,1.0,0.0,0.0,1.0,9.0,0.0,0.0,2.0
-0.94777760532379,1.2195100888158448,0.7723550760587817,-0.26068833866584734,0.0,1.0,1.0,0.0,0.0,2.0,1.0,0.0,2.0
-0.8509803066577912,0.19518625845727178,0.9281049706169271,-1.6822023862781474,0.0,1.0,0.0,0.0,1.0,3.0,0.0,0.0,1.0
-0.5605884106597949,-0.1462550183289192,-1.2170740485175422,0.6973560024000502,0.0,1.0,1.0,0.0,0.0,5.0,1.0,0.0,2.0
-0.1733992159957998,0.9091089281011256,-1.2170740485175422,1.5951325124281392,1.0,0.0,1.0,0.0,0.0,8.0,1.0,0.0,2.0
0.020195381336197752,-0.45665617904363826,0.14077824370863032,0.3842079650088318,0.0,1.0,0.0,1.0,0.0,2.0,1.0,1.0,2.0
-0.94777760532379,0.029638972742754933,0.9202007858808873,0.8150864787292973,0.0,1.0,1.0,0.0,0.0,4.0,1.0,1.0,1.0
0.11699268000219652,-0.46700288440079557,1.1099418898476234,1.161970501666089,0.0,1.0,0.0,1.0,0.0,1.0,1.0,1.0,2.0
-0.07660191732980101,-0.03244125940018888,0.11230276313190858,-0.43509466535097413,0.0,1.0,1.0,0.0,0.0,10.0,1.0,0.0,1.0
-0.07660191732980101,-1.4188997772592673,0.5870537865769893,-1.4462828902966076,0.0,1.0,1.0,0.0,0.0,4.0,1.0,0.0,1.0
0.7945737706641879,1.1988166781015301,-1.2170740485175422,-0.8993000242923536,0.0,1.0,0.0,0.0,1.0,2.0,1.0,0.0,1.0
0.2137899786681953,-0.9636447415443461,-1.2170740485175422,0.7606426349659806,1.0,0.0,1.0,0.0,0.0,6.0,1.0,1.0,1.0
-0.36699381332779735,0.9711891602440694,0.3626430989981619,0.587247504159785,0.0,1.0,0.0,1.0,0.0,4.0,1.0,0.0,1.0
2.3433305493201684,2.057593222745586,1.513021553427675,1.4655394020428383,0.0,1.0,1.0,0.0,0.0,8.0,0.0,0.0,1.0
-0.07660191732980101,-1.1705788486874922,0.2097454303861535,-1.246078283063587,1.0,0.0,1.0,0.0,0.0,8.0,0.0,0.0,2.0
0.9881683679961855,-1.3464728397591663,0.8397271188449947,1.4421926583127287,1.0,0.0,0.0,1.0,0.0,2.0,1.0,1.0,1.0
-0.1733992159957998,0.9091089281011256,0.4701882370625848,-0.33007589362398115,0.0,1.0,1.0,0.0,0.0,7.0,0.0,1.0,1.0
-1.0445749039897887,-1.853461402259874,-1.2170740485175422,-1.70574152337521,1.0,0.0,0.0,0.0,1.0,4.0,1.0,0.0,2.0
-0.36699381332779735,-1.7706877594026156,1.4464756160992311,1.706941239211441,0.0,1.0,1.0,0.0,0.0,2.0,1.0,1.0,1.0
-0.8509803066577912,-0.24972207190049223,0.06687001724604184,0.5213094613776718,1.0,0.0,0.0,1.0,0.0,4.0,1.0,0.0,2.0
0.11699268000219652,-0.8808710986870877,0.3422439687432501,0.9502652591081446,1.0,0.0,0.0,1.0,0.0,2.0,1.0,0.0,2.0
1.8593440559901744,-1.4499398933307392,1.1800192310866087,1.091403015235946,0.0,1.0,1.0,0.0,0.0,0.0,1.0,1.0,1.0
3.4081008346461545,-0.35318912547206527,-1.2170740485175422,-0.7986014056108207,0.0,1.0,1.0,0.0,0.0,10.0,1.0,1.0,2.0
-1.7221559946517802,0.9401490441725975,0.6202024938053566,-1.1887734142493873,1.0,0.0,0.0,1.0,0.0,1.0,1.0,0.0,1.0
-0.5605884106597949,-0.7153238129725709,-1.2170740485175422,-0.46772395415101886,0.0,1.0,0.0,0.0,1.0,6.0,0.0,1.0,2.0
-1.4317640986537838,0.3193467227431594,-0.2858397187154197,-0.8127905034007171,0.0,1.0,0.0,1.0,0.0,9.0,0.0,0.0,2.0
0.40738457600019284,0.8987622227439683,0.730471577575539,-0.6208772500939623,0.0,1.0,0.0,1.0,0.0,9.0,1.0,0.0,2.0
0.020195381336197752,-1.1084986165445483,1.0721403714945874,0.8137362460762327,0.0,1.0,0.0,1.0,0.0,4.0,1.0,0.0,2.0
0.020195381336197752,-1.0050315629729754,-1.2170740485175422,-1.4171486896781367,1.0,0.0,1.0,0.0,0.0,10.0,1.0,1.0,2.0
-0.27019651466179856,0.23657307988590098,0.4027073650498861,1.4316113710387504,1.0,0.0,0.0,1.0,0.0,6.0,1.0,0.0,1.0
-0.94777760532379,1.881699231673912,0.3335776579174486,-0.8849488011697263,0.0,1.0,0.0,1.0,0.0,1.0,0.0,1.0,2.0
0.020195381336197752,-0.6015100540438405,1.216580224859453,-1.262630896836116,1.0,0.0,0.0,1.0,0.0,8.0,1.0,0.0,1.0
0.40738457600019284,-1.2636991969019078,0.28782919474824686,-0.02626763224096886,0.0,1.0,1.0,0.0,0.0,6.0,0.0,0.0,2.0
-0.36699381332779735,1.1470831513157436,0.7014982474944952,-0.9175130310916151,1.0,0.0,0.0,0.0,1.0,3.0,1.0,1.0,3.0
-0.36699381332779735,-1.201618964758964,0.6957148662813872,0.6206343635864848,0.0,1.0,0.0,0.0,1.0,8.0,1.0,1.0,1.0
-0.4637911119937961,-1.2119656701161212,0.7368941094600013,-0.516290754602845,1.0,0.0,1.0,0.0,0.0,7.0,1.0,1.0,2.0
-0.4637911119937961,1.126389740601429,-0.28465658266381794,-0.1654755402557711,1.0,0.0,0.0,1.0,0.0,6.0,1.0,0.0,1.0
-1.7221559946517802,-0.26006877725764954,-1.2170740485175422,-0.5849464841588348,0.0,1.0,1.0,0.0,0.0,1.0,1.0,0.0,2.0
-1.1413722026557875,-0.7049771076154135,-1.2170740485175422,-0.8449513334871954,0.0,1.0,1.0,0.0,0.0,7.0,1.0,0.0,2.0
-0.1733992159957998,0.4124670709575751,1.184646804118872,0.8098074900250262,0.0,1.0,1.0,0.0,0.0,9.0,1.0,1.0,1.0
0.9881683679961855,-0.03244125940018888,-1.2170740485175422,0.8712973494560035,0.0,1.0,0.0,0.0,1.0,5.0,1.0,0.0,1.0
-0.1733992159957998,0.5159341245291481,0.874175185951772,0.35091086595948084,0.0,1.0,1.0,0.0,0.0,8.0,1.0,1.0,1.0
-0.94777760532379,-0.29110889332912143,-1.2170740485175422,-1.0520165211897103,1.0,0.0,1.0,0.0,0.0,1.0,0.0,0.0,2.0
0.31058727733419406,-1.2636991969019078,1.3147551182978074,-0.3058475499085932,0.0,1.0,1.0,0.0,0.0,1.0,1.0,1.0,1.0
-0.4637911119937961,0.9711891602440694,0.9200382654259728,-1.1838588596353212,0.0,1.0,0.0,0.0,1.0,7.0,1.0,1.0,1.0
-0.6573857093257937,0.23657307988590098,0.16150337938645629,-0.07615178799834255,1.0,0.0,1.0,0.0,0.0,7.0,1.0,1.0,1.0
-1.4317640986537838,-0.0014011433287169732,-0.570453223315605,1.365238616661686,1.0,0.0,0.0,1.0,0.0,7.0,1.0,1.0,1.0
0.5041818746661916,0.3090000173860021,0.2476316651385364,-1.3159610856851165,1.0,0.0,0.0,1.0,0.0,4.0,0.0,0.0,2.0
-0.4637911119937961,-1.129192027258863,0.40838866862810713,1.67929069413252,0.0,1.0,1.0,0.0,0.0,8.0,1.0,0.0,1.0
1.8593440559901744,-2.2466362058318516,0.8052049449828113,-0.6778455174931041,1.0,0.0,0.0,1.0,0.0,9.0,1.0,0.0,2.0
-0.5605884106597949,-1.4499398933307392,-1.2170740485175422,0.5667083815351202,1.0,0.0,1.0,0.0,0.0,3.0,1.0,0.0,2.0
-0.6573857093257937,-1.8120745808312448,0.5812916246517632,0.21351434323408378,1.0,0.0,1.0,0.0,0.0,6.0,0.0,0.0,1.0
-0.94777760532379,-1.4913267147593685,0.21923816817408606,1.4049932442535604,1.0,0.0,1.0,0.0,0.0,4.0,0.0,0.0,2.0
-0.4637911119937961,-0.35318912547206527,-0.22543676522881106,0.1062261647572995,0.0,1.0,1.0,0.0,0.0,1.0,1.0,0.0,2.0
-1.0445749039897887,-1.3154327236876944,-1.2170740485175422,0.8217950232108017,1.0,0.0,1.0,0.0,0.0,7.0,0.0,1.0,2.0
-1.2381695013217864,-0.26006877725764954,-1.2170740485175422,1.5927599508260843,0.0,1.0,0.0,0.0,1.0,8.0,0.0,0.0,2.0
-0.4637911119937961,2.057593222745586,1.9855778273465985,-0.5523464196676945,0.0,1.0,0.0,0.0,1.0,8.0,0.0,0.0,1.0
0.5041818746661916,-2.2776763219033236,1.0148687097402005,-1.0814800171460133,1.0,0.0,0.0,1.0,0.0,2.0,1.0,0.0,1.0
-0.36699381332779735,-2.463917018332155,-1.2170740485175422,-0.676435792496913,0.0,1.0,0.0,0.0,1.0,2.0,1.0,1.0,2.0
0.40738457600019284,1.4264441959589906,0.6580083524672775,-0.6902954209947578,1.0,0.0,0.0,1.0,0.0,9.0,1.0,1.0,2.0
0.6977764719981892,0.3917736602432605,-0.3809042182050728,-0.46732873016393267,1.0,0.0,1.0,0.0,0.0,7.0,1.0,1.0,2.0
0.6009791733321904,-1.0567650897587617,1.093481509529715,-0.06008920326261938,1.0,0.0,0.0,1.0,0.0,3.0,1.0,1.0,2.0
-0.1733992159957998,1.6023381870306648,0.9979974468478496,-0.42839133949605956,1.0,0.0,0.0,0.0,1.0,2.0,0.0,1.0,2.0
-1.6253586959857813,-0.20833525047186302,1.0194697586626114,-0.6281692370282339,1.0,0.0,0.0,1.0,0.0,6.0,1.0,1.0,1.0
0.7945737706641879,0.23657307988590098,0.5013979514846452,-1.7009155114589551,0.0,1.0,0.0,1.0,0.0,6.0,1.0,1.0,1.0
-0.07660191732980101,1.0746562138156424,0.5688330091257804,-1.3933004359327235,0.0,1.0,0.0,1.0,0.0,4.0,1.0,1.0,1.0
0.6009791733321904,-0.0014011433287169732,-1.2170740485175422,1.6203925786203792,0.0,1.0,0.0,0.0,1.0,4.0,0.0,0.0,2.0
0.5041818746661916,1.095349624529957,1.0472194431424604,1.0241799726331435,0.0,1.0,0.0,0.0,1.0,5.0,1.0,0.0,2.0
-0.6573857093257937,0.4538538923862043,-1.2170740485175422,-1.0667725357815054,0.0,1.0,0.0,0.0,1.0,9.0,0.0,1.0,3.0
-0.7541830079917924,0.06067908881422684,0.7950130959600397,-0.018061689836560507,0.0,1.0,0.0,0.0,1.0,3.0,0.0,0.0,1.0
2.1497359519881707,-1.2947393129733797,0.934518018122715,-0.9511449920138272,0.0,1.0,0.0,1.0,0.0,6.0,1.0,1.0,2.0
-0.4637911119937961,2.057593222745586,-1.2170740485175422,-0.8339304639001159,1.0,0.0,1.0,0.0,0.0,2.0,0.0,0.0,2.0
-0.5605884106597949,-1.2533524915447505,-0.007537987747039981,0.031937623614233454,0.0,1.0,0.0,1.0,0.0,9.0,0.0,1.0,1.0
0.5041818746661916,-0.9429513308300315,1.0856200848738007,-0.02082964937992097,1.0,0.0,1.0,0.0,0.0,5.0,1.0,0.0,1.0
-0.1733992159957998,1.0332693923870133,1.7345555807288646,-0.8719238050178495,1.0,0.0,1.0,0.0,0.0,9.0,0.0,0.0,2.0
-1.0445749039897887,-0.45665617904363826,0.9681284056146967,0.18615621519842518,0.0,1.0,0.0,0.0,1.0,1.0,1.0,1.0,2.0
-0.94777760532379,-0.7670573397583573,-1.2170740485175422,1.2014273196338914,0.0,1.0,0.0,0.0,1.0,2.0,1.0,1.0,1.0
-1.0445749039897887,-0.7670573397583573,-1.2170740485175422,0.7552347461849352,0.0,1.0,0.0,0.0,1.0,7.0,1.0,0.0,1.0
-0.07660191732980101,1.0436160977441706,0.4169477577492322,1.2549535548884583,1.0,0.0,0.0,1.0,0.0,10.0,1.0,0.0,2.0
0.020195381336197752,-0.5497765272580539,-1.2170740485175422,-0.2914643192095468,1.0,0.0,0.0,0.0,1.0,5.0,1.0,1.0,2.0
0.6977764719981892,0.5055874191719908,0.32410308512596053,-0.027583595912759013,0.0,1.0,1.0,0.0,0.0,5.0,1.0,0.0,1.0
-0.94777760532379,1.0125759816726987,0.9861800717715731,0.05422202892482942,1.0,0.0,0.0,1.0,0.0,7.0,1.0,0.0,3.0
0.31058727733419406,-0.5601232326152112,-0.17636250018846963,0.12146229299537883,1.0,0.0,1.0,0.0,0.0,4.0,1.0,1.0,1.0
0.31058727733419406,-0.37388253618637984,-1.2170740485175422,0.3559520592454656,0.0,1.0,0.0,0.0,1.0,4.0,0.0,1.0,3.0
0.2137899786681953,-0.6118567594009978,1.0131203690204695,-0.17113531474689594,1.0,0.0,0.0,0.0,1.0,2.0,1.0,0.0,1.0
0.6009791733321904,1.4988711334590918,0.5468631693110587,0.41790828993937357,1.0,0.0,1.0,0.0,0.0,2.0,1.0,1.0,1.0
-0.1733992159957998,1.1884699727443728,0.3849842763508185,0.8322333201162122,0.0,1.0,0.0,1.0,0.0,2.0,0.0,1.0,2.0
-0.5605884106597949,-1.067111795115919,0.40787908421457764,-0.9934323930440706,1.0,0.0,0.0,1.0,0.0,0.0,1.0,0.0,1.0
1.4721548613261792,0.42281377631473244,-1.2170740485175422,-0.19373022833959977,0.0,1.0,1.0,0.0,0.0,5.0,1.0,1.0,2.0
0.2137899786681953,1.5609513656020357,-1.2170740485175422,-0.913897044727372,0.0,1.0,0.0,0.0,1.0,6.0,1.0,0.0,2.0
-0.6573857093257937,-0.9946848576158179,-1.2170740485175422,1.195887747508557,0.0,1.0,0.0,0.0,1.0,10.0,0.0,1.0,2.0
0.9881683679961855,-1.0567650897587617,0.7895819227753366,-0.10971869004239881,1.0,0.0,0.0,1.0,0.0,6.0,0.0,1.0,1.0
-1.4317640986537838,-0.07382808082881809,0.27407202310475864,-1.1126449593248908,1.0,0.0,1.0,0.0,0.0,8.0,1.0,0.0,1.0
-0.7541830079917924,-1.6982608219025146,-1.2170740485175422,1.024441425825305,1.0,0.0,0.0,0.0,1.0,1.0,1.0,0.0,2.0
-1.334966799987785,0.5573209459577774,0.35097168690216446,-0.6953218281720707,0.0,1.0,1.0,0.0,0.0,0.0,0.0,1.0,1.0
0.31058727733419406,-0.6118567594009978,1.149990402185617,-0.6407720462889761,0.0,1.0,1.0,0.0,0.0,1.0,1.0,1.0,2.0
0.31058727733419406,0.3296934281003167,1.1666226265849335,-0.9596369151553703,1.0,0.0,1.0,0.0,0.0,4.0,1.0,1.0,1.0
0.11699268000219652,1.5609513656020357,-1.2170740485175422,1.3078747773670192,0.0,1.0,0.0,0.0,1.0,5.0,1.0,1.0,2.0
1.665749458658177,0.4745473031005189,0.5640927488146892,-0.8633066348381455,0.0,1.0,0.0,0.0,1.0,5.0,1.0,1.0,1.0
-0.94777760532379,1.8092722941738109,0.871708765239853,1.5715344048506088,1.0,0.0,0.0,0.0,1.0,4.0,0.0,1.0,1.0
0.2137899786681953,1.2608969102444738,-1.2170740485175422,-1.3035045719231155,0.0,1.0,1.0,0.0,0.0,4.0,1.0,1.0,2.0
0.020195381336197752,-0.7670573397583573,-1.2170740485175422,-0.14772664331458452,1.0,0.0,0.0,0.0,1.0,4.0,1.0,0.0,2.0
0.020195381336197752,-0.9739914469015034,1.1331229973456087,1.3583380267216685,0.0,1.0,1.0,0.0,0.0,8.0,1.0,0.0,1.0
-0.36699381332779735,-0.8291375719013011,-1.2170740485175422,-0.2659683710954365,1.0,0.0,1.0,0.0,0.0,8.0,0.0,0.0,2.0
0.6977764719981892,0.5573209459577774,-1.2170740485175422,0.302935335900307,0.0,1.0,0.0,0.0,1.0,7.0,1.0,0.0,2.0
-0.07660191732980101,-0.891217804044245,0.8187740365746182,1.1906271979515708,1.0,0.0,1.0,0.0,0.0,5.0,1.0,1.0,1.0
-0.7541830079917924,1.6023381870306648,-1.2170740485175422,0.701203695784891,0.0,1.0,1.0,0.0,0.0,9.0,0.0,1.0,2.0
-1.334966799987785,1.705805240602238,1.1999209940937414,-1.1148352169047333,1.0,0.0,0.0,1.0,0.0,2.0,1.0,1.0,2.0
0.5041818746661916,0.5883610620292492,1.3853078037357855,-0.26073060954122684,1.0,0.0,1.0,0.0,0.0,2.0,1.0,0.0,2.0
2.052938653322172,-0.18764183975754842,-0.10201252673270154,-1.5581157967164434,1.0,0.0,1.0,0.0,0.0,8.0,1.0,1.0,1.0
-1.2381695013217864,-0.5601232326152112,-1.2170740485175422,0.18081686437992914,1.0,0.0,0.0,0.0,1.0,7.0,1.0,0.0,2.0
0.5041818746661916,0.8677221066724964,0.7229094734805056,-0.4352743600598914,0.0,1.0,1.0,0.0,0.0,9.0,1.0,0.0,1.0
0.5041818746661916,-0.36353583082922253,0.42286150898106967,1.363395397750082,0.0,1.0,1.0,0.0,0.0,5.0,0.0,1.0,1.0
2.1497359519881707,-1.3257794290448517,-0.15207943649024946,-1.356836500314313,0.0,1.0,1.0,0.0,0.0,8.0,1.0,1.0,1.0
-2.0125478906497762,-0.053134670114503485,-1.2170740485175422,-0.8186901607607645,0.0,1.0,1.0,0.0,0.0,10.0,0.0,1.0,2.0
0.6977764719981892,0.4538538923862043,-1.2170740485175422,0.65543390523111,0.0,1.0,1.0,0.0,0.0,4.0,1.0,1.0,2.0
-0.36699381332779735,1.9748195798883277,0.7111176580009959,-0.8983121382788578,1.0,0.0,0.0,1.0,0.0,9.0,1.0,0.0,1.0
-0.27019651466179856,-0.7360172236868854,-0.01183634031277063,-1.5266052075030851,1.0,0.0,0.0,1.0,0.0,3.0,1.0,1.0,1.0
0.40738457600019284,-1.3464728397591663,-1.2170740485175422,-0.11617708835602049,0.0,1.0,1.0,0.0,0.0,8.0,1.0,1.0,1.0
-0.6573857093257937,-1.6051404736880988,0.83807555093818,-0.5808242910153573,0.0,1.0,1.0,0.0,0.0,4.0,1.0,0.0,1.0
-0.36699381332779735,-0.5601232326152112,-1.2170740485175422,-0.4640629136438816,0.0,1.0,0.0,0.0,1.0,9.0,0.0,1.0,3.0
-0.7541830079917924,0.18483955310011446,0.5994362055692142,-1.0331292678350148,1.0,0.0,1.0,0.0,0.0,6.0,1.0,0.0,1.0
0.40738457600019284,-0.6015100540438405,-1.2170740485175422,-0.8068113489622816,0.0,1.0,0.0,0.0,1.0,10.0,0.0,0.0,2.0
-0.07660191732980101,0.20553296381442906,0.272695823683867,-1.673633053508852,0.0,1.0,0.0,0.0,1.0,0.0,1.0,0.0,2.0
-1.2381695013217864,-0.5083897058294248,0.6102635079631787,1.7047942962322962,1.0,0.0,0.0,1.0,0.0,8.0,1.0,0.0,1.0
-0.07660191732980101,0.029638972742754933,-1.2170740485175422,-0.1948157026703293,0.0,1.0,1.0,0.0,0.0,8.0,1.0,0.0,2.0
-0.07660191732980101,1.5816447763163501,0.7794233494540163,-0.4377841715412643,1.0,0.0,0.0,0.0,1.0,3.0,1.0,0.0,1.0
0.5041818746661916,0.2883066066716875,0.6917413938733045,-1.7097922213344041,1.0,0.0,1.0,0.0,0.0,3.0,1.0,0.0,2.0
-1.2381695013217864,-0.2704154826148068,0.8804839052921399,0.39925691850654826,0.0,1.0,0.0,1.0,0.0,3.0,1.0,0.0,1.0
0.2137899786681953,0.3710802495289459,0.9421204710151603,1.7083318292434686,0.0,1.0,0.0,1.0,0.0,10.0,1.0,1.0,2.0
-1.2381695013217864,1.2091633834586875,-0.395369020948989,-0.5114932711786155,1.0,0.0,1.0,0.0,0.0,5.0,1.0,1.0,1.0
0.7945737706641879,-0.3945759469006945,1.1304662460514752,-0.3950944144009284,0.0,1.0,1.0,0.0,0.0,6.0,1.0,1.0,1.0
-0.6573857093257937,0.3090000173860021,1.1762762773059712,-0.15466828645044445,0.0,1.0,1.0,0.0,0.0,3.0,1.0,1.0,2.0
1.0849656666621843,0.06067908881422684,-1.2170740485175422,-1.0904708409895647,0.0,1.0,1.0,0.0,0.0,9.0,0.0,0.0,2.0
0.6977764719981892,0.12275932095717065,-1.2170740485175422,1.329313069353149,0.0,1.0,1.0,0.0,0.0,3.0,0.0,1.0,2.0
0.8913710693301867,-1.1084986165445483,0.04185070855918917,0.06706350337495613,0.0,1.0,1.0,0.0,0.0,10.0,1.0,1.0,3.0
-1.2381695013217864,-0.0014011433287169732,1.1465829382065682,0.7289476542797739,0.0,1.0,0.0,1.0,0.0,5.0,0.0,0.0,1.0
-0.27019651466179856,0.9815358656012267,-1.2170740485175422,-1.4511631759293993,0.0,1.0,0.0,0.0,1.0,2.0,1.0,1.0,2.0
-1.1413722026557875,-0.7049771076154135,0.7988640752062585,0.19005766043714376,1.0,0.0,1.0,0.0,0.0,1.0,1.0,1.0,1.0
-1.1413722026557875,0.8159885798867099,-1.2170740485175422,0.2822100822605971,0.0,1.0,1.0,0.0,0.0,5.0,1.0,1.0,2.0
0.020195381336197752,-1.2843926076162224,-1.2170740485175422,1.1711359755461876,0.0,1.0,1.0,0.0,0.0,4.0,1.0,0.0,2.0
0.11699268000219652,-1.5016734201165258,-1.2170740485175422,0.7738682003331345,1.0,0.0,1.0,0.0,0.0,3.0,1.0,1.0,1.0
-1.5285613973197827,1.302283731673103,-1.2170740485175422,1.102292027524517,0.0,1.0,1.0,0.0,0.0,6.0,1.0,1.0,2.0
-1.818953293317779,0.09171920488569875,1.4785078994310805,-0.7293690178166309,1.0,0.0,1.0,0.0,0.0,6.0,1.0,0.0,1.0
-1.6253586959857813,-1.0774585004730763,1.05414770138811,0.31805961157513957,1.0,0.0,0.0,0.0,1.0,7.0,1.0,0.0,1.0
-0.4637911119937961,-0.1462550183289192,-1.2170740485175422,-1.2838101709891594,1.0,0.0,0.0,0.0,1.0,9.0,0.0,0.0,2.0
-0.36699381332779735,-1.305086018330537,1.4411042427258316,-0.0890671929918285,0.0,1.0,1.0,0.0,0.0,7.0,0.0,1.0,1.0
-1.2381695013217864,1.2712436156016311,-1.2170740485175422,-0.6113205531738302,1.0,0.0,1.0,0.0,0.0,5.0,1.0,1.0,2.0
-1.2381695013217864,-0.7670573397583573,1.6849932720672376,0.4104611358411579,1.0,0.0,1.0,0.0,0.0,1.0,0.0,0.0,1.0
0.11699268000219652,-1.3464728397591663,0.9451196244546621,-1.4225390090829955,1.0,0.0,0.0,1.0,0.0,9.0,1.0,0.0,1.0
-0.6573857093257937,-1.1084986165445483,0.5629089697543639,-1.4838133392358042,1.0,0.0,1.0,0.0,0.0,9.0,1.0,1.0,1.0
-0.6573857093257937,1.5506046602448784,-0.008691223892989867,-1.077823673402807,1.0,0.0,1.0,0.0,0.0,4.0,1.0,1.0,1.0
0.31058727733419406,-0.10486819690028999,0.9154249993378115,-1.1218568789816405,0.0,1.0,0.0,0.0,1.0,9.0,1.0,0.0,1.0
0.020195381336197752,-1.0464183844016044,0.6495833306650433,1.6661237513373943,0.0,1.0,0.0,0.0,1.0,2.0,1.0,1.0,2.0
-1.2381695013217864,-0.5808166433295259,0.6886064048409217,0.8929676963711706,1.0,0.0,0.0,1.0,0.0,8.0,1.0,1.0,1.0
0.6977764719981892,0.7228682316722942,1.0002352779584949,-0.5546029538052303,1.0,0.0,0.0,0.0,1.0,7.0,1.0,1.0,1.0
-0.94777760532379,1.46783101738762,0.3369904267184682,1.6049358764317607,0.0,1.0,0.0,0.0,1.0,8.0,0.0,0.0,2.0
3.4081008346461545,-0.5187364111865821,-1.2170740485175422,-0.8402703993901435,0.0,1.0,1.0,0.0,0.0,2.0,0.0,1.0,2.0
0.11699268000219652,0.2883066066716875,-1.2170740485175422,-1.4431503227088225,0.0,1.0,1.0,0.0,0.0,1.0,1.0,1.0,1.0
-0.94777760532379,-0.1152149022574473,-1.2170740485175422,-0.9559555220045319,1.0,0.0,1.0,0.0,0.0,4.0,1.0,0.0,2.0
0.11699268000219652,1.4988711334590918,0.6030968542332187,-0.9296739966344,0.0,1.0,0.0,1.0,0.0,2.0,1.0,1.0,2.0
0.31058727733419406,-1.0878052058302337,1.018514729955741,-0.22463910990712577,0.0,1.0,0.0,0.0,1.0,7.0,1.0,1.0,1.0
-1.0445749039897887,0.6090544727435638,-1.2170740485175422,-0.8946763211335725,1.0,0.0,0.0,0.0,1.0,6.0,1.0,0.0,1.0
-0.4637911119937961,-1.5534069469023122,0.2818503388831351,1.7386191723841204,1.0,0.0,0.0,1.0,0.0,7.0,0.0,1.0,1.0
0.31058727733419406,0.12275932095717065,0.6465399703757873,-1.3915626332782383,0.0,1.0,0.0,1.0,0.0,7.0,1.0,0.0,1.0
1.9561413546561732,0.3193467227431594,0.7547345472511436,-0.26188688323936143,1.0,0.0,0.0,0.0,1.0,0.0,0.0,1.0,1.0
-0.07660191732980101,-0.06348137547166079,0.4134401451614675,-1.6605386496233279,1.0,0.0,1.0,0.0,0.0,5.0,0.0,1.0,2.0
-0.36699381332779735,0.20553296381442906,1.1114010373938719,1.376910422938764,0.0,1.0,0.0,1.0,0.0,1.0,1.0,1.0,1.0
-0.27019651466179856,1.1470831513157436,0.7046774433766321,-0.9944100157586059,0.0,1.0,1.0,0.0,0.0,5.0,1.0,1.0,1.0
-1.1413722026557875,0.3710802495289459,1.231645919255664,0.463346697704687,1.0,0.0,0.0,1.0,0.0,9.0,0.0,0.0,2.0
0.020195381336197752,-0.6428968754724697,-1.2170740485175422,-0.06737336225700606,1.0,0.0,1.0,0.0,0.0,7.0,0.0,0.0,2.0
-0.36699381332779735,-1.4913267147593685,-1.2170740485175422,-0.03870066218331494,1.0,0.0,1.0,0.0,0.0,2.0,1.0,0.0,2.0
-0.94777760532379,1.395404079887519,-1.2170740485175422,0.06112922912519487,1.0,0.0,1.0,0.0,0.0,4.0,1.0,0.0,2.0
0.2137899786681953,-0.6428968754724697,0.2717904674009022,0.022964717055308028,1.0,0.0,0.0,1.0,0.0,7.0,1.0,1.0,1.0
0.6009791733321904,-1.0464183844016044,0.5714159751688694,-0.03888348806818614,1.0,0.0,0.0,1.0,0.0,8.0,0.0,0.0,1.0
-0.5605884106597949,-0.6222034647581551,0.611375430798631,0.4308217814364432,1.0,0.0,1.0,0.0,0.0,4.0,1.0,0.0,1.0
-0.6573857093257937,-1.1912722594018068,1.644499636940265,-1.3478590709456761,0.0,1.0,1.0,0.0,0.0,7.0,1.0,0.0,2.0
0.31058727733419406,-1.1705788486874922,0.36711651068891893,-0.1010837765322886,1.0,0.0,0.0,1.0,0.0,1.0,0.0,1.0,2.0
0.6977764719981892,-0.6635902861867843,0.5166514044281754,0.6883770074434361,0.0,1.0,0.0,1.0,0.0,9.0,1.0,0.0,1.0
-0.07660191732980101,0.8263352852438672,0.77161899182233,1.2434593558696616,1.0,0.0,1.0,0.0,0.0,10.0,1.0,0.0,2.0
-0.94777760532379,1.747192062030867,0.10663721326741805,0.2805305542697007,1.0,0.0,1.0,0.0,0.0,3.0,0.0,1.0,1.0
-0.27019651466179856,-0.18764183975754842,0.7944224924473243,0.45406902335290256,1.0,0.0,1.0,0.0,0.0,6.0,0.0,0.0,1.0
2.1497359519881707,1.1056963298871143,0.7987134504127326,1.4320850483789072,1.0,0.0,0.0,1.0,0.0,8.0,1.0,0.0,1.0
-0.5605884106597949,1.0125759816726987,0.015770113973875236,-1.208325346677435,1.0,0.0,0.0,1.0,0.0,10.0,0.0,1.0,1.0
-0.27019651466179856,1.2712436156016311,0.6315345580474232,-0.42713765143491095,1.0,0.0,1.0,0.0,0.0,9.0,1.0,0.0,1.0
0.5041818746661916,1.0125759816726987,-0.06773148114190447,0.8910823805384065,1.0,0.0,0.0,1.0,0.0,0.0,0.0,0.0,2.0
-0.27019651466179856,-0.09452149154313269,-1.2170740485175422,1.6589356150722645,0.0,1.0,1.0,0.0,0.0,4.0,1.0,1.0,2.0
0.9881683679961855,-1.5223668308308405,-1.2170740485175422,-0.20938088948314848,1.0,0.0,1.0,0.0,0.0,7.0,0.0,1.0,3.0
-1.4317640986537838,0.3814269548861032,-1.2170740485175422,0.04064385835440774,1.0,0.0,0.0,0.0,1.0,3.0,1.0,1.0,2.0
0.2137899786681953,-0.33249571475775064,1.0658602660424241,0.25162423367899506,1.0,0.0,0.0,1.0,0.0,8.0,1.0,0.0,2.0
0.11699268000219652,1.5712980709591928,1.4438039148522719,-1.5226319191716435,1.0,0.0,1.0,0.0,0.0,6.0,1.0,0.0,1.0
-0.07660191732980101,2.057593222745586,0.4345123447979086,-1.320031440471133,1.0,0.0,0.0,1.0,0.0,2.0,0.0,1.0,2.0
-0.07660191732980101,0.8470286959581818,0.5728592082492063,1.6528134702652615,0.0,1.0,0.0,1.0,0.0,9.0,0.0,1.0,2.0
-0.1733992159957998,-0.9843381522586606,1.1141322169477734,-0.1553527963048387,0.0,1.0,0.0,1.0,0.0,9.0,1.0,0.0,2.0
-0.36699381332779735,-1.9672751611886043,-1.2170740485175422,0.5642598019390708,1.0,0.0,0.0,0.0,1.0,8.0,1.0,0.0,1.0
-0.94777760532379,0.8780688120296537,-1.2170740485175422,-0.8376536060636747,0.0,1.0,1.0,0.0,0.0,4.0,0.0,0.0,2.0
-0.94777760532379,-0.20833525047186302,-1.2170740485175422,-1.4138451250924178,0.0,1.0,1.0,0.0,0.0,2.0,1.0,1.0,2.0
-0.07660191732980101,0.18483955310011446,0.7418356315016094,0.5374602409027666,1.0,0.0,1.0,0.0,0.0,9.0,1.0,0.0,1.0
2.6337224453181647,-1.40855307190211,-1.2170740485175422,1.0577185201393935,1.0,0.0,1.0,0.0,0.0,6.0,1.0,1.0,2.0
-0.94777760532379,-0.9532980361871888,0.06436774879777658,-0.30627095447926556,1.0,0.0,1.0,0.0,0.0,3.0,1.0,0.0,1.0
0.6977764719981892,-0.5808166433295259,1.071403965753774,-0.8947733875881474,0.0,1.0,0.0,1.0,0.0,5.0,1.0,0.0,2.0
0.9881683679961855,-0.06348137547166079,-1.2170740485175422,1.081193468129399,0.0,1.0,0.0,0.0,1.0,8.0,1.0,0.0,2.0
0.6977764719981892,0.2779599013145302,-1.2170740485175422,-0.30881225167439835,1.0,0.0,1.0,0.0,0.0,1.0,0.0,0.0,2.0
0.40738457600019284,0.4331604816718897,0.7429438570369005,-0.20637478661306222,1.0,0.0,0.0,1.0,0.0,1.0,1.0,0.0,1.0
-0.27019651466179856,-0.1566017236860765,-1.2170740485175422,-0.4489861274710181,0.0,1.0,0.0,0.0,1.0,1.0,1.0,1.0,3.0
0.31058727733419406,0.3814269548861032,-1.2170740485175422,1.7002911433477452,0.0,1.0,0.0,0.0,1.0,5.0,0.0,0.0,2.0
-2.0125478906497762,-0.07382808082881809,-1.2170740485175422,-0.6995299547000644,0.0,1.0,0.0,0.0,1.0,7.0,0.0,1.0,1.0
-0.8509803066577912,0.22622637452874367,-0.18668873803449385,-0.3840098775694504,0.0,1.0,1.0,0.0,0.0,1.0,1.0,1.0,1.0
2.440127847986167,0.9298023388154402,-0.10288203527932017,-0.7066189370599831,1.0,0.0,1.0,0.0,0.0,2.0,1.0,1.0,1.0
-0.27019651466179856,0.06067908881422684,1.8089418841775213,1.4472959532551348,0.0,1.0,0.0,0.0,1.0,8.0,0.0,0.0,2.0
-1.0445749039897887,-2.4121834915463682,0.3701756246919054,0.38846636430630965,0.0,1.0,1.0,0.0,0.0,7.0,1.0,0.0,1.0
0.6009791733321904,0.6504412941721931,0.7874008371845577,1.5192371561579978,0.0,1.0,0.0,0.0,1.0,0.0,0.0,1.0,1.0
-0.1733992159957998,0.8573754013153391,1.2385801253320075,-0.8848736529468296,1.0,0.0,0.0,0.0,1.0,0.0,1.0,1.0,1.0
1.0849656666621843,-0.7567106344012,1.2137455209010366,1.2167351170104739,0.0,1.0,1.0,0.0,0.0,5.0,1.0,0.0,2.0
-0.27019651466179856,-1.2533524915447505,-1.2170740485175422,-0.3346809836812578,1.0,0.0,0.0,0.0,1.0,7.0,1.0,0.0,2.0
-1.2381695013217864,0.23657307988590098,-1.2170740485175422,0.6708441616430774,1.0,0.0,1.0,0.0,0.0,10.0,1.0,1.0,2.0
-0.4637911119937961,-0.0014011433287169732,1.1775299835649984,-0.5822119238256506,1.0,0.0,0.0,1.0,0.0,10.0,1.0,0.0,1.0
-1.5285613973197827,1.0850029191727997,0.5924860850269588,0.23569785509727212,1.0,0.0,1.0,0.0,0.0,1.0,1.0,1.0,1.0
0.2137899786681953,-0.8705243933299304,-1.2170740485175422,-1.6776835775138264,1.0,0.0,0.0,0.0,1.0,1.0,1.0,0.0,2.0
-0.5605884106597949,-1.6568740004738853,0.11932795494265554,1.5323254716458337,0.0,1.0,1.0,0.0,0.0,5.0,1.0,0.0,1.0
-0.27019651466179856,0.5676676513149347,-0.2755295560874879,-1.027802963582994,0.0,1.0,0.0,1.0,0.0,9.0,1.0,0.0,2.0
0.9881683679961855,0.5987077673864065,1.2640472895949149,-1.062236157640998,0.0,1.0,1.0,0.0,0.0,4.0,1.0,1.0,2.0
-0.94777760532379,0.7332149370294515,-1.2170740485175422,0.7336411130806418,1.0,0.0,0.0,0.0,1.0,9.0,1.0,1.0,2.0
1.8593440559901744,2.057593222745586,1.301143105873694,-1.2865563862550613,0.0,1.0,1.0,0.0,0.0,8.0,0.0,0.0,1.0
1.2785602639941818,-0.10486819690028999,-1.2170740485175422,-0.15471751549461057,1.0,0.0,1.0,0.0,0.0,4.0,1.0,0.0,1.0
-1.4317640986537838,0.16414614238579986,-1.2170740485175422,-1.1398026920994917,1.0,0.0,1.0,0.0,0.0,4.0,0.0,1.0,2.0
0.020195381336197752,0.8263352852438672,0.8215237026293255,-0.4350205608533955,1.0,0.0,0.0,0.0,1.0,2.0,1.0,1.0,1.0
-0.6573857093257937,-0.33249571475775064,1.6026177459788316,1.2687131597099939,1.0,0.0,0.0,0.0,1.0,4.0,1.0,1.0,2.0
0.8913710693301867,-0.5704699379723686,0.8940275980393609,-1.7172529438617539,0.0,1.0,0.0,1.0,0.0,2.0,0.0,0.0,1.0
0.2137899786681953,-1.0567650897587617,0.31040603479813805,0.5540772177365723,0.0,1.0,0.0,1.0,0.0,9.0,1.0,1.0,3.0
3.2145062373141573,0.3710802495289459,-1.2170740485175422,-0.8626563939650257,1.0,0.0,0.0,0.0,1.0,4.0,1.0,1.0,2.0
-0.6573857093257937,-1.1395387326160202,-1.2170740485175422,0.26254438377288647,1.0,0.0,1.0,0.0,0.0,4.0,1.0,1.0,1.0
-0.27019651466179856,-0.2807621879719641,-1.2170740485175422,-0.26481140158042327,0.0,1.0,1.0,0.0,0.0,6.0,0.0,0.0,2.0
0.31058727733419406,-1.543060241545155,1.349508132291798,0.2448036626800243,1.0,0.0,1.0,0.0,0.0,8.0,1.0,0.0,3.0
-1.4317640986537838,-0.9015645094014022,1.1876522268934302,0.9378412747852211,1.0,0.0,0.0,0.0,1.0,6.0,1.0,1.0,1.0
-0.4637911119937961,0.3090000173860021,-1.2170740485175422,-0.7661377212279002,0.0,1.0,1.0,0.0,0.0,3.0,0.0,0.0,2.0
1.3753575626601806,-1.5741003576166268,-0.007807247650087921,0.7826271432018685,1.0,0.0,0.0,0.0,1.0,1.0,0.0,0.0,2.0
-0.07660191732980101,1.3436705531017323,0.8461109094538543,-0.6373655008052135,1.0,0.0,1.0,0.0,0.0,3.0,1.0,0.0,2.0
0.020195381336197752,0.3607335441717886,-1.2170740485175422,0.9596226044925366,0.0,1.0,1.0,0.0,0.0,4.0,1.0,0.0,2.0
0.6009791733321904,-1.4602865986878966,0.4518787244075057,-0.3823526157186715,1.0,0.0,1.0,0.0,0.0,10.0,0.0,1.0,2.0
-1.0445749039897887,-0.0014011433287169732,0.06191820706485441,-0.4378657560702887,0.0,1.0,1.0,0.0,0.0,10.0,1.0,1.0,1.0
0.020195381336197752,-0.2704154826148068,-1.2170740485175422,-0.001005826506532019,0.0,1.0,1.0,0.0,0.0,5.0,1.0,0.0,1.0
-0.5605884106597949,1.9644728745311704,1.2740991234681018,-0.006139563437380122,1.0,0.0,0.0,1.0,0.0,7.0,1.0,1.0,2.0
-0.36699381332779735,-0.24972207190049223,0.9989423481673217,1.2596115270285138,1.0,0.0,0.0,1.0,0.0,2.0,1.0,1.0,1.0
-0.27019651466179856,-0.6946304022582562,-1.2170740485175422,0.10367356053788811,0.0,1.0,1.0,0.0,0.0,9.0,1.0,1.0,1.0
1.2785602639941818,-0.6739369915439416,1.0479397736651817,-0.5665654375833737,1.0,0.0,1.0,0.0,0.0,6.0,1.0,1.0,1.0
0.6009791733321904,1.7161519459593952,0.40986260537500063,-0.20261441824649457,0.0,1.0,0.0,1.0,0.0,9.0,0.0,0.0,1.0
-0.8509803066577912,-0.33249571475775064,-0.08008721527209586,1.0626894359206325,1.0,0.0,1.0,0.0,0.0,7.0,1.0,1.0,1.0
-1.0445749039897887,-0.6842836969010989,0.9585056193123963,-1.0345593454749071,1.0,0.0,0.0,1.0,0.0,9.0,1.0,1.0,2.0
-0.1733992159957998,-1.5534069469023122,-1.2170740485175422,-1.5201579422595224,0.0,1.0,1.0,0.0,0.0,4.0,0.0,0.0,2.0
-0.36699381332779735,0.3296934281003167,0.910823468158858,1.500613965308759,1.0,0.0,0.0,1.0,0.0,1.0,0.0,0.0,2.0
0.2137899786681953,0.10206591024285605,0.7529837952486987,0.3616109639654921,0.0,1.0,0.0,1.0,0.0,5.0,0.0,1.0,2.0
0.5041818746661916,-0.5187364111865821,0.39826321025605715,-0.6467645952023262,0.0,1.0,1.0,0.0,0.0,1.0,1.0,1.0,2.0
0.11699268000219652,0.8056418745295526,0.6086625769933552,0.061534368502802264,0.0,1.0,0.0,1.0,0.0,5.0,1.0,0.0,2.0
-0.7541830079917924,-1.853461402259874,-0.27405481557968986,-0.4616169433611269,0.0,1.0,1.0,0.0,0.0,4.0,0.0,1.0,2.0
-0.36699381332779735,-0.7360172236868854,0.7337370973788321,-1.1165641478940156,0.0,1.0,0.0,1.0,0.0,9.0,0.0,1.0,1.0
-1.0445749039897887,-1.5327135361879978,-1.2170740485175422,0.4533156276275196,1.0,0.0,1.0,0.0,0.0,5.0,1.0,0.0,2.0
-0.4637911119937961,0.039985678099912235,0.649498775017877,-0.876147239517174,0.0,1.0,0.0,0.0,1.0,1.0,1.0,1.0,1.0
-1.9157505919837776,1.0850029191727997,0.877112449801618,0.5858186441994305,0.0,1.0,0.0,0.0,1.0,4.0,1.0,1.0,1.0
-0.07660191732980101,-2.2673296165461663,0.9620793010465208,-0.48711341333789626,0.0,1.0,0.0,1.0,0.0,2.0,1.0,1.0,2.0
0.31058727733419406,1.2091633834586875,-1.2170740485175422,-0.681418537165089,0.0,1.0,1.0,0.0,0.0,5.0,0.0,0.0,3.0
0.5041818746661916,0.23657307988590098,0.21204836613007294,-0.45449664924166766,0.0,1.0,0.0,1.0,0.0,3.0,1.0,0.0,1.0
-1.334966799987785,-0.5394298219008967,-1.2170740485175422,0.36410929446836704,0.0,1.0,0.0,0.0,1.0,3.0,1.0,1.0,2.0
-0.36699381332779735,0.24691978524305827,-1.2170740485175422,-0.7517557082083917,0.0,1.0,1.0,0.0,0.0,8.0,1.0,1.0,2.0
-0.5605884106597949,-0.5704699379723686,1.0246419600838457,-0.6387002515327276,0.0,1.0,1.0,0.0,0.0,2.0,0.0,0.0,1.0
0.020195381336197752,-0.053134670114503485,0.7389891926339858,-0.6621605873682807,0.0,1.0,0.0,1.0,0.0,6.0,0.0,1.0,2.0
0.9881683679961855,-0.8705243933299304,0.952373405866683,-0.10271738060919282,1.0,0.0,0.0,1.0,0.0,5.0,1.0,0.0,1.0
-0.4637911119937961,-0.1566017236860765,0.13413532058412095,-1.0849150911218013,0.0,1.0,1.0,0.0,0.0,1.0,0.0,0.0,1.0
-0.4637911119937961,1.333323847744575,-1.2170740485175422,-0.6097904518576287,0.0,1.0,1.0,0.0,0.0,1.0,1.0,1.0,1.0
-0.6573857093257937,0.029638972742754933,-1.2170740485175422,0.6617197409588208,0.0,1.0,1.0,0.0,0.0,6.0,1.0,1.0,2.0
0.9881683679961855,0.8263352852438672,0.21082439902451652,-1.1498248905114559,1.0,0.0,0.0,1.0,0.0,4.0,1.0,1.0,1.0
2.2465332506541693,1.3229771423874177,0.6974289667865815,0.29779568452599003,0.0,1.0,1.0,0.0,0.0,10.0,0.0,1.0,1.0
-0.27019651466179856,1.095349624529957,-0.16656320799151486,-0.6143898014256561,0.0,1.0,0.0,1.0,0.0,1.0,0.0,0.0,1.0
0.11699268000219652,-1.5534069469023122,0.6260394054947124,0.46406164954752316,0.0,1.0,0.0,1.0,0.0,5.0,0.0,0.0,1.0
-1.6253586959857813,0.19518625845727178,0.6314385889954115,-1.0866247131927005,0.0,1.0,1.0,0.0,0.0,2.0,1.0,1.0,1.0
1.9561413546561732,0.039985678099912235,-1.2170740485175422,-0.18961360173115147,1.0,0.0,1.0,0.0,0.0,7.0,1.0,0.0,1.0
-0.7541830079917924,1.095349624529957,1.179514308486326,1.6911597644947016,0.0,1.0,0.0,1.0,0.0,8.0,1.0,1.0,2.0
0.11699268000219652,-0.41526935761500905,0.4035061426368982,0.8262752141383563,1.0,0.0,1.0,0.0,0.0,8.0,1.0,0.0,2.0
1.0849656666621843,1.7678854727451816,-1.2170740485175422,-1.5620374206446437,0.0,1.0,1.0,0.0,0.0,7.0,1.0,1.0,2.0
-0.1733992159957998,0.23657307988590098,-1.2170740485175422,1.0122606295014778,0.0,1.0,1.0,0.0,0.0,3.0,1.0,0.0,1.0
0.31058727733419406,-0.7360172236868854,0.7655044611165185,0.06362181913882077,1.0,0.0,0.0,1.0,0.0,2.0,0.0,0.0,1.0
-1.2381695013217864,-0.07382808082881809,0.3367507452167102,0.6769776134743587,0.0,1.0,0.0,0.0,1.0,8.0,1.0,1.0,2.0
2.1497359519881707,0.24691978524305827,-0.21952365700569745,1.1558643606472958,1.0,0.0,1.0,0.0,0.0,5.0,1.0,0.0,3.0
-0.7541830079917924,-0.20833525047186302,0.20014691766317308,0.4831089407843135,1.0,0.0,0.0,0.0,1.0,2.0,1.0,0.0,2.0
0.2137899786681953,1.4781777227447772,1.6257544858748816,1.15971048844416,1.0,0.0,1.0,0.0,0.0,7.0,1.0,0.0,3.0
-0.8509803066577912,2.057593222745586,1.2724994785157255,-0.7944021507480302,1.0,0.0,0.0,1.0,0.0,8.0,1.0,1.0,1.0
0.2137899786681953,-0.7049771076154135,0.03112805583500608,1.575517782526791,1.0,0.0,0.0,1.0,0.0,5.0,1.0,0.0,1.0
-1.2381695013217864,1.3229771423874177,1.5851279086942849,-1.0709053401323827,1.0,0.0,0.0,0.0,1.0,4.0,0.0,1.0,2.0
-0.94777760532379,1.3126304370302604,1.1999791863832359,-0.6506702153423167,1.0,0.0,0.0,1.0,0.0,6.0,1.0,0.0,1.0
1.181762965328183,1.2402034995301592,0.9612237779396425,0.9153636063365742,0.0,1.0,0.0,0.0,1.0,5.0,1.0,1.0,3.0
0.6009791733321904,0.6504412941721931,0.4938430812377532,1.117812396957534,1.0,0.0,0.0,1.0,0.0,9.0,1.0,1.0,2.0
-1.0445749039897887,-0.860177687972773,1.1155307609218135,1.4895772658876894,0.0,1.0,1.0,0.0,0.0,5.0,1.0,0.0,2.0
-1.0445749039897887,0.12275932095717065,-0.23206988247028407,0.6296404954013671,1.0,0.0,0.0,0.0,1.0,8.0,1.0,0.0,2.0
-0.5605884106597949,0.8263352852438672,-1.2170740485175422,-0.43338226001256025,0.0,1.0,1.0,0.0,0.0,4.0,1.0,1.0,2.0
0.020195381336197752,0.2779599013145302,-1.2170740485175422,1.4874454569256557,1.0,0.0,0.0,0.0,1.0,6.0,0.0,1.0,1.0
-0.8509803066577912,-1.6258338844024134,0.16065171433192024,-1.2519942921202833,0.0,1.0,1.0,0.0,0.0,3.0,0.0,1.0,1.0
0.7945737706641879,0.5573209459577774,-0.1964793496136788,-1.238863183894409,1.0,0.0,0.0,0.0,1.0,3.0,0.0,1.0,1.0
-0.27019651466179856,-0.42561606297216636,0.639003104373159,-0.9963689142262896,0.0,1.0,0.0,1.0,0.0,7.0,0.0,1.0,1.0
0.6009791733321904,0.4538538923862043,-1.2170740485175422,-1.2014162329806533,0.0,1.0,1.0,0.0,0.0,3.0,1.0,1.0,2.0
-0.4637911119937961,-0.22902866118617762,-1.2170740485175422,1.4044425051940908,0.0,1.0,0.0,0.0,1.0,8.0,1.0,1.0,2.0
-1.0445749039897887,0.7746017584580807,-1.2170740485175422,-0.031280123080708454,0.0,1.0,1.0,0.0,0.0,2.0,0.0,0.0,1.0
-0.6573857093257937,-0.6325501701153124,0.8367478986759276,0.014940034947793666,1.0,0.0,1.0,0.0,0.0,0.0,1.0,0.0,1.0
0.020195381336197752,1.7368453566737099,0.9225844192196304,-1.266599488403626,1.0,0.0,1.0,0.0,0.0,9.0,1.0,0.0,1.0
-0.5605884106597949,1.6333783031021367,-1.2170740485175422,0.7230944426963779,1.0,0.0,0.0,0.0,1.0,3.0,0.0,1.0,2.0
0.2137899786681953,0.039985678099912235,-1.2170740485175422,-1.1013161907689988,1.0,0.0,1.0,0.0,0.0,5.0,0.0,0.0,1.0
0.020195381336197752,1.0022292763155414,0.9187688054532147,-0.699683208367592,1.0,0.0,1.0,0.0,0.0,9.0,1.0,1.0,1.0
0.6009791733321904,-0.29110889332912143,-1.2170740485175422,1.6817029172966593,0.0,1.0,1.0,0.0,0.0,0.0,1.0,0.0,1.0
-0.8509803066577912,0.3296934281003167,-0.29021732210634593,-0.3586551802817108,0.0,1.0,1.0,0.0,0.0,10.0,0.0,0.0,1.0
0.6009791733321904,1.2298567941730019,0.5635084146370298,-1.2819547752821783,0.0,1.0,0.0,1.0,0.0,4.0,1.0,0.0,1.0
-1.0445749039897887,0.5366275352434627,0.08781297212902008,1.0951021517171904,0.0,1.0,1.0,0.0,0.0,2.0,0.0,1.0,2.0
-0.8509803066577912,-0.311802304043436,0.40674931788704277,1.1376365677393623,1.0,0.0,0.0,1.0,0.0,2.0,1.0,1.0,2.0
0.020195381336197752,0.8056418745295526,0.8311635286628037,1.4806723754286544,0.0,1.0,0.0,1.0,0.0,6.0,1.0,1.0,1.0
0.8913710693301867,1.6851118298879233,0.9787501059692594,1.494844425705023,0.0,1.0,1.0,0.0,0.0,9.0,1.0,1.0,1.0
-0.27019651466179856,1.4160974906018333,0.5452979253254003,-1.4561631420653225,0.0,1.0,0.0,0.0,1.0,10.0,1.0,1.0,1.0
-0.7541830079917924,-1.6672207058310426,1.1180158288867197,0.24715552372993843,0.0,1.0,0.0,0.0,1.0,3.0,0.0,1.0,1.0
-0.07660191732980101,-2.0500488040458626,0.7219703592395468,0.5190671914861487,1.0,0.0,0.0,1.0,0.0,8.0,1.0,0.0,1.0
-1.4317640986537838,0.09171920488569875,0.1507550063133255,-0.4909108339532533,0.0,1.0,0.0,1.0,0.0,5.0,1.0,1.0,1.0
-0.6573857093257937,1.2815903209587884,0.7387853588685738,0.45297154618101587,0.0,1.0,0.0,1.0,0.0,8.0,0.0,1.0,1.0
0.40738457600019284,-1.129192027258863,1.1237730074943366,-1.557028582843517,1.0,0.0,1.0,0.0,0.0,8.0,0.0,1.0,1.0
-1.2381695013217864,0.8780688120296537,0.967373352620896,1.1451987055767787,1.0,0.0,0.0,0.0,1.0,4.0,1.0,1.0,1.0
-0.4637911119937961,-1.6982608219025146,0.32646035510703214,-1.5790466642438012,1.0,0.0,1.0,0.0,0.0,2.0,0.0,0.0,1.0
0.6977764719981892,0.5676676513149347,0.5719077160903163,0.8577953708337965,1.0,0.0,0.0,1.0,0.0,7.0,1.0,1.0,1.0
-0.27019651466179856,-0.022094554043031577,-1.2170740485175422,0.16214618402872064,1.0,0.0,1.0,0.0,0.0,8.0,0.0,1.0,2.0
-0.1733992159957998,0.2779599013145302,1.1781480757006517,-1.3635622662635647,1.0,0.0,0.0,1.0,0.0,8.0,1.0,1.0,2.0
-1.1413722026557875,-0.9636447415443461,1.2309146575846401,1.4509949157821593,0.0,1.0,1.0,0.0,0.0,1.0,1.0,0.0,1.0
1.9561413546561732,0.5055874191719908,0.9956541623065186,0.7500620435088812,1.0,0.0,0.0,1.0,0.0,5.0,1.0,0.0,1.0
0.11699268000219652,0.039985678099912235,0.10036402015903445,1.721098677333358,1.0,0.0,0.0,1.0,0.0,0.0,1.0,1.0,1.0
-1.0445749039897887,0.3917736602432605,-0.175266170314567,-0.36995785570465267,1.0,0.0,0.0,1.0,0.0,2.0,0.0,0.0,2.0
-0.07660191732980101,-0.6015100540438405,0.8646573708236153,0.943050681801625,1.0,0.0,0.0,1.0,0.0,4.0,1.0,1.0,1.0
-1.0445749039897887,-1.8638081076170314,-1.2170740485175422,-1.348175145762813,1.0,0.0,0.0,0.0,1.0,5.0,1.0,1.0,2.0
0.7945737706641879,-1.1602321433303349,0.8290768046022273,1.1667238007185228,1.0,0.0,1.0,0.0,0.0,2.0,1.0,1.0,2.0
-0.4637911119937961,0.2676131959573729,1.5425891843215953,-0.8537833371281898,1.0,0.0,0.0,0.0,1.0,10.0,1.0,1.0,1.0
-0.7541830079917924,0.49524071381483353,0.8057969952651549,1.5574811653062732,1.0,0.0,0.0,1.0,0.0,10.0,1.0,0.0,2.0
0.6009791733321904,1.9023926423882267,0.39385779673783117,0.917068009780883,0.0,1.0,0.0,0.0,1.0,3.0,1.0,0.0,1.0
1.181762965328183,0.14345273167148526,-1.2170740485175422,-0.8089798622646655,0.0,1.0,1.0,0.0,0.0,2.0,0.0,0.0,1.0
3.6984927306441513,-0.4359627683293237,-1.2170740485175422,-1.411637298136389,0.0,1.0,1.0,0.0,0.0,1.0,0.0,1.0,1.0
-1.334966799987785,0.9091089281011256,0.6012440245958869,0.5100786290474529,1.0,0.0,0.0,1.0,0.0,5.0,1.0,0.0,1.0
0.6009791733321904,-0.6635902861867843,-1.2170740485175422,1.023305156862432,0.0,1.0,0.0,0.0,1.0,6.0,0.0,0.0,1.0
-0.8509803066577912,-0.09452149154313269,0.944998899566788,-0.984722679219503,0.0,1.0,0.0,1.0,0.0,8.0,0.0,0.0,1.0
0.6009791733321904,0.039985678099912235,-0.2955293779249842,-0.9134282381053662,1.0,0.0,1.0,0.0,0.0,7.0,0.0,1.0,1.0
0.020195381336197752,-1.646527295116728,0.7855227694548209,0.8476079159131473,0.0,1.0,0.0,1.0,0.0,10.0,1.0,0.0,2.0
1.7625467573241755,-0.6739369915439416,-1.2170740485175422,-1.6317059116675419,1.0,0.0,0.0,0.0,1.0,3.0,0.0,1.0,2.0
-0.94777760532379,0.5676676513149347,1.7655920042998887,1.2381876732426167,1.0,0.0,0.0,1.0,0.0,6.0,1.0,0.0,1.0
-0.5605884106597949,1.5712980709591928,-1.2170740485175422,0.27515936982900535,0.0,1.0,1.0,0.0,0.0,6.0,1.0,0.0,2.0
-0.7541830079917924,2.057593222745586,-0.3925203315508323,-1.1189433197564176,1.0,0.0,0.0,1.0,0.0,3.0,0.0,0.0,1.0
3.1177089386481582,1.5816447763163501,-1.2170740485175422,0.8373681007723783,1.0,0.0,1.0,0.0,0.0,8.0,0.0,1.0,2.0
-0.94777760532379,0.6918281156008222,-1.2170740485175422,0.6019442003626735,1.0,0.0,1.0,0.0,0.0,3.0,0.0,1.0,1.0
-1.9157505919837776,-0.06348137547166079,0.848830032594186,1.3239742403973118,0.0,1.0,1.0,0.0,0.0,9.0,0.0,0.0,1.0
0.020195381336197752,1.4264441959589906,0.789570670122672,0.4270991611355435,0.0,1.0,0.0,1.0,0.0,7.0,1.0,1.0,2.0
-0.8509803066577912,-0.5704699379723686,-1.2170740485175422,-1.5957394851173823,1.0,0.0,0.0,0.0,1.0,1.0,1.0,0.0,2.0
0.020195381336197752,0.9504957495297548,-1.2170740485175422,-0.09733175796826496,1.0,0.0,1.0,0.0,0.0,8.0,1.0,0.0,1.0
0.020195381336197752,0.15379943702864254,-1.2170740485175422,0.05463273483746607,0.0,1.0,1.0,0.0,0.0,10.0,1.0,0.0,2.0
0.31058727733419406,1.4471376066733053,0.6099936050514072,0.6973474786432862,1.0,0.0,0.0,1.0,0.0,10.0,0.0,1.0,2.0
1.181762965328183,-0.9222579201157168,0.7869034699367784,-0.5995894285078456,1.0,0.0,1.0,0.0,0.0,1.0,1.0,1.0,1.0
2.2465332506541693,0.8366819906010244,-1.2170740485175422,-1.294564194803268,0.0,1.0,1.0,0.0,0.0,2.0,1.0,1.0,2.0
0.31058727733419406,-1.987968571902919,0.8668247924790156,1.3537870364267084,1.0,0.0,0.0,0.0,1.0,6.0,1.0,1.0,2.0
-0.07660191732980101,1.064309508458485,-1.2170740485175422,-1.6757706029601351,1.0,0.0,1.0,0.0,0.0,2.0,0.0,0.0,2.0
-0.7541830079917924,-0.2393753665433349,1.6032224956834682,0.23150660212858626,1.0,0.0,1.0,0.0,0.0,6.0,1.0,0.0,1.0
0.5041818746661916,-0.7360172236868854,1.0879686742371024,0.8181480729954578,0.0,1.0,0.0,1.0,0.0,9.0,0.0,0.0,1.0
-1.4317640986537838,0.9815358656012267,-0.1113912912243587,-0.9021492204562992,0.0,1.0,0.0,0.0,1.0,10.0,0.0,1.0,1.0
-0.27019651466179856,-0.46700288440079557,-1.2170740485175422,0.9703647994197075,1.0,0.0,1.0,0.0,0.0,10.0,0.0,1.0,2.0
-0.4637911119937961,0.09171920488569875,-1.2170740485175422,-1.5684775537652,0.0,1.0,1.0,0.0,0.0,1.0,1.0,0.0,2.0
1.568952159992178,1.064309508458485,1.380822817888002,-1.5965142772117842,1.0,0.0,0.0,1.0,0.0,3.0,1.0,0.0,1.0
-0.36699381332779735,0.9815358656012267,1.5522682338872191,-1.3478620281674103,0.0,1.0,1.0,0.0,0.0,2.0,1.0,0.0,1.0
-1.1413722026557875,1.0022292763155414,0.24531828050285723,0.5532401500315289,1.0,0.0,0.0,1.0,0.0,2.0,1.0,1.0,1.0
-0.07660191732980101,-1.0153782683301327,0.38795095784977335,1.5317888228781578,0.0,1.0,1.0,0.0,0.0,3.0,0.0,0.0,1.0
3.0209116399821596,1.3540172584588896,0.343386273740897,0.5447990215221291,1.0,0.0,1.0,0.0,0.0,7.0,0.0,1.0,1.0
-0.36699381332779735,2.047246517388429,0.5646666341005884,0.462041693148736,0.0,1.0,1.0,0.0,0.0,4.0,0.0,0.0,1.0
0.11699268000219652,-0.3945759469006945,1.1597565794333016,0.14094499164399868,0.0,1.0,0.0,1.0,0.0,1.0,0.0,0.0,3.0
-0.4637911119937961,-0.16694842904323381,0.3692842538486811,-1.4633985938782021,1.0,0.0,0.0,0.0,1.0,5.0,1.0,0.0,2.0
-0.94777760532379,0.25726649060021556,1.0450455913998231,-1.1070013625761952,0.0,1.0,1.0,0.0,0.0,4.0,1.0,0.0,1.0
-0.6573857093257937,-1.3982063665449527,1.1165025078554995,0.20113906609266766,0.0,1.0,0.0,1.0,0.0,3.0,0.0,0.0,2.0
-0.94777760532379,-0.6946304022582562,0.4741033564289921,0.6720084372353166,1.0,0.0,0.0,1.0,0.0,7.0,0.0,1.0,1.0
-1.1413722026557875,2.057593222745586,0.41099590825051585,-1.280190183677864,0.0,1.0,0.0,1.0,0.0,1.0,1.0,1.0,2.0
-0.27019651466179856,0.3296934281003167,0.637212485829845,0.3904788406736512,0.0,1.0,1.0,0.0,0.0,5.0,1.0,1.0,1.0
0.020195381336197752,0.7021748209579796,-1.2170740485175422,0.7984674144448557,0.0,1.0,0.0,0.0,1.0,5.0,1.0,0.0,2.0
0.40738457600019284,-0.7256705183297281,1.5184924324010662,0.0065637913623302485,1.0,0.0,0.0,0.0,1.0,4.0,0.0,1.0,1.0
2.924114341316161,-0.053134670114503485,0.6390098559647578,-1.0339285874743902,0.0,1.0,0.0,0.0,1.0,10.0,1.0,0.0,1.0
-1.0445749039897887,0.753908347743766,-1.2170740485175422,-0.7046365547726443,1.0,0.0,1.0,0.0,0.0,5.0,1.0,0.0,1.0
0.31058727733419406,-0.6739369915439416,-1.2170740485175422,0.05271941237533535,1.0,0.0,0.0,0.0,1.0,2.0,1.0,0.0,1.0
-0.36699381332779735,1.0539628031013277,0.10839134106566246,-1.4195349936635453,1.0,0.0,0.0,1.0,0.0,5.0,0.0,0.0,2.0
-0.7541830079917924,1.0332693923870133,-1.2170740485175422,-1.4317858935378984,0.0,1.0,1.0,0.0,0.0,8.0,0.0,0.0,2.0
0.020195381336197752,1.064309508458485,1.36720067807649,-1.3168797379191843,1.0,0.0,0.0,1.0,0.0,3.0,1.0,1.0,1.0
-0.36699381332779735,-0.6635902861867843,0.7419100597613774,-1.3286101667682904,0.0,1.0,0.0,1.0,0.0,5.0,1.0,1.0,1.0
0.2137899786681953,0.23657307988590098,0.8181311886031025,1.1626445742673033,1.0,0.0,0.0,0.0,1.0,4.0,1.0,1.0,1.0
-0.27019651466179856,0.12275932095717065,0.024792812384785513,-1.114015370667437,1.0,0.0,0.0,1.0,0.0,6.0,0.0,0.0,1.0
-0.8509803066577912,0.25726649060021556,0.8438851347567784,-0.7733747386287568,0.0,1.0,1.0,0.0,0.0,1.0,1.0,1.0,1.0
0.6977764719981892,0.17449284774295717,1.3839941369132733,1.2732317945200953,1.0,0.0,0.0,1.0,0.0,7.0,1.0,1.0,1.0
-1.1413722026557875,-0.5911633486866832,1.9504158598043366,0.9054977927680914,0.0,1.0,1.0,0.0,0.0,0.0,0.0,0.0,1.0
-0.1733992159957998,-0.8187908665441438,0.9216318017954739,0.19803641863066546,0.0,1.0,1.0,0.0,0.0,1.0,0.0,0.0,1.0
-0.8509803066577912,0.11241261560001335,-1.2170740485175422,1.0093891671974144,1.0,0.0,0.0,0.0,1.0,9.0,0.0,1.0,2.0
-0.07660191732980101,1.7575387673880243,-1.2170740485175422,0.458938349869855,1.0,0.0,0.0,0.0,1.0,8.0,0.0,1.0,2.0
-0.1733992159957998,-1.305086018330537,-1.2170740485175422,0.5507917443896989,1.0,0.0,0.0,0.0,1.0,0.0,0.0,1.0,1.0
-1.7221559946517802,0.23657307988590098,0.7143696746210914,-1.146265439268605,1.0,0.0,1.0,0.0,0.0,9.0,1.0,1.0,2.0
1.2785602639941818,1.4988711334590918,1.4706117523040865,-0.6444962321778527,1.0,0.0,0.0,1.0,0.0,9.0,1.0,1.0,1.0
-1.5285613973197827,-0.5497765272580539,-1.2170740485175422,0.9284023448718046,1.0,0.0,0.0,0.0,1.0,6.0,1.0,0.0,2.0
0.31058727733419406,-1.7706877594026156,1.2289345122200162,0.03340284000649871,1.0,0.0,1.0,0.0,0.0,1.0,1.0,0.0,2.0
0.2137899786681953,1.9644728745311704,-1.2170740485175422,1.6218635355018935,0.0,1.0,0.0,0.0,1.0,1.0,0.0,1.0,2.0
0.5041818746661916,-0.7256705183297281,1.826256662337042,-0.9538338023872387,1.0,0.0,0.0,0.0,1.0,7.0,1.0,0.0,2.0
2.1497359519881707,1.1574298566729009,-0.15447175044676267,0.7675308741564021,1.0,0.0,0.0,1.0,0.0,1.0,1.0,1.0,1.0
0.31058727733419406,1.1781232673872155,0.7651834390112129,-0.2955543308223859,0.0,1.0,1.0,0.0,0.0,4.0,1.0,1.0,2.0
-0.6573857093257937,0.16414614238579986,0.4522834983990726,-1.3794221943333742,0.0,1.0,0.0,1.0,0.0,0.0,1.0,0.0,1.0
-0.1733992159957998,-0.18764183975754842,1.058314397917664,0.4343883648023005,0.0,1.0,1.0,0.0,0.0,7.0,1.0,1.0,1.0
0.7945737706641879,-1.2430057861875932,-1.2170740485175422,1.6549943343172417,1.0,0.0,1.0,0.0,0.0,6.0,0.0,0.0,1.0
-0.4637911119937961,0.06067908881422684,1.274327230812833,-1.2545696843424714,0.0,1.0,0.0,0.0,1.0,5.0,1.0,0.0,1.0
-1.1413722026557875,0.2676131959573729,-1.2170740485175422,0.2579258992406955,1.0,0.0,1.0,0.0,0.0,2.0,0.0,1.0,2.0
3.311303535980156,0.3917736602432605,0.5279723767697582,1.1848101688458659,0.0,1.0,0.0,0.0,1.0,1.0,0.0,1.0,1.0
-0.8509803066577912,1.4781777227447772,1.274111179881671,0.9899692660220953,1.0,0.0,0.0,0.0,1.0,1.0,0.0,1.0,1.0
-0.36699381332779735,0.5573209459577774,-1.2170740485175422,-0.5832281643769522,1.0,0.0,1.0,0.0,0.0,3.0,0.0,1.0,2.0
-1.334966799987785,0.2676131959573729,0.8866284966557845,-0.9993405741608816,1.0,0.0,0.0,0.0,1.0,8.0,1.0,0.0,1.0
2.2465332506541693,0.8159885798867099,-1.2170740485175422,1.5069873000089629,0.0,1.0,0.0,0.0,1.0,2.0,1.0,1.0,2.0
-0.5605884106597949,-0.5704699379723686,1.0039232544932564,-0.2512968982544002,1.0,0.0,1.0,0.0,0.0,1.0,1.0,0.0,1.0
0.11699268000219652,0.753908347743766,-1.2170740485175422,0.10943092334624684,0.0,1.0,1.0,0.0,0.0,6.0,0.0,0.0,2.0
0.11699268000219652,0.15379943702864254,-1.2170740485175422,0.8353170065682703,0.0,1.0,1.0,0.0,0.0,5.0,1.0,0.0,2.0
1.3753575626601806,0.7746017584580807,0.608069722950107,-1.2436244848409475,1.0,0.0,1.0,0.0,0.0,1.0,0.0,1.0,1.0
-0.5605884106597949,2.057593222745586,0.7888185106681278,-1.150849306911082,0.0,1.0,1.0,0.0,0.0,0.0,0.0,1.0,1.0
-0.1733992159957998,1.4264441959589906,-1.2170740485175422,0.38313727678677395,0.0,1.0,1.0,0.0,0.0,3.0,1.0,0.0,1.0
1.0849656666621843,1.2402034995301592,0.47451665028614815,-1.4538573788836204,0.0,1.0,1.0,0.0,0.0,3.0,1.0,1.0,1.0
-0.8509803066577912,-1.4602865986878966,-1.2170740485175422,0.5339486270703245,1.0,0.0,1.0,0.0,0.0,0.0,1.0,1.0,2.0
-0.27019651466179856,-1.8017278754740875,0.6749929456471797,-0.44909223954501587,1.0,0.0,0.0,1.0,0.0,3.0,0.0,0.0,1.0
0.11699268000219652,-0.1462550183289192,0.7998965864643341,1.2990462528104185,0.0,1.0,1.0,0.0,0.0,8.0,1.0,1.0,1.0
0.31058727733419406,-2.2673296165461663,1.2360596918872981,0.1810263052604098,0.0,1.0,1.0,0.0,0.0,9.0,1.0,0.0,1.0
0.40738457600019284,-0.2186819558290203,-1.2170740485175422,-1.1397593774987942,0.0,1.0,1.0,0.0,0.0,9.0,1.0,1.0,2.0
-0.36699381332779735,-0.3945759469006945,0.7691421222186507,1.2358526857520102,0.0,1.0,0.0,0.0,1.0,4.0,0.0,1.0,2.0
0.11699268000219652,1.8506591156024401,0.031996760620720044,-1.3976579891354122,1.0,0.0,0.0,1.0,0.0,8.0,0.0,1.0,1.0
-0.5605884106597949,0.6814814102436649,0.6440701738680688,-0.3192162795985342,1.0,0.0,0.0,1.0,0.0,0.0,1.0,1.0,1.0
0.5041818746661916,0.7021748209579796,-1.2170740485175422,1.682546073399391,0.0,1.0,0.0,0.0,1.0,2.0,1.0,0.0,2.0
-0.27019651466179856,-0.4773495897579529,-1.2170740485175422,-1.7250666195008106,1.0,0.0,1.0,0.0,0.0,6.0,0.0,1.0,1.0
-0.8509803066577912,-0.7153238129725709,-1.2170740485175422,0.5596326196958965,0.0,1.0,1.0,0.0,0.0,2.0,1.0,1.0,2.0
-0.8509803066577912,-1.0774585004730763,-1.2170740485175422,-1.4157582736003287,0.0,1.0,1.0,0.0,0.0,6.0,1.0,1.0,2.0
-0.94777760532379,0.3296934281003167,-1.2170740485175422,-0.8873196232295844,1.0,0.0,1.0,0.0,0.0,9.0,1.0,1.0,2.0
-0.5605884106597949,-0.37388253618637984,0.9957962672344555,1.2489717911367277,1.0,0.0,0.0,1.0,0.0,3.0,1.0,1.0,2.0
-0.94777760532379,1.436790901316148,-0.4766822966258483,1.5641784027634993,0.0,1.0,0.0,0.0,1.0,3.0,1.0,1.0,2.0
0.5041818746661916,0.9401490441725975,0.5178602608287248,-1.4348339193749249,1.0,0.0,0.0,1.0,0.0,8.0,0.0,1.0,1.0
-0.1733992159957998,0.19518625845727178,-1.2170740485175422,-0.793734862361383,0.0,1.0,1.0,0.0,0.0,2.0,1.0,1.0,2.0
-0.94777760532379,0.2779599013145302,-1.2170740485175422,-0.6160578484380546,0.0,1.0,0.0,0.0,1.0,6.0,1.0,0.0,2.0
-0.7541830079917924,-0.49804300047226746,-1.2170740485175422,1.2186593985884435,0.0,1.0,1.0,0.0,0.0,8.0,1.0,1.0,2.0
-1.2381695013217864,1.923086053102541,0.22809191604284515,1.3154129095221212,0.0,1.0,1.0,0.0,0.0,4.0,1.0,0.0,2.0
-0.8509803066577912,-0.8498309826156157,0.497018258315367,-0.969687120196701,0.0,1.0,0.0,1.0,0.0,6.0,0.0,1.0,1.0
0.020195381336197752,-0.4359627683293237,1.0245146443565536,-1.5764537026454268,0.0,1.0,0.0,0.0,1.0,2.0,1.0,0.0,2.0
-1.0445749039897887,0.4331604816718897,1.1157427930484518,-0.38472256800743104,0.0,1.0,0.0,0.0,1.0,1.0,0.0,1.0,1.0
1.665749458658177,-0.9636447415443461,0.7318058206772095,0.285187656638658,1.0,0.0,1.0,0.0,0.0,7.0,1.0,1.0,2.0
-0.27019651466179856,2.057593222745586,-1.2170740485175422,1.5714373383960343,1.0,0.0,1.0,0.0,0.0,6.0,1.0,1.0,2.0
-0.5605884106597949,0.2883066066716875,0.327918698892376,-1.7166752418982358,0.0,1.0,0.0,0.0,1.0,4.0,1.0,0.0,1.0
-0.07660191732980101,-0.6015100540438405,0.15939222099437975,0.4387292183999008,1.0,0.0,0.0,1.0,0.0,5.0,1.0,1.0,1.0
1.2785602639941818,-0.2704154826148068,1.4349834426849644,-0.5578746847687499,0.0,1.0,1.0,0.0,0.0,5.0,1.0,1.0,1.0
-0.36699381332779735,-0.30145559868627875,-1.2170740485175422,0.555154342264758,0.0,1.0,1.0,0.0,0.0,8.0,1.0,1.0,2.0
0.7945737706641879,-0.46700288440079557,0.987452425283588,-0.8014848707560409,1.0,0.0,0.0,1.0,0.0,0.0,0.0,1.0,2.0
-0.07660191732980101,-0.1462550183289192,0.4602071341490046,0.34832886347694575,1.0,0.0,1.0,0.0,0.0,3.0,0.0,0.0,1.0
0.6009791733321904,-0.2704154826148068,0.9941596492804667,0.43051944900265976,0.0,1.0,1.0,0.0,0.0,7.0,0.0,0.0,1.0
0.5041818746661916,0.019292267385597632,-1.2170740485175422,0.9529391094186644,0.0,1.0,1.0,0.0,0.0,8.0,1.0,1.0,2.0
-0.36699381332779735,0.7952951691723953,0.8065539772851266,-0.7914859822095124,1.0,0.0,0.0,1.0,0.0,8.0,1.0,0.0,2.0
0.2137899786681953,-1.6258338844024134,-0.09221612807500329,1.540667968112682,1.0,0.0,0.0,0.0,1.0,2.0,1.0,0.0,2.0
-0.6573857093257937,1.881699231673912,-1.2170740485175422,-0.9660629579841336,0.0,1.0,0.0,0.0,1.0,6.0,1.0,1.0,1.0
3.2145062373141573,1.364363963816047,0.7314979802507396,0.09302704043153473,1.0,0.0,1.0,0.0,0.0,5.0,1.0,1.0,2.0
-0.27019651466179856,-0.5601232326152112,-1.2170740485175422,-1.6126008676298218,1.0,0.0,1.0,0.0,0.0,9.0,1.0,1.0,2.0
-0.4637911119937961,0.7125215263151369,0.6847459412160285,0.6307858099836626,1.0,0.0,1.0,0.0,0.0,3.0,1.0,1.0,2.0
-1.1413722026557875,-1.3982063665449527,-1.2170740485175422,0.7449058664836962,0.0,1.0,1.0,0.0,0.0,9.0,1.0,0.0,1.0
0.020195381336197752,0.9504957495297548,-1.2170740485175422,-0.9670708487328912,0.0,1.0,1.0,0.0,0.0,6.0,1.0,0.0,2.0
0.6009791733321904,0.888415517386811,0.3771000248852129,-0.3689176094710367,1.0,0.0,0.0,1.0,0.0,2.0,1.0,1.0,2.0
-1.6253586959857813,-1.8948482236885031,0.009764733998911078,1.6512504916015425,1.0,0.0,1.0,0.0,0.0,1.0,1.0,1.0,1.0
0.40738457600019284,-0.9532980361871888,-1.2170740485175422,1.6836538138702382,1.0,0.0,1.0,0.0,0.0,1.0,1.0,1.0,2.0
-0.27019651466179856,0.8366819906010244,-1.2170740485175422,1.0710284533030872,0.0,1.0,1.0,0.0,0.0,5.0,1.0,0.0,2.0
-0.5605884106597949,0.7642550531009233,-1.2170740485175422,-0.5562863087889596,1.0,0.0,1.0,0.0,0.0,4.0,1.0,1.0,1.0
-0.07660191732980101,-1.749994348688301,0.7919454620914642,-1.1134908986951373,0.0,1.0,1.0,0.0,0.0,4.0,1.0,0.0,1.0
2.5369251466521656,-0.10486819690028999,-0.6007498653500163,-1.1698581542653255,0.0,1.0,1.0,0.0,0.0,6.0,1.0,0.0,1.0
-1.6253586959857813,-0.1255616076146046,-1.2170740485175422,-1.2467252188065332,0.0,1.0,1.0,0.0,0.0,4.0,1.0,0.0,2.0
-0.36699381332779735,0.5159341245291481,-1.2170740485175422,-0.5930703201715597,1.0,0.0,1.0,0.0,0.0,2.0,1.0,1.0,2.0
-0.7541830079917924,1.6851118298879233,0.19388835300325338,1.5422391226247254,1.0,0.0,1.0,0.0,0.0,6.0,1.0,0.0,1.0
-0.07660191732980101,1.6644184191736087,0.8263723099103597,1.30403125888345,0.0,1.0,0.0,0.0,1.0,3.0,1.0,1.0,2.0
0.31058727733419406,1.0436160977441706,-0.17144412646091456,0.7006978369140959,1.0,0.0,0.0,1.0,0.0,3.0,0.0,1.0,2.0
-1.1413722026557875,0.2779599013145302,0.18307503604902908,0.8644178079765654,1.0,0.0,0.0,0.0,1.0,5.0,1.0,0.0,2.0
0.6009791733321904,0.7125215263151369,0.4367829693534621,-1.1172303925553448,1.0,0.0,1.0,0.0,0.0,1.0,1.0,1.0,2.0
-0.7541830079917924,1.923086053102541,0.4656575975954185,-0.850394187066394,0.0,1.0,0.0,0.0,1.0,9.0,0.0,1.0,1.0
1.181762965328183,-0.2704154826148068,0.9738973191315213,-1.0609682053338363,1.0,0.0,1.0,0.0,0.0,7.0,1.0,0.0,1.0
-0.36699381332779735,-0.653243580829627,0.4604775193173191,-0.09323722354571458,0.0,1.0,0.0,1.0,0.0,3.0,1.0,0.0,1.0
-1.2381695013217864,-1.6568740004738853,0.4266353271804448,0.8009234740723512,0.0,1.0,0.0,1.0,0.0,4.0,1.0,1.0,1.0
-1.1413722026557875,0.4848940084576762,0.30879706621926833,-1.0353544902130105,1.0,0.0,1.0,0.0,0.0,1.0,1.0,1.0,1.0
-0.27019651466179856,-0.7980974558298293,-1.2170740485175422,-1.5881851752198508,0.0,1.0,0.0,0.0,1.0,3.0,1.0,1.0,2.0
0.6009791733321904,-0.9532980361871888,-0.8305703460734838,1.2163358920763356,0.0,1.0,1.0,0.0,0.0,8.0,0.0,1.0,1.0
-1.1413722026557875,-0.311802304043436,0.9852899869457962,-1.3673607306042397,0.0,1.0,1.0,0.0,0.0,4.0,1.0,0.0,1.0
-0.27019651466179856,-0.022094554043031577,-1.2170740485175422,-0.4318102357294187,1.0,0.0,1.0,0.0,0.0,2.0,0.0,1.0,2.0
0.8913710693301867,0.6400945888150358,1.4154168479750586,1.000627267106947,1.0,0.0,0.0,0.0,1.0,1.0,0.0,0.0,1.0
-0.27019651466179856,-0.1979885451147057,-1.2170740485175422,-0.8233608315588559,1.0,0.0,1.0,0.0,0.0,7.0,1.0,1.0,2.0
0.40738457600019284,0.4745473031005189,0.6375550487273943,-0.6213573637402466,0.0,1.0,0.0,1.0,0.0,7.0,1.0,0.0,2.0
0.6009791733321904,0.6194011781007212,0.3500370737222715,-0.8566909819099437,1.0,0.0,0.0,1.0,0.0,1.0,1.0,0.0,2.0
0.31058727733419406,-0.42561606297216636,-1.2170740485175422,1.0166562786782736,0.0,1.0,0.0,0.0,1.0,6.0,1.0,0.0,2.0
0.2137899786681953,-0.08417478618597539,1.273019994077558,-0.8731007792681247,0.0,1.0,0.0,1.0,0.0,7.0,1.0,1.0,1.0
1.568952159992178,1.3229771423874177,0.9256879008245519,-1.3398994477163177,1.0,0.0,0.0,0.0,1.0,0.0,1.0,0.0,1.0
-0.5605884106597949,-1.098151911187391,1.5692679377721277,0.8801072609111001,1.0,0.0,0.0,0.0,1.0,7.0,1.0,0.0,1.0
-0.94777760532379,0.4124670709575751,-1.2170740485175422,1.7356671692763506,1.0,0.0,1.0,0.0,0.0,9.0,0.0,0.0,2.0
-1.334966799987785,0.7642550531009233,-1.2170740485175422,1.195918711359658,1.0,0.0,1.0,0.0,0.0,9.0,1.0,1.0,2.0
-0.36699381332779735,0.4538538923862043,-1.2170740485175422,1.0529325176936626,0.0,1.0,0.0,0.0,1.0,7.0,1.0,0.0,2.0
-0.1733992159957998,-1.336126134402009,0.3104344879341617,0.5087969343569374,1.0,0.0,0.0,1.0,0.0,3.0,1.0,1.0,1.0
-0.1733992159957998,-0.22902866118617762,0.8582575049966634,-1.320092672356456,1.0,0.0,1.0,0.0,0.0,6.0,1.0,1.0,1.0
-0.5605884106597949,0.5780143566720919,-0.28412738648421565,-0.28742301477821514,1.0,0.0,1.0,0.0,0.0,2.0,1.0,1.0,1.0
0.2137899786681953,-0.022094554043031577,0.6460072376482047,0.7599327277955147,1.0,0.0,0.0,1.0,0.0,4.0,1.0,0.0,1.0
1.2785602639941818,-0.41526935761500905,-1.2170740485175422,-0.4570388162078991,0.0,1.0,0.0,0.0,1.0,7.0,0.0,1.0,1.0
-1.6253586959857813,0.23657307988590098,-1.2170740485175422,1.288685887395419,0.0,1.0,1.0,0.0,0.0,3.0,1.0,1.0,1.0
0.6977764719981892,-1.3568195451163236,0.15280154232867071,0.30460825363085614,1.0,0.0,1.0,0.0,0.0,10.0,1.0,0.0,1.0
-1.334966799987785,1.4471376066733053,-1.2170740485175422,-0.1773012960172554,0.0,1.0,0.0,0.0,1.0,7.0,1.0,0.0,1.0
-0.4637911119937961,-0.45665617904363826,0.9119276748896259,1.354912520227962,0.0,1.0,0.0,0.0,1.0,9.0,1.0,0.0,1.0
0.31058727733419406,0.09171920488569875,-1.2170740485175422,1.5509331805695223,1.0,0.0,0.0,0.0,1.0,5.0,1.0,1.0,3.0
-0.5605884106597949,1.3126304370302604,0.568299633389474,-0.28358088792840347,1.0,0.0,0.0,1.0,0.0,4.0,1.0,0.0,2.0
0.40738457600019284,0.3503868388146313,0.9155796429358609,-1.0086163350162494,1.0,0.0,1.0,0.0,0.0,1.0,1.0,1.0,1.0
-0.4637911119937961,-0.08417478618597539,1.36181001444138,1.542528930354692,1.0,0.0,0.0,1.0,0.0,7.0,0.0,1.0,1.0
0.2137899786681953,-0.1255616076146046,0.368517465945673,1.7414913305050619,1.0,0.0,0.0,1.0,0.0,5.0,1.0,0.0,1.0
0.020195381336197752,0.9298023388154402,-1.2170740485175422,-1.037665298067083,0.0,1.0,1.0,0.0,0.0,5.0,0.0,1.0,1.0
-1.334966799987785,0.4331604816718897,1.139242511369029,-1.4825307747741903,0.0,1.0,0.0,1.0,0.0,6.0,0.0,1.0,1.0
2.827317042650162,-1.1705788486874922,-1.2170740485175422,0.18407502691431474,0.0,1.0,0.0,0.0,1.0,9.0,1.0,0.0,2.0
-0.36699381332779735,-0.46700288440079557,0.968900819844037,1.5120135332320561,1.0,0.0,1.0,0.0,0.0,0.0,1.0,0.0,2.0
-0.7541830079917924,1.705805240602238,-1.2170740485175422,-1.2429253628321009,0.0,1.0,1.0,0.0,0.0,8.0,1.0,1.0,2.0
-0.36699381332779735,0.019292267385597632,0.658308476789063,-1.321956069957542,0.0,1.0,0.0,0.0,1.0,6.0,1.0,1.0,2.0
0.11699268000219652,-0.10486819690028999,0.5525935023044616,1.0422371164515825,1.0,0.0,0.0,1.0,0.0,2.0,1.0,0.0,1.0
-0.6573857093257937,1.0539628031013277,1.63996047760751,1.0747481163822523,0.0,1.0,1.0,0.0,0.0,6.0,1.0,1.0,1.0
-1.0445749039897887,-0.1979885451147057,0.694121651416248,0.7880000671847605,1.0,0.0,1.0,0.0,0.0,5.0,0.0,1.0,1.0
-0.6573857093257937,1.8610058209595974,0.07316571565975497,1.6527231880252538,0.0,1.0,0.0,1.0,0.0,9.0,1.0,0.0,1.0
0.5041818746661916,0.16414614238579986,0.7570744559966754,-1.4740503326111456,0.0,1.0,1.0,0.0,0.0,2.0,0.0,0.0,1.0
0.31058727733419406,-0.8498309826156157,1.1315273711977556,-1.1704454237109254,1.0,0.0,0.0,1.0,0.0,9.0,1.0,0.0,1.0
-0.94777760532379,0.019292267385597632,-1.2170740485175422,-1.0121853537411822,0.0,1.0,1.0,0.0,0.0,2.0,1.0,1.0,2.0
-1.7221559946517802,0.21587966917158638,1.4494631953817065,1.1251094285641763,1.0,0.0,0.0,1.0,0.0,3.0,1.0,1.0,2.0
-1.4317640986537838,-0.34284242011490795,0.8523914971625605,-1.0908857218034733,1.0,0.0,1.0,0.0,0.0,7.0,0.0,1.0,1.0
-1.334966799987785,1.2608969102444738,0.967601620717808,-0.45580026216386127,0.0,1.0,1.0,0.0,0.0,2.0,1.0,0.0,1.0
0.31058727733419406,0.4745473031005189,-1.2170740485175422,-1.7151166120900085,1.0,0.0,1.0,0.0,0.0,1.0,1.0,0.0,1.0
-0.7541830079917924,0.6090544727435638,-1.2170740485175422,-1.3877613856700484,1.0,0.0,1.0,0.0,0.0,1.0,1.0,0.0,2.0
0.8913710693301867,0.9504957495297548,0.6831403484329581,1.5069732097171697,1.0,0.0,0.0,0.0,1.0,5.0,0.0,0.0,2.0
-0.8509803066577912,0.18483955310011446,0.3121431228652043,-1.3926675904815708,0.0,1.0,1.0,0.0,0.0,7.0,0.0,0.0,1.0
-0.8509803066577912,-0.2393753665433349,0.910501803044829,-0.4468807595503738,1.0,0.0,0.0,1.0,0.0,9.0,1.0,1.0,2.0
-1.1413722026557875,-1.3982063665449527,-1.2170740485175422,0.21661577301654816,1.0,0.0,0.0,0.0,1.0,1.0,0.0,1.0,1.0
0.31058727733419406,2.057593222745586,-1.2170740485175422,1.3398776570220388,1.0,0.0,1.0,0.0,0.0,3.0,1.0,1.0,2.0
1.2785602639941818,0.784948463815238,1.2703082655375484,-0.34093324624457255,1.0,0.0,0.0,0.0,1.0,1.0,1.0,0.0,1.0
-0.6573857093257937,0.08137249952854145,0.31613411726100804,1.5254488873881298,0.0,1.0,1.0,0.0,0.0,9.0,0.0,1.0,1.0
-0.94777760532379,-0.30145559868627875,0.4143509670185837,-1.5842070161702584,0.0,1.0,1.0,0.0,0.0,7.0,1.0,1.0,1.0
0.020195381336197752,-0.7360172236868854,0.8463825806396159,-0.24029533758570398,1.0,0.0,1.0,0.0,0.0,9.0,1.0,0.0,1.0
-0.6573857093257937,-0.5497765272580539,0.7752659765509562,1.7227682899337335,0.0,1.0,0.0,1.0,0.0,9.0,1.0,0.0,2.0
1.4721548613261792,0.6504412941721931,0.8102244318321676,0.22472604060013923,0.0,1.0,1.0,0.0,0.0,7.0,1.0,0.0,1.0
-1.4317640986537838,0.029638972742754933,1.1151464024572237,0.5256266572013976,1.0,0.0,1.0,0.0,0.0,8.0,1.0,1.0,1.0
-0.36699381332779735,-2.2155960897603797,0.821317296829019,1.0658994131361699,0.0,1.0,0.0,1.0,0.0,6.0,1.0,1.0,2.0
0.2137899786681953,-0.37388253618637984,0.5353373986909785,1.6811156478510594,1.0,0.0,0.0,0.0,1.0,9.0,1.0,0.0,1.0
0.9881683679961855,-0.2704154826148068,0.08206801068715297,-1.3888487734971946,1.0,0.0,0.0,0.0,1.0,2.0,1.0,1.0,1.0
-1.1413722026557875,-2.401836786189211,0.7373577187497865,0.606436046222946,1.0,0.0,0.0,0.0,1.0,2.0,0.0,1.0,1.0
1.665749458658177,0.4538538923862043,-1.2170740485175422,-0.264652755332086,1.0,0.0,0.0,0.0,1.0,4.0,1.0,0.0,2.0
-0.36699381332779735,-0.042787964757346184,1.8759260319511646,-1.0387399872361933,0.0,1.0,0.0,1.0,0.0,3.0,1.0,1.0,1.0
-0.36699381332779735,-1.5016734201165258,0.5519543516331071,-1.2792586588315409,0.0,1.0,0.0,0.0,1.0,6.0,1.0,0.0,2.0
-0.6573857093257937,0.8780688120296537,-1.2170740485175422,-0.36140852767061915,0.0,1.0,0.0,0.0,1.0,7.0,0.0,1.0,1.0
-0.8509803066577912,-2.06039550940302,0.5983946921890064,-0.01463566148019518,0.0,1.0,1.0,0.0,0.0,7.0,1.0,1.0,1.0
-1.2381695013217864,-1.098151911187391,-1.2170740485175422,0.9870082172949031,0.0,1.0,1.0,0.0,0.0,7.0,0.0,1.0,2.0
0.7945737706641879,1.2505502048873165,1.2319373629596795,-1.4296760028075428,0.0,1.0,1.0,0.0,0.0,9.0,0.0,1.0,1.0
-0.6573857093257937,0.9918825709583841,-0.1320765603613158,-0.3911938389333083,1.0,0.0,0.0,1.0,0.0,5.0,0.0,1.0,2.0
-0.4637911119937961,0.3607335441717886,0.7757950119783773,0.8338658804677984,1.0,0.0,1.0,0.0,0.0,3.0,1.0,0.0,2.0
0.11699268000219652,2.057593222745586,-1.2170740485175422,-1.1276502503134704,1.0,0.0,1.0,0.0,0.0,5.0,1.0,0.0,2.0
-0.1733992159957998,-0.053134670114503485,0.3351274696937383,1.1058006841352244,1.0,0.0,1.0,0.0,0.0,7.0,0.0,0.0,1.0
0.11699268000219652,-0.7567106344012,-1.2170740485175422,0.04131479977966789,1.0,0.0,1.0,0.0,0.0,7.0,0.0,0.0,2.0
-0.6573857093257937,0.443507187029047,0.26114658324537204,-0.6940230859680279,0.0,1.0,1.0,0.0,0.0,0.0,1.0,1.0,1.0
-0.5605884106597949,-1.201618964758964,0.9215781105670452,0.18162714313514366,0.0,1.0,1.0,0.0,0.0,2.0,1.0,1.0,1.0
-0.1733992159957998,-0.6325501701153124,-1.2170740485175422,0.585830820994807,0.0,1.0,0.0,0.0,1.0,1.0,0.0,0.0,2.0
-0.07660191732980101,1.923086053102541,-1.2170740485175422,-0.9300198176231003,1.0,0.0,1.0,0.0,0.0,2.0,1.0,1.0,2.0
-0.94777760532379,1.674765124530766,0.48785393723306236,1.5328530747940876,1.0,0.0,0.0,1.0,0.0,5.0,0.0,0.0,1.0
0.11699268000219652,-0.49804300047226746,1.1764780212930306,0.09035545152587034,1.0,0.0,0.0,1.0,0.0,8.0,0.0,0.0,1.0
0.2137899786681953,-0.2704154826148068,0.3528825480768099,-0.7433048382626904,0.0,1.0,1.0,0.0,0.0,6.0,1.0,0.0,2.0
-0.4637911119937961,-1.0567650897587617,-1.2170740485175422,0.6889435763368955,1.0,0.0,1.0,0.0,0.0,4.0,0.0,0.0,2.0
-0.94777760532379,-1.2636991969019078,0.9652879145777669,0.225359407913951,0.0,1.0,0.0,1.0,0.0,4.0,0.0,0.0,1.0
-1.7221559946517802,-0.3221490094005933,-1.2170740485175422,0.9571674146361397,0.0,1.0,0.0,0.0,1.0,9.0,0.0,0.0,2.0
-0.4637911119937961,0.3503868388146313,0.12141741179030749,-1.568987239628828,0.0,1.0,0.0,0.0,1.0,6.0,0.0,0.0,1.0
-0.6573857093257937,1.1574298566729009,0.3125435565478864,-0.32266057314796476,1.0,0.0,0.0,0.0,1.0,10.0,0.0,1.0,1.0
-1.334966799987785,0.2779599013145302,0.020205266645572248,0.5504438359503625,1.0,0.0,0.0,1.0,0.0,10.0,0.0,1.0,2.0
1.665749458658177,1.4781777227447772,0.3414377965559156,-0.48849704520113735,0.0,1.0,1.0,0.0,0.0,9.0,1.0,1.0,1.0
0.6009791733321904,0.8470286959581818,0.6145260127925634,-1.6810932541735428,0.0,1.0,0.0,1.0,0.0,2.0,1.0,0.0,2.0
-0.36699381332779735,-1.5741003576166268,-1.2170740485175422,-1.5505609649562533,0.0,1.0,1.0,0.0,0.0,10.0,1.0,0.0,2.0
1.8593440559901744,0.2883066066716875,0.8060006682783857,-0.2235402411014817,0.0,1.0,0.0,1.0,0.0,8.0,1.0,1.0,2.0
-0.5605884106597949,0.46420059774336164,1.4054252961697182,-1.614701016923876,0.0,1.0,1.0,0.0,0.0,2.0,1.0,1.0,1.0
-0.07660191732980101,-0.3945759469006945,-0.1382396382257665,-0.37038421749705935,0.0,1.0,0.0,1.0,0.0,9.0,1.0,0.0,1.0
-0.07660191732980101,-0.1979885451147057,0.7215845540053288,-0.12249562747702877,0.0,1.0,0.0,0.0,1.0,1.0,1.0,0.0,1.0
-0.94777760532379,2.057593222745586,1.2688042681328222,1.116452422868168,0.0,1.0,0.0,1.0,0.0,1.0,1.0,1.0,1.0
0.9881683679961855,-0.2704154826148068,0.8486679943958144,0.4688751367599623,1.0,0.0,0.0,1.0,0.0,4.0,1.0,0.0,1.0
-1.4317640986537838,-0.9429513308300315,0.6490067125920684,-0.17611110124628554,0.0,1.0,1.0,0.0,0.0,1.0,1.0,0.0,1.0
-0.36699381332779735,-0.1979885451147057,1.2032273449509892,-0.6112069610683869,1.0,0.0,0.0,1.0,0.0,2.0,0.0,0.0,2.0
-0.4637911119937961,0.09171920488569875,0.49472223491522743,1.4334518066828403,0.0,1.0,1.0,0.0,0.0,8.0,0.0,1.0,2.0
-0.8509803066577912,-1.2947393129733797,-1.2170740485175422,-1.1064826310931446,0.0,1.0,0.0,0.0,1.0,8.0,1.0,0.0,1.0
-0.1733992159957998,0.6194011781007212,0.6138920061909985,-0.34170682065943714,1.0,0.0,1.0,0.0,0.0,8.0,0.0,0.0,1.0
-1.7221559946517802,0.9815358656012267,1.465607697664099,1.6474327183424844,1.0,0.0,1.0,0.0,0.0,8.0,0.0,1.0,2.0
0.7945737706641879,-0.48769629511511015,-0.21888804288232339,-1.5751657456030033,1.0,0.0,1.0,0.0,0.0,8.0,0.0,0.0,3.0
-0.27019651466179856,0.4538538923862043,0.6156213781533805,0.3176784778798467,0.0,1.0,1.0,0.0,0.0,6.0,1.0,0.0,2.0
-0.94777760532379,1.2919370263159458,-1.2170740485175422,0.7557058142117965,1.0,0.0,1.0,0.0,0.0,5.0,1.0,1.0,2.0
0.2137899786681953,-0.5187364111865821,0.7757893856520451,1.2691056004295653,0.0,1.0,1.0,0.0,0.0,1.0,0.0,1.0,1.0
-1.0445749039897887,2.057593222745586,1.1616111773446234,-0.6810302713467896,0.0,1.0,0.0,1.0,0.0,4.0,1.0,0.0,1.0
0.11699268000219652,-0.7153238129725709,0.553618136705672,1.5986211643035848,1.0,0.0,0.0,1.0,0.0,3.0,1.0,1.0,1.0
0.020195381336197752,0.16414614238579986,-1.2170740485175422,-1.0287209200001832,1.0,0.0,0.0,0.0,1.0,2.0,1.0,0.0,2.0
0.11699268000219652,-0.7153238129725709,-1.2170740485175422,-0.6767556943068828,1.0,0.0,1.0,0.0,0.0,9.0,1.0,1.0,3.0
-0.1733992159957998,0.10206591024285605,0.5497219860966136,0.2640447389175247,0.0,1.0,0.0,1.0,0.0,7.0,1.0,0.0,2.0
-0.4637911119937961,1.1056963298871143,1.2607512268772465,-0.6806794056857188,1.0,0.0,1.0,0.0,0.0,1.0,1.0,1.0,1.0
1.568952159992178,-0.6118567594009978,0.16290996096954255,0.505506242383474,0.0,1.0,0.0,0.0,1.0,8.0,1.0,1.0,2.0
0.2137899786681953,-2.432876902260683,0.7471513846204091,-0.027086086844507834,1.0,0.0,0.0,1.0,0.0,10.0,1.0,0.0,2.0
0.11699268000219652,-1.1084986165445483,-1.2170740485175422,-0.6658531135891778,0.0,1.0,1.0,0.0,0.0,8.0,1.0,0.0,2.0
0.11699268000219652,0.029638972742754933,0.48181335253047597,1.2830584683891524,0.0,1.0,0.0,0.0,1.0,5.0,1.0,0.0,1.0
-0.36699381332779735,0.5366275352434627,1.0445657461397644,1.182046210249558,0.0,1.0,0.0,1.0,0.0,5.0,1.0,0.0,2.0
-0.5605884106597949,-0.860177687972773,-1.2170740485175422,0.7582998195354888,0.0,1.0,1.0,0.0,0.0,7.0,1.0,0.0,2.0
0.11699268000219652,1.1160430352442716,-1.2170740485175422,0.43065669888197794,0.0,1.0,1.0,0.0,0.0,4.0,1.0,0.0,2.0
-0.27019651466179856,0.8470286959581818,-1.2170740485175422,0.16123553368875745,0.0,1.0,1.0,0.0,0.0,5.0,1.0,1.0,2.0
-0.07660191732980101,1.705805240602238,0.8868304013950251,-0.4862528618131976,1.0,0.0,0.0,1.0,0.0,5.0,1.0,0.0,3.0
0.11699268000219652,0.8366819906010244,-1.2170740485175422,0.945100036463536,1.0,0.0,1.0,0.0,0.0,10.0,1.0,0.0,2.0
0.11699268000219652,-0.10486819690028999,-1.2170740485175422,0.9009083585905852,1.0,0.0,1.0,0.0,0.0,9.0,0.0,0.0,1.0
0.31058727733419406,-0.1566017236860765,-1.2170740485175422,-0.7721464478836796,0.0,1.0,1.0,0.0,0.0,2.0,1.0,1.0,2.0
-1.7221559946517802,-0.34284242011490795,0.803304211195564,-0.7322897091648601,1.0,0.0,1.0,0.0,0.0,2.0,0.0,0.0,1.0
-0.36699381332779735,1.3436705531017323,0.08165471682999714,0.2882563830278247,0.0,1.0,0.0,0.0,1.0,4.0,1.0,0.0,1.0
-0.36699381332779735,-0.053134670114503485,0.1336760516032208,1.1202129651889552,0.0,1.0,1.0,0.0,0.0,6.0,0.0,1.0,1.0
0.40738457600019284,0.8573754013153391,0.5159256083313027,1.4376792421292168,0.0,1.0,1.0,0.0,0.0,7.0,0.0,0.0,1.0
2.2465332506541693,-0.08417478618597539,-1.2170740485175422,0.9743546134020178,0.0,1.0,1.0,0.0,0.0,9.0,0.0,0.0,2.0
0.020195381336197752,0.09171920488569875,0.9552503876486824,1.2842050006509855,1.0,0.0,0.0,1.0,0.0,5.0,1.0,0.0,1.0
0.6977764719981892,0.34004013345747397,-1.2170740485175422,-1.1042913297879842,0.0,1.0,1.0,0.0,0.0,0.0,1.0,1.0,2.0
-0.36699381332779735,0.3503868388146313,-1.2170740485175422,1.168539882771859,0.0,1.0,1.0,0.0,0.0,9.0,1.0,0.0,1.0
1.8593440559901744,0.3917736602432605,-1.2170740485175422,-0.8699421185473892,1.0,0.0,1.0,0.0,0.0,5.0,0.0,1.0,2.0
-0.4637911119937961,-1.02572497368729,-1.2170740485175422,-1.7135757256121875,1.0,0.0,1.0,0.0,0.0,5.0,1.0,1.0,2.0
-0.27019651466179856,-1.5016734201165258,-1.2170740485175422,1.120172259901553,0.0,1.0,1.0,0.0,0.0,5.0,1.0,0.0,2.0
0.7945737706641879,0.5883610620292492,0.817873663609262,0.571811502523307,1.0,0.0,1.0,0.0,0.0,0.0,0.0,1.0,2.0
1.7625467573241755,-1.067111795115919,0.0073053863829525304,0.5858576099446361,0.0,1.0,1.0,0.0,0.0,6.0,1.0,1.0,1.0
-0.07660191732980101,1.540257954887721,-1.2170740485175422,-0.36729218124245694,0.0,1.0,0.0,0.0,1.0,9.0,1.0,0.0,1.0
-0.1733992159957998,-0.1255616076146046,0.3612985677569124,1.2790550859777086,0.0,1.0,1.0,0.0,0.0,5.0,0.0,1.0,1.0
-0.7541830079917924,0.443507187029047,1.0654344335151558,-1.2827709684808617,0.0,1.0,0.0,1.0,0.0,4.0,1.0,0.0,2.0
-0.1733992159957998,-0.07382808082881809,-1.2170740485175422,-1.3723215570407374,1.0,0.0,1.0,0.0,0.0,8.0,1.0,0.0,2.0
-0.07660191732980101,0.7642550531009233,-1.2170740485175422,1.0235220777743583,0.0,1.0,1.0,0.0,0.0,6.0,1.0,1.0,2.0
-0.4637911119937961,-0.2393753665433349,1.334729059034175,0.45808840955255614,0.0,1.0,1.0,0.0,0.0,4.0,1.0,1.0,2.0
0.2137899786681953,-0.34284242011490795,0.6356211999908769,0.6362733697973157,0.0,1.0,0.0,0.0,1.0,4.0,0.0,0.0,1.0
-0.1733992159957998,0.8056418745295526,-1.2170740485175422,0.0174623711329827,0.0,1.0,0.0,0.0,1.0,10.0,1.0,0.0,2.0
-0.6573857093257937,-0.20833525047186302,1.1429446340957117,1.4113183936349165,1.0,0.0,0.0,1.0,0.0,2.0,1.0,1.0,2.0
-0.27019651466179856,0.25726649060021556,-1.2170740485175422,-1.6818830063308368,1.0,0.0,0.0,0.0,1.0,4.0,1.0,1.0,2.0
-0.36699381332779735,-0.22902866118617762,1.5506020375319398,1.0423106990865019,0.0,1.0,1.0,0.0,0.0,1.0,1.0,1.0,1.0
0.020195381336197752,0.5159341245291481,1.0372659896039995,0.81398917551163,0.0,1.0,1.0,0.0,0.0,9.0,0.0,1.0,1.0
-0.5605884106597949,1.2298567941730019,-1.2170740485175422,-1.283402074389818,1.0,0.0,1.0,0.0,0.0,4.0,1.0,0.0,1.0
1.181762965328183,1.2608969102444738,-1.2170740485175422,0.4127783800013582,0.0,1.0,0.0,0.0,1.0,4.0,0.0,0.0,2.0
-0.36699381332779735,0.6814814102436649,-1.2170740485175422,1.177920016159028,0.0,1.0,1.0,0.0,0.0,4.0,1.0,1.0,1.0
-1.6253586959857813,-1.0464183844016044,1.2645747175005269,-0.8373664076470025,0.0,1.0,1.0,0.0,0.0,6.0,1.0,1.0,1.0
-1.2381695013217864,-0.053134670114503485,1.031015784057488,1.127877040199097,0.0,1.0,1.0,0.0,0.0,4.0,1.0,0.0,1.0
-0.4637911119937961,0.16414614238579986,-1.2170740485175422,0.053054970065075466,0.0,1.0,1.0,0.0,0.0,5.0,1.0,1.0,2.0
0.5041818746661916,0.6918281156008222,0.9348546331895701,0.6817361311533824,1.0,0.0,1.0,0.0,0.0,1.0,0.0,1.0,1.0
0.6009791733321904,-1.4499398933307392,-0.11792667113982978,1.623019983154248,0.0,1.0,1.0,0.0,0.0,5.0,1.0,0.0,1.0
-0.6573857093257937,-0.45665617904363826,-1.2170740485175422,1.6734973228006904,1.0,0.0,1.0,0.0,0.0,6.0,0.0,0.0,2.0
-1.0445749039897887,-0.9739914469015034,1.1370651230784112,1.4692007904584143,1.0,0.0,1.0,0.0,0.0,7.0,1.0,0.0,2.0
-0.7541830079917924,-1.439593187973582,-1.2170740485175422,1.1933880253719251,0.0,1.0,0.0,0.0,1.0,6.0,1.0,0.0,2.0
0.11699268000219652,1.3747106691732043,-1.2170740485175422,0.15712603920331583,1.0,0.0,0.0,0.0,1.0,8.0,1.0,0.0,2.0
-1.334966799987785,-0.18764183975754842,-1.2170740485175422,0.01287763371940742,0.0,1.0,1.0,0.0,0.0,1.0,1.0,0.0,1.0
-1.2381695013217864,0.12275932095717065,1.0569605430499207,-1.7294266080625746,0.0,1.0,1.0,0.0,0.0,5.0,1.0,0.0,1.0
-0.94777760532379,1.0436160977441706,0.8649076619693143,0.053434712126611196,0.0,1.0,0.0,1.0,0.0,4.0,1.0,1.0,1.0
-1.0445749039897887,0.24691978524305827,-1.2170740485175422,0.595832144900411,0.0,1.0,1.0,0.0,0.0,9.0,1.0,0.0,1.0
0.6977764719981892,0.3193467227431594,0.8410316227931941,-0.6478636379621899,0.0,1.0,0.0,0.0,1.0,7.0,1.0,1.0,1.0
-0.1733992159957998,-1.1395387326160202,2.195920287811849,0.8516076452859789,0.0,1.0,1.0,0.0,0.0,9.0,0.0,1.0,1.0
0.8913710693301867,-0.7670573397583573,1.6740902553960577,1.6303272780598506,0.0,1.0,0.0,0.0,1.0,6.0,1.0,0.0,1.0
-1.334966799987785,0.6918281156008222,-1.2170740485175422,-1.2086090660097142,1.0,0.0,1.0,0.0,0.0,7.0,1.0,0.0,2.0
-1.4317640986537838,0.3710802495289459,0.5591615149126603,1.0220979145779348,1.0,0.0,1.0,0.0,0.0,3.0,1.0,0.0,1.0
-0.8509803066577912,-0.37388253618637984,-1.2170740485175422,0.9826351821666637,0.0,1.0,1.0,0.0,0.0,7.0,1.0,1.0,2.0
-1.2381695013217864,0.2779599013145302,0.5693334306649971,-0.6769849659684055,0.0,1.0,1.0,0.0,0.0,5.0,1.0,0.0,1.0
0.40738457600019284,-0.311802304043436,-1.2170740485175422,-0.9094368585350792,1.0,0.0,1.0,0.0,0.0,5.0,1.0,1.0,1.0
0.8913710693301867,0.54697424060062,1.4835240104846377,1.280994675527009,0.0,1.0,0.0,0.0,1.0,8.0,1.0,1.0,1.0
0.11699268000219652,-1.201618964758964,-1.2170740485175422,-1.2554088394981506,1.0,0.0,1.0,0.0,0.0,8.0,1.0,1.0,1.0
0.8913710693301867,-1.0464183844016044,-1.2170740485175422,1.6005804106797081,1.0,0.0,1.0,0.0,0.0,6.0,1.0,1.0,2.0
-0.27019651466179856,0.14345273167148526,-1.2170740485175422,0.37655728447360437,0.0,1.0,1.0,0.0,0.0,1.0,0.0,1.0,2.0
-0.5605884106597949,-0.18764183975754842,0.998853130706909,-0.02625945639264443,0.0,1.0,0.0,0.0,1.0,4.0,1.0,0.0,2.0
0.40738457600019284,-0.1359083129717619,1.1276730161557376,0.7463474251020865,1.0,0.0,1.0,0.0,0.0,3.0,1.0,1.0,1.0
2.3433305493201684,0.09171920488569875,0.9987586084245256,-0.9927289221797323,0.0,1.0,1.0,0.0,0.0,8.0,1.0,1.0,1.0
-0.8509803066577912,0.8263352852438672,-1.2170740485175422,1.4737921381323371,0.0,1.0,1.0,0.0,0.0,7.0,1.0,1.0,2.0
-1.4317640986537838,-1.2326590808304358,1.0777477290695836,-1.1416130336635788,0.0,1.0,0.0,1.0,0.0,8.0,0.0,0.0,1.0
-1.4317640986537838,1.1988166781015301,-1.2170740485175422,-0.5638350521514615,1.0,0.0,0.0,0.0,1.0,5.0,1.0,1.0,2.0
-0.6573857093257937,0.24691978524305827,-1.2170740485175422,-0.24279836485250983,0.0,1.0,1.0,0.0,0.0,1.0,1.0,0.0,3.0
-0.5605884106597949,-1.5120201254736831,0.49504550755106586,-0.9465355531010591,1.0,0.0,0.0,1.0,0.0,3.0,1.0,0.0,3.0
1.8593440559901744,-0.37388253618637984,-0.054686280907729194,-0.2465209851534095,0.0,1.0,0.0,1.0,0.0,3.0,1.0,1.0,1.0
-0.6573857093257937,-0.9015645094014022,1.031450297202526,-1.469573272859545,1.0,0.0,0.0,1.0,0.0,10.0,1.0,0.0,2.0
-0.5605884106597949,0.6918281156008222,-0.08311112454745993,-0.19597493359019824,1.0,0.0,0.0,1.0,0.0,4.0,0.0,0.0,1.0
1.7625467573241755,-0.9739914469015034,0.712645446728499,0.5655609795021889,0.0,1.0,0.0,1.0,0.0,1.0,1.0,0.0,1.0
0.40738457600019284,0.14345273167148526,0.6528318107371583,-1.117109146464236,1.0,0.0,0.0,1.0,0.0,2.0,1.0,0.0,4.0
-1.6253586959857813,0.443507187029047,-1.2170740485175422,-1.536589309940942,1.0,0.0,1.0,0.0,0.0,4.0,1.0,1.0,2.0
0.40738457600019284,-0.30145559868627875,-1.2170740485175422,0.013211451866950755,0.0,1.0,1.0,0.0,0.0,8.0,1.0,0.0,2.0
-0.07660191732980101,-0.6118567594009978,-1.2170740485175422,-1.122347951743764,1.0,0.0,1.0,0.0,0.0,4.0,1.0,0.0,2.0
-0.94777760532379,-1.3154327236876944,1.1023805895134946,-1.1793294396636005,0.0,1.0,0.0,1.0,0.0,9.0,1.0,0.0,2.0
0.31058727733419406,-2.1845559736889077,-1.2170740485175422,-0.8703279490066134,0.0,1.0,1.0,0.0,0.0,2.0,1.0,0.0,2.0
-0.07660191732980101,1.1884699727443728,0.887714377637927,-1.7016680374132396,1.0,0.0,0.0,1.0,0.0,7.0,0.0,1.0,1.0
-0.07660191732980101,1.022922687029856,-1.2170740485175422,-0.9061919165213884,1.0,0.0,1.0,0.0,0.0,1.0,1.0,0.0,2.0
-1.2381695013217864,1.2505502048873165,1.2327973871276237,-0.355644032739254,0.0,1.0,0.0,1.0,0.0,7.0,1.0,0.0,2.0
-0.1733992159957998,-2.132822446903121,-1.2170740485175422,1.3943074104935624,0.0,1.0,1.0,0.0,0.0,3.0,1.0,1.0,2.0
-0.1733992159957998,0.6194011781007212,-1.2170740485175422,-0.2762363668197919,0.0,1.0,0.0,0.0,1.0,2.0,1.0,0.0,2.0
0.020195381336197752,-1.1705788486874922,0.5199352499800938,-1.2633848144241577,0.0,1.0,0.0,1.0,0.0,7.0,1.0,0.0,2.0
-0.4637911119937961,1.5712980709591928,1.0805433702480354,0.2611203945306825,0.0,1.0,0.0,1.0,0.0,4.0,1.0,1.0,2.0
-0.1733992159957998,-0.38422924154353716,-1.2170740485175422,-0.6581660766220396,1.0,0.0,0.0,0.0,1.0,9.0,1.0,1.0,2.0
0.020195381336197752,0.8987622227439683,-1.2170740485175422,0.25276050264186767,0.0,1.0,1.0,0.0,0.0,5.0,1.0,1.0,2.0
-0.27019651466179856,-0.10486819690028999,-1.2170740485175422,0.0376210558792332,1.0,0.0,0.0,0.0,1.0,1.0,1.0,0.0,2.0
1.568952159992178,0.3917736602432605,-1.2170740485175422,-0.7204564733719302,1.0,0.0,0.0,0.0,1.0,4.0,1.0,1.0,2.0
-1.2381695013217864,-0.2186819558290203,-1.2170740485175422,-1.6212890111311504,0.0,1.0,0.0,0.0,1.0,7.0,1.0,1.0,2.0
2.1497359519881707,-0.46700288440079557,0.5217194384361706,-1.5867317877145228,0.0,1.0,1.0,0.0,0.0,5.0,0.0,1.0,2.0
-1.0445749039897887,-0.9429513308300315,-1.2170740485175422,0.3656870592407577,1.0,0.0,0.0,0.0,1.0,1.0,1.0,1.0,2.0
-0.1733992159957998,0.8263352852438672,0.8555424006608545,1.4064864672751922,1.0,0.0,0.0,0.0,1.0,1.0,1.0,1.0,1.0
-0.4637911119937961,-2.0810889201173346,-1.2170740485175422,1.3154807516677918,1.0,0.0,0.0,0.0,1.0,2.0,1.0,0.0,2.0
1.0849656666621843,-0.1979885451147057,-1.2170740485175422,-0.7291432252395016,0.0,1.0,1.0,0.0,0.0,2.0,0.0,0.0,2.0
-0.4637911119937961,-0.29110889332912143,-1.2170740485175422,-1.315154459968515,1.0,0.0,1.0,0.0,0.0,9.0,1.0,0.0,1.0
-1.2381695013217864,-0.8084441611869866,0.16974996626786484,-0.1684118874837705,0.0,1.0,1.0,0.0,0.0,8.0,1.0,1.0,2.0
0.7945737706641879,-0.8705243933299304,-1.2170740485175422,0.19207570333951454,1.0,0.0,1.0,0.0,0.0,2.0,0.0,0.0,1.0
-0.94777760532379,-0.7463639290440427,-0.04045617634796219,0.5105625696865698,1.0,0.0,1.0,0.0,0.0,10.0,1.0,1.0,2.0
-1.0445749039897887,1.9955129906026423,-1.2170740485175422,0.4080910095981785,1.0,0.0,1.0,0.0,0.0,4.0,0.0,1.0,2.0
-0.07660191732980101,-1.098151911187391,0.2022572722943452,-1.314324002523819,0.0,1.0,1.0,0.0,0.0,1.0,1.0,1.0,2.0
-0.8509803066577912,1.1677765620300582,-1.2170740485175422,0.09214300508718101,0.0,1.0,1.0,0.0,0.0,5.0,0.0,1.0,2.0
0.5041818746661916,-0.042787964757346184,-1.2170740485175422,1.2932892379104988,1.0,0.0,0.0,0.0,1.0,5.0,1.0,1.0,3.0
-0.6573857093257937,-0.1359083129717619,-1.2170740485175422,1.0484446727804422,1.0,0.0,1.0,0.0,0.0,0.0,1.0,0.0,2.0
0.31058727733419406,0.5366275352434627,-0.2006862341884636,0.6515912565186394,0.0,1.0,0.0,1.0,0.0,9.0,0.0,1.0,1.0
3.2145062373141573,-0.5601232326152112,0.7919776125276491,-1.6128031763872956,1.0,0.0,0.0,1.0,0.0,6.0,1.0,1.0,2.0
-0.94777760532379,0.4848940084576762,0.31276507305319984,0.919600957173472,0.0,1.0,1.0,0.0,0.0,5.0,1.0,1.0,1.0
-0.07660191732980101,-2.0086619826172334,1.4272509412781509,1.1040627075265192,1.0,0.0,1.0,0.0,0.0,7.0,1.0,1.0,1.0
0.5041818746661916,-0.1979885451147057,0.5152678104069611,1.4926842622051835,0.0,1.0,1.0,0.0,0.0,3.0,1.0,0.0,1.0
1.568952159992178,-1.2533524915447505,0.7265006772023508,0.41083096251217266,1.0,0.0,1.0,0.0,0.0,4.0,0.0,1.0,1.0
-1.9157505919837776,0.46420059774336164,0.5661259423990177,-1.6889573765363033,0.0,1.0,1.0,0.0,0.0,1.0,1.0,1.0,1.0
-0.27019651466179856,-0.09452149154313269,-1.2170740485175422,-0.03340097292690323,1.0,0.0,0.0,0.0,1.0,6.0,1.0,1.0,2.0
-1.0445749039897887,2.057593222745586,-1.2170740485175422,-1.5212241076718689,0.0,1.0,1.0,0.0,0.0,4.0,1.0,1.0,2.0
1.0849656666621843,-0.2393753665433349,0.7477630466688255,-1.4897599642351618,0.0,1.0,0.0,1.0,0.0,4.0,0.0,1.0,1.0
1.181762965328183,-0.9946848576158179,-1.2170740485175422,1.5527884023222842,0.0,1.0,1.0,0.0,0.0,5.0,1.0,0.0,3.0
0.31058727733419406,-0.0014011433287169732,0.6580480582559658,-0.9589555364769298,1.0,0.0,0.0,1.0,0.0,1.0,1.0,0.0,1.0
-0.07660191732980101,0.8056418745295526,-1.2170740485175422,1.563299238137296,1.0,0.0,0.0,0.0,1.0,10.0,1.0,0.0,2.0
0.11699268000219652,-0.03244125940018888,1.033032902423724,-1.7254698453820014,1.0,0.0,0.0,1.0,0.0,5.0,1.0,1.0,1.0
1.4721548613261792,-0.8808710986870877,0.6896815154269424,1.2653939392445048,0.0,1.0,0.0,1.0,0.0,4.0,1.0,1.0,2.0
-0.27019651466179856,0.2779599013145302,0.509077726176115,-0.2678636023187218,0.0,1.0,1.0,0.0,0.0,0.0,1.0,1.0,1.0
-0.6573857093257937,0.07102579417138415,1.122723295752902,-1.1893933870882851,1.0,0.0,0.0,0.0,1.0,5.0,1.0,1.0,1.0
0.8913710693301867,1.3436705531017323,-0.2991958136675021,-0.24726951016064178,1.0,0.0,1.0,0.0,0.0,0.0,1.0,0.0,1.0
-0.5605884106597949,0.14345273167148526,0.4111222594647222,1.0434090460294871,0.0,1.0,1.0,0.0,0.0,2.0,1.0,1.0,1.0
0.6009791733321904,-0.1152149022574473,-1.2170740485175422,-1.5473290695090376,0.0,1.0,1.0,0.0,0.0,1.0,1.0,1.0,1.0
-1.0445749039897887,-0.5187364111865821,-1.2170740485175422,-1.48197533895079,0.0,1.0,0.0,0.0,1.0,6.0,1.0,0.0,2.0
1.568952159992178,-0.49804300047226746,0.8361050507044119,0.6890399469745914,1.0,0.0,0.0,1.0,0.0,7.0,1.0,0.0,2.0
0.8913710693301867,-1.0774585004730763,1.6665104685611223,-0.5322232215822562,1.0,0.0,1.0,0.0,0.0,1.0,0.0,1.0,2.0
1.7625467573241755,-0.2704154826148068,-1.2170740485175422,-0.27402175564919595,1.0,0.0,0.0,0.0,1.0,7.0,0.0,0.0,1.0
-0.36699381332779735,1.2919370263159458,0.49277118569535094,0.8466155070899404,0.0,1.0,0.0,0.0,1.0,8.0,1.0,1.0,1.0
0.40738457600019284,0.4021203656004178,1.459815957337583,0.3441840562849113,0.0,1.0,0.0,1.0,0.0,2.0,0.0,0.0,1.0
-0.6573857093257937,1.5092178388162492,0.6168607774683057,0.4509519376906679,0.0,1.0,1.0,0.0,0.0,10.0,0.0,1.0,1.0
0.9881683679961855,-0.24972207190049223,0.5686817413235308,0.8144807701364125,0.0,1.0,0.0,0.0,1.0,4.0,0.0,1.0,1.0
-1.1413722026557875,-0.24972207190049223,-0.2189171390270706,0.10486566880527431,0.0,1.0,1.0,0.0,0.0,1.0,1.0,1.0,1.0
0.9881683679961855,2.057593222745586,0.3687389824509864,0.33601325263287596,0.0,1.0,0.0,1.0,0.0,8.0,1.0,0.0,1.0
0.2137899786681953,-0.5497765272580539,-1.2170740485175422,1.080181576433589,0.0,1.0,0.0,0.0,1.0,8.0,1.0,1.0,2.0
0.11699268000219652,-0.33249571475775064,0.44838783004655697,0.7147493369162347,0.0,1.0,0.0,1.0,0.0,9.0,0.0,0.0,2.0
-0.5605884106597949,-1.129192027258863,1.0796127758726652,-0.3848011953147211,0.0,1.0,0.0,1.0,0.0,8.0,0.0,0.0,2.0
0.6977764719981892,-0.34284242011490795,1.1976441002031317,0.36199470697408037,1.0,0.0,1.0,0.0,0.0,6.0,1.0,0.0,1.0
0.31058727733419406,1.5506046602448784,-1.2170740485175422,-0.07052732621381032,0.0,1.0,1.0,0.0,0.0,6.0,1.0,1.0,2.0
0.020195381336197752,0.11241261560001335,1.026416342656886,-0.6648960174725632,1.0,0.0,1.0,0.0,0.0,5.0,1.0,0.0,2.0
-0.94777760532379,-1.201618964758964,0.5892554484469262,1.4920413274092899,1.0,0.0,1.0,0.0,0.0,2.0,1.0,0.0,1.0
-0.27019651466179856,-1.1188453219017056,-1.2170740485175422,0.7193321608333939,0.0,1.0,1.0,0.0,0.0,4.0,1.0,1.0,2.0
0.8913710693301867,0.10206591024285605,0.7171048729795155,-0.059065134771432715,0.0,1.0,1.0,0.0,0.0,3.0,0.0,0.0,1.0
-1.0445749039897887,2.057593222745586,0.34878127768489214,1.321964199389046,0.0,1.0,0.0,0.0,1.0,9.0,1.0,1.0,1.0
0.8913710693301867,-0.4773495897579529,-1.2170740485175422,-1.040171456509843,1.0,0.0,0.0,0.0,1.0,6.0,1.0,1.0,2.0
-1.0445749039897887,-0.1566017236860765,0.6358382154351244,1.5963632385322917,1.0,0.0,0.0,1.0,0.0,2.0,0.0,0.0,1.0
0.11699268000219652,1.6540717138164513,0.41479994785990476,0.38106948297757803,0.0,1.0,1.0,0.0,0.0,1.0,1.0,1.0,1.0
-0.36699381332779735,0.8366819906010244,-1.2170740485175422,-0.15624118050468436,1.0,0.0,1.0,0.0,0.0,3.0,1.0,0.0,2.0
3.8920873279761485,-0.35318912547206527,-1.2170740485175422,1.0564324765933866,1.0,0.0,1.0,0.0,0.0,7.0,1.0,1.0,1.0
-1.334966799987785,-1.0567650897587617,-1.2170740485175422,1.5829677198925216,1.0,0.0,1.0,0.0,0.0,5.0,0.0,0.0,2.0
-0.7541830079917924,0.07102579417138415,-0.6292521915409524,0.06586408903034388,1.0,0.0,0.0,0.0,1.0,2.0,1.0,0.0,1.0
-1.0445749039897887,1.8403124102452828,0.9113735621219804,0.08750782094990181,0.0,1.0,0.0,1.0,0.0,3.0,1.0,0.0,3.0
1.7625467573241755,-0.5290831165437394,1.008636829942314,0.06418142986349337,0.0,1.0,0.0,1.0,0.0,9.0,1.0,1.0,2.0
1.9561413546561732,-1.305086018330537,-0.3276579518132071,-0.2873021165955458,1.0,0.0,1.0,0.0,0.0,6.0,1.0,0.0,1.0
-0.6573857093257937,-0.8084441611869866,0.7975018612251071,0.5284022707304235,1.0,0.0,1.0,0.0,0.0,9.0,1.0,1.0,2.0
-0.1733992159957998,-0.8394842772584584,-1.2170740485175422,1.5290542625449732,0.0,1.0,1.0,0.0,0.0,6.0,1.0,1.0,1.0
0.40738457600019284,1.1781232673872155,1.1775348061304263,1.2876122419516267,0.0,1.0,0.0,1.0,0.0,4.0,0.0,1.0,1.0
